model,region,a,b,y_index,y,n,fitted_ratio,theory_ratio,quadratic_ratio,ratio_error_pct,c0_error_pct
boson,large,00,3s_s,0,0.4,18485,1.2410954615142757,1.2396579633891205,1.234727785104341,0.11595925389171757,1.1121275609660808
boson,large,00,3s_s,1,0.40512820512820513,18485,1.2271764655162067,1.225821061129523,1.221652278815581,0.11057114530523826,1.1066858399181312
boson,large,00,3s_s,2,0.41025641025641024,18485,1.213457978539476,1.2121836334753848,1.2086890086323039,0.10512805394322644,1.1011885890080508
boson,large,00,3s_s,3,0.4153846153846154,18485,1.1999335294928095,1.1987392342240675,1.1958379745545094,0.09962928005065042,1.0956351015181554
boson,large,00,3s_s,4,0.4205128205128205,18485,1.1865969083111214,1.185481677460189,1.183099176582198,0.0940740689743702,1.0900246152864002
boson,large,00,3s_s,5,0.4256410256410256,18485,1.1734421517012523,1.1724050233228327,1.1704726147153697,0.0884616116263448,1.084356313174184
boson,large,00,3s_s,6,0.4307692307692308,18485,1.1604635297998438,1.1595035646845333,1.157958288954024,0.08279104476678345,1.0786293233524091
boson,large,00,3s_s,7,0.4358974358974359,18485,1.147655533673726,1.1467718146721726,1.1455561992981613,0.07706145113148821,1.0728427194299117
boson,large,00,3s_s,8,0.441025641025641,18485,1.1350128635990355,1.1342044949661414,1.1332663457477818,0.07127185939412861,1.0669955204154924
boson,large,00,3s_s,9,0.4461538461538462,18485,1.12253041806079,1.1217965248193942,1.1210887283028848,0.06542124397417304,1.0610866905240268
boson,large,00,3s_s,10,0.4512820512820513,18485,1.1102032834195632,1.1095430107430442,1.109023346963471,0.05950852469223111,1.0551151388281443
boson,large,00,3s_s,11,0.4564102564102564,18485,1.0980267241962391,1.09743923680939,1.0970702017295402,0.05353256628195524,1.0490797187654222
boson,large,00,3s_s,12,0.46153846153846156,18485,1.0859961739299477,1.085480655527588,1.085229292601092,0.047492177749508535,1.0429792274915028
boson,large,00,3s_s,13,0.4666666666666667,18485,1.0741072265678453,1.0736628792504999,1.073500619578127,0.04138611159358874,1.0368124050921912
boson,large,00,3s_s,14,0.4717948717948718,18485,1.0623556283487157,1.0619816720747934,1.0618841826606449,0.035213062876282564,1.0305779336453158
boson,large,00,3s_s,15,0.47692307692307695,18485,1.0507372701454007,1.0504329421992165,1.0503799818486454,0.028971668153054964,1.0242744361398604
boson,large,00,3s_s,16,0.48205128205128206,18485,1.0392481802337667,1.039012734708796,1.038988017142129,0.02266050425614452,1.0179004752473464
boson,large,00,3s_s,17,0.48717948717948717,18485,1.0278845174583673,1.0277172247551296,1.0277082885410957,0.016278086929744084,1.0114545519433804
boson,large,00,3s_s,18,0.49230769230769234,18485,1.0166425647672677,1.0165427111052032,1.0165407960455453,0.009822869317099858,1.004935103979765
boson,large,00,3s_s,19,0.49743589743589745,18485,1.0055187230905351,1.0054856100333236,1.0054855396554778,0.0032932402891816537,0.9983405041964932
boson,large,00,3s_s,20,0.5025641025641026,18485,0.9945095055387253,0.9945424495323443,0.9945425193708931,-0.0033124773743398173,0.9916690586846633
boson,large,00,3s_s,21,0.5076923076923077,18485,0.9836115318995917,0.9837098638225383,0.9837117351917913,-0.009996028967784731,0.9849190047840573
boson,large,00,3s_s,22,0.5128205128205128,18485,0.9728215234123143,0.9729845881375664,0.9729931871181725,-0.016759230026885952,0.9780885088940261
boson,large,00,3s_s,23,0.517948717948718,18485,0.9621362978008419,0.9623634537686278,0.9623868751500364,-0.02360396863537728,0.9711756641441971
boson,large,00,3s_s,24,0.5230769230769231,18485,0.9515527645482119,0.9518433833493329,0.9518927992873835,-0.03053220794564382,0.9641784878485105
boson,large,00,3s_s,25,0.5282051282051282,18485,0.9410679203956723,0.9414213863646101,0.9415109595302135,-0.03754598886931415,0.9570949187879263
boson,large,00,3s_s,26,0.5333333333333333,18485,0.9306788450512208,0.9310945548684765,0.9312413558785264,-0.0446474329682256,0.9499228142908267
boson,large,00,3s_s,27,0.5384615384615384,18485,0.920382697093093,0.9208600593962115,0.9210839883323222,-0.051838745556143095,0.9426599471002328
boson,large,00,3s_s,28,0.5435897435897435,18485,0.9101767100548037,0.9107151450574835,0.9110388568916009,-0.059122219016771727,0.9353040020228853
boson,large,00,3s_s,29,0.5487179487179488,18485,0.9000581886790858,0.90065712779779,0.9011059615563624,-0.06650023635171864,0.9278525723459552
boson,large,00,3s_s,30,0.5538461538461539,18485,0.8900245053287733,0.890683390816273,0.8912853023266069,-0.07397527497350342,0.9203031560063302
boson,large,00,3s_s,31,0.558974358974359,18485,0.8800730965434815,0.8807913811287321,0.8815768792023343,-0.08154991075527418,0.9126531515005532
boson,large,00,3s_s,32,0.5641025641025641,18485,0.8702014597314031,0.8709786062651546,0.8719806921835448,-0.08922682235376067,0.9048998535188257
boson,large,00,3s_s,33,0.5692307692307692,18485,0.8604071499862167,0.8612426310918111,0.8624967412702381,-0.09700879582972277,0.8970404482787409
boson,large,00,3s_s,34,0.5743589743589743,18485,0.8506877770195682,0.8515810747482351,0.8531250264624144,-0.10489872956969126,0.889072008554348
boson,large,00,3s_s,35,0.5794871794871795,18485,0.8410410021999598,0.8419916076900678,0.8438655477600733,-0.11289963954816962,0.8809914883618042
boson,large,00,3s_s,36,0.5846153846153846,18485,0.8314645356894338,0.8324719488290139,0.8347183051632154,-0.12101466493821267,0.8727957172927736
boson,large,00,3s_s,37,0.5897435897435898,18485,0.8219561336696309,0.8230198627615786,0.8256832986718404,-0.12924707410807423,0.8644813944583607
boson,large,00,3s_s,38,0.5948717948717949,18485,0.812513595649243,0.8136331570784554,0.8167605282859484,-0.13760027101555883,0.8560450820307874
boson,large,00,3s_s,39,0.6,18485,0.80313476184504,0.8043096797468481,0.8079499940055391,-0.14607780204484166,0.847483198338872
boson,large,00,ss,0,0.4,18485,1.2674907075010098,1.2667920743485626,1.2616747167894855,0.05514978871385967,2.410211303588272
boson,large,00,ss,1,0.40512820512820513,18485,1.252084499973994,1.2514258565995733,1.247098132242967,0.052631434051586545,2.4076336728151793
boson,large,00,ss,2,0.41025641025641024,18485,1.23689423135977,1.2362750606559756,1.2326466685938435,0.05008357148819087,2.40502583959481
boson,large,00,ss,3,0.4153846153846154,18485,1.2219132541601163,1.2213330518057874,1.2183203258421151,0.047505662232838475,2.4023872524544077
boson,large,00,ss,4,0.4205128205128205,18485,1.2071351828124353,1.2065934569475516,1.2041191039877817,0.04489713264765882,2.3997173242540804
boson,large,00,ss,5,0.4256410256410256,18485,1.1925538798039979,1.1920501507085448,1.1900430030308433,0.04225737441949651,2.3970154323623705
boson,large,00,ss,6,0.4307692307692308,18485,1.1781634426576695,1.1776972424349488,1.1760920229712999,0.0395857446143566,2.3942809187121883
boson,large,00,ss,7,0.4358974358974359,18485,1.1639581917239303,1.163529063988632,1.1622661638091514,0.036881565624780066,2.391513089746744
boson,large,00,ss,8,0.441025641025641,18485,1.149932658719525,1.1495401582908535,1.148565425544398,0.0341441250086616,2.3887112162547908
boson,large,00,ss,9,0.4461538461538462,18485,1.1360815759580782,1.1357252685581436,1.1349898081770395,0.03137267522337339,2.3858745330982645
boson,large,00,ss,10,0.4512820512820513,18485,1.1223998662225374,1.122079328180165,1.1215393117070762,0.028566433256749235,2.383002238834764
boson,large,00,ss,11,0.4564102564102564,18485,1.1088826332333868,1.1085974511933794,1.1082139361345078,0.02572458016212309,2.3800934952415753
boson,large,00,ss,12,0.46153846153846156,18485,1.0955251526703147,1.095274923308271,1.0950136814593343,0.02284626048845162,2.37714742673234
boson,large,00,ss,13,0.4666666666666667,18485,1.082322863708375,1.082107193451026,1.081938547681556,0.019930581614668874,2.3741631196757984
boson,large,00,ss,14,0.4717948717948718,18485,1.0692713610327642,1.069089865783775,1.0689885348011727,0.01697661298623032,2.371139621614371
boson,large,00,ss,15,0.47692307692307695,18485,1.0563663872991178,1.05621869217033,1.0561636428181844,0.013983385248028668,2.3680759403765794
boson,large,00,ss,16,0.48205128205128206,18485,1.0436038260087845,1.0434895650567324,1.043463871732591,0.010949889282874103,2.3649710430931004
boson,large,00,ss,17,0.48717948717948717,18485,1.030979694770838,1.0308985107384823,1.0308892215443928,0.00787507514175001,2.361823855101508
boson,large,00,ss,18,0.49230769230769234,18485,1.0184901389247254,1.0184416829881928,1.0184396922535892,0.004757850875702907,2.358633258750964
boson,large,00,ss,19,0.49743589743589745,18485,1.0061314254993585,1.006115357019612,1.006115283860181,0.0015970812526022726,2.355398092088712
boson,large,00,ss,20,0.5025641025641026,18485,0.9938999374862258,0.9939159237653508,0.9939159963641677,-0.001608413623599425,2.3521171474467195
boson,large,00,ss,21,0.5076923076923077,18485,0.981792168405733,0.9818398844477678,0.9818418297655495,-0.004859859819361656,2.348789169899801
boson,large,00,ss,22,0.5128205128205128,18485,0.9698047171474213,0.9698838454234681,0.9698927840643263,-0.008158531191138074,2.3454128556079423
boson,large,00,ss,23,0.517948717948718,18485,0.9579342830660932,0.9580445132834309,0.9580688592604977,-0.011505751122142804,2.3419868500386576
boson,large,00,ss,24,0.5230769230769231,18485,0.946177661317101,0.9463186901921866,0.9463700553540646,-0.014902894399870803,2.3385097460451476
boson,large,00,ss,25,0.5282051282051282,18485,0.9345317384151833,0.9347032694501626,0.9347963723450263,-0.01835138921468804,2.3349800818208477
boson,large,00,ss,26,0.5333333333333333,18485,0.9229934880022698,0.923195231264827,0.9233478102333831,-0.021852719308446122,2.3313963387001646
boson,large,00,ss,27,0.5384615384615384,18485,0.9115599668106439,0.9117916387168513,0.9120243690191349,-0.025408426264306172,2.3277569388146846
boson,large,00,ss,28,0.5435897435897435,18485,0.9002283108086916,0.9004896339086423,0.9008260487022816,-0.029020111960254003,2.3240602425820045
boson,large,00,ss,29,0.5487179487179488,18485,0.8889957315172964,0.8892864342831621,0.8897528492828232,-0.0326894411810108,2.3203045460323146
boson,large,00,ss,30,0.5538461538461539,18485,0.8778595124856426,0.8781793291018927,0.87880477076076,-0.03641814440987767,2.31648807795084
boson,large,00,ss,31,0.558974358974359,18485,0.8668170059158782,0.8671656760713267,0.8679818131360918,-0.0402080208049882,2.3126089968315
boson,large,00,ss,32,0.5641025641025641,18485,0.8558656294266801,0.8562428981080059,0.8572839764088187,-0.04406094137066052,2.3086653876309704
boson,large,00,ss,33,0.5692307692307692,18485,0.8450028629463396,0.8454084802327816,0.8467112605789405,-0.04797885234487653,2.3046552583014357
boson,large,00,ss,34,0.5743589743589743,18485,0.83422624572648,0.8346599665853021,0.8362636656464573,-0.05196377880641867,2.300576536098564
boson,large,00,ss,35,0.5794871794871795,18485,0.823533373467979,0.8239949575503419,0.8259411916113689,-0.05601782852351356,2.2964270636422146
boson,large,00,ss,36,0.5846153846153846,18485,0.8129218955511014,0.8134111069879462,0.8157438384736758,-0.06014319605941454,2.2922045947143532
boson,large,00,ss,37,0.5897435897435898,18485,0.802389512362195,0.8029061195597349,0.8056716062333776,-0.06434216715438534,2.2879067897737526
boson,large,00,ss,38,0.5948717948717949,18485,0.7919339727096778,0.7924777481440267,0.7957244948904746,-0.06861712339840675,2.283531211173462
boson,large,00,ss,39,0.6,18485,0.7815530713223042,0.7821237913328073,0.7859025044449665,-0.07297054722379404,2.279075318050583
boson,large,3s_s,00,0,0.4,18485,1.2410994793740815,1.2396579633891205,1.234727785104341,0.11628336424509556,1.1110034664700619
boson,large,3s_s,00,1,0.40512820512820513,18485,1.2271802234579172,1.225821061129523,1.221652278815581,0.11087771058051477,1.1055441041361025
boson,large,3s_s,00,2,0.41025641025641024,18485,1.2134614833991675,1.2121836334753848,1.2086890086323039,0.10541718997798544,1.1000293297255936
boson,large,3s_s,00,3,0.4153846153846154,18485,1.199936787902548,1.1987392342240675,1.1958379745545094,0.09990109977968675,1.0944584335994323
boson,large,3s_s,00,4,0.4205128205128205,18485,1.1865999267075666,1.185481677460189,1.183099176582198,0.09432868247896131,1.0888306507245593
boson,large,3s_s,00,5,0.4256410256410256,18485,1.1734449363338977,1.1724050233228327,1.1704726147153697,0.08869912618743037,1.0831451611460485
boson,large,3s_s,00,6,0.4307692307692308,18485,1.1604660867386996,1.1595035646845333,1.157958288954024,0.08301156490433392,1.0774010902588005
boson,large,3s_s,00,7,0.4358974358974359,18485,1.1476578688167207,1.1467718146721726,1.1455561992981613,0.07726507865049026,1.0715975089431007
boson,large,3s_s,00,8,0.441025641025641,18485,1.1350149826789444,1.1342044949661414,1.1332663457477818,0.07145869341904643,1.0657334335146373
boson,large,3s_s,00,9,0.4461538461538462,18485,1.1225323266518787,1.1217965248193942,1.1210887283028848,0.06559138098622963,1.0598078255336096
boson,large,3s_s,00,10,0.4512820512820513,18485,1.1102049869438575,1.1095430107430442,1.109023346963471,0.059662058559584175,1.0538195914493231
boson,large,3s_s,00,11,0.4564102564102564,18485,1.0980282279294866,1.09743923680939,1.0970702017295402,0.05366958828709745,1.047767582104453
boson,large,3s_s,00,12,0.46153846153846156,18485,1.0859974830073371,1.085480655527588,1.085229292601092,0.04761277661811114,1.0416505920896713
boson,large,3s_s,00,13,0.4666666666666667,18485,1.074108345989395,1.0736628792504999,1.073500619578127,0.04149037351519613,1.0354673589475505
boson,large,3s_s,00,14,0.4717948717948718,18485,1.0623565629843816,1.0619816720747934,1.0618841826606449,0.035301071519988625,1.0292165622293181
boson,large,3s_s,00,15,0.47692307692307695,18485,1.0507380247400269,1.0504329421992165,1.0503799818486454,0.02904350468786454,1.0228968224188284
boson,large,3s_s,00,16,0.48205128205128206,18485,1.0392487594117519,1.039012734708796,1.038988017142129,0.022716247363607778,1.0165066996960626
boson,large,3s_s,00,17,0.48717948717948717,18485,1.027884925728099,1.0277172247551296,1.0277082885410957,0.01631781281172806,1.0100446925538353
boson,large,3s_s,00,18,0.49230769230769234,18485,1.016642806525422,1.0165427111052032,1.0165407960455453,0.009846651707334786,1.0035092362736586
boson,large,3s_s,00,19,0.49743589743589745,18485,1.0055188026260649,1.0054856100333236,1.0054855396554778,0.0033011504500857214,0.9968987012231256
boson,large,3s_s,00,20,0.5025641025641026,18485,0.994509427036853,0.9945424495323443,0.9945425193708931,-0.003320370639470216,0.9902113910339905
boson,large,3s_s,00,21,0.5076923076923077,18485,0.9836112994453479,0.9837098638225383,0.9837117351917913,-0.01001965933404847,0.9834455405683284
boson,large,3s_s,00,22,0.5128205128205128,18485,0.9728211409942614,0.9729845881375664,0.9729931871181725,-0.016798533635342672,0.9765993137613949
boson,large,3s_s,00,23,0.517948717948718,18485,0.9621357693143309,0.9623634537686278,0.9623868751500364,-0.023658884115485,0.9696708012570499
boson,large,3s_s,00,24,0.5230769230769231,18485,0.9515520937987288,0.9518433833493329,0.9518927992873835,-0.030602676417113006,0.9626580178826893
boson,large,3s_s,00,25,0.5282051282051282,18485,0.9410671111018953,0.9414213863646101,0.9415109595302135,-0.03763195396302432,0.9555588999127895
boson,large,3s_s,00,26,0.5333333333333333,18485,0.9306779008479933,0.9310945548684765,0.9312413558785264,-0.04474884084593178,0.9483713021503748
boson,large,3s_s,00,27,0.5384615384615384,18485,0.920381621534259,0.9208600593962115,0.9210839883323222,-0.05195554493548915,0.9410929947892166
boson,large,3s_s,00,28,0.5435897435897435,18485,0.910175506616008,0.9107151450574835,0.9110388568916009,-0.05925436119121885,0.9337216600678877
boson,large,3s_s,00,29,0.5487179487179488,18485,0.9000568607603375,0.90065712779779,0.9011059615563624,-0.0666476752279932,0.9262548886688649
boson,large,3s_s,00,30,0.5538461538461539,18485,0.8900230562570135,0.890683390816273,0.8912853023266069,-0.07413796710122877,0.9186901758957644
boson,large,3s_s,00,31,0.558974358974359,18485,0.880071529574964,0.8807913811287321,0.8815768792023343,-0.08172781537049145,0.911024917569403
boson,large,3s_s,00,32,0.5641025641025641,18485,0.8701997780540207,0.8709786062651546,0.8719806921835448,-0.08941990142254941,0.9032564056616454
boson,large,3s_s,00,33,0.5692307692307692,18485,0.8604053567217697,0.8612426310918111,0.8624967412702381,-0.09721701409276529,0.895381823628294
boson,large,3s_s,00,34,0.5743589743589743,18485,0.8506858752258798,0.8515810747482351,0.8531250264624144,-0.10512205459943802,0.887398241425541
boson,large,3s_s,00,35,0.5794871794871795,18485,0.8410389948729501,0.8419916076900678,0.8438655477600733,-0.11313804180674847,0.8793026101948431
boson,large,3s_s,00,36,0.5846153846153846,18485,0.8314624257651102,0.8324719488290139,0.8347183051632154,-0.12126811784153313,0.8710917565902809
boson,large,3s_s,00,37,0.5897435897435898,18485,0.8219539240260182,0.8230198627615786,0.8256832986718404,-0.1295155540941284,0.8627623767181625
boson,large,3s_s,00,38,0.5948717948717949,18485,0.8125112891081717,0.8136331570784554,0.8167605282859484,-0.1378837576275771,0.8543110296640677
boson,large,3s_s,00,39,0.6,18485,0.8031323611739927,0.8043096797468481,0.8079499940055391,-0.14637627800599962,0.8457341305966093
boson,large,3s_s,ss,0,0.4,18485,1.2544748440293476,1.2538066196576387,1.2487520125307046,0.05329564872542658,-0.9565256856271631
boson,large,3s_s,ss,1,0.40512820512820513,18485,1.2398000281499217,1.2391695964874498,1.2348952869507264,0.05087533330860872,-0.9589215732015544
boson,large,3s_s,ss,2,0.41025641025641024,18485,1.2253338928827604,1.2247408380981093,1.22115750322122,0.04842287986184246,-0.9613492744420471
boson,large,3s_s,ss,3,0.4153846153846154,18485,1.2110698492550271,1.210513762032273,1.2075386613421855,0.04593811654156621,-0.9638089594578236
boson,large,3s_s,ss,4,0.4205128205128205,18485,1.1970015712520463,1.1964820486588696,1.1940387613136232,0.04342084310908767,-0.9663008264666595
boson,large,3s_s,ss,5,0.4256410256410256,18485,1.1831229816483162,1.1826396270023902,1.1806578031355326,0.04087083122279456,-0.9688251015055327
boson,large,3s_s,ss,6,0.4307692307692308,18485,1.1694282387373545,1.1689806614714873,1.1673957868079137,0.03828782465089553,-0.9713820382200811
boson,large,3s_s,ss,7,0.4358974358974359,18485,1.15591172389232,1.1554995394187824,1.1542527123307669,0.03567153940580159,-0.9739719177317085
boson,large,3s_s,ss,8,0.441025641025641,18485,1.1425680298951988,1.1421908594696006,1.141228579704092,0.03302166380261262,-0.9765950485795427
boson,large,3s_s,ss,9,0.4461538461538462,18485,1.1293919499775975,1.1290494205626127,1.128323388927889,0.030337858445039778,-0.9792517667343126
boson,large,3s_s,ss,10,0.4512820512820513,18485,1.116378467520926,1.116070211650128,1.115537140002158,0.027619756139030116,-0.9819424356841577
boson,large,3s_s,ss,11,0.4564102564102564,18485,1.1035227463680692,1.103248402010094,1.1028698329268989,0.024866961735470205,-0.9846674465899152
boson,large,3s_s,ss,12,0.46153846153846156,18485,1.090820121702538,1.0905793321257493,1.0903214677021116,0.022079051903478586,-0.9874272185099287
boson,large,3s_s,ss,13,0.4666666666666667,18485,1.0782660914546296,1.0780585050924303,1.0778920443277964,0.019255574833709765,-0.9902221986934578
boson,large,3s_s,ss,14,0.4717948717948718,18485,1.0658563081973416,1.0656815785142464,1.065581562803953,0.016396049872491325,-0.9930528629430779
boson,large,3s_s,ss,15,0.47692307692307695,18485,1.053586571497702,1.053444356856257,1.0533900231305815,0.013499967085994768,-0.9959197160458788
boson,large,3s_s,ss,16,0.48205128205128206,18485,1.0414528206918394,1.0413427842204506,1.041317425307682,0.010566786754195867,-0.9988232922746088
boson,large,3s_s,ss,17,0.48717948717948717,18485,1.029451128054521,1.029372937516236,1.0293637693352544,0.0075959387929813715,-1.001764155959639
boson,large,3s_s,ss,18,0.49230769230769234,18485,1.0175776923361195,1.017531019998378,1.0175290552132987,0.0045868221041134305,-1.0047429021323495
boson,large,3s_s,ss,19,0.49743589743589745,18485,1.005828832641945,1.005813355147313,1.005813282941815,0.001538803849920889,-1.0077601572433759
boson,large,3s_s,ss,20,0.5025641025641026,18485,0.9942009826307456,0.9942163808686052,0.994216452520803,-0.0015487813473824552,-1.0108165799548763
boson,large,3s_s,ss,21,0.5076923076923077,18485,0.982690685010832,0.9827366439900151,0.9827385639502632,-0.00467663228640447,-1.0139128620126336
boson,large,3s_s,ss,22,0.5128205128205128,18485,0.9712945863138157,0.9713707950361379,0.9713796172301951,-0.00784548214869396,-1.0170497291983494
boson,large,3s_s,ss,23,0.517948717948718,18485,0.9600094319273678,0.9601155832620027,0.9601396123605989,-0.011056099545259102,-1.0202279423655258
boson,large,3s_s,ss,24,0.5230769230769231,18485,0.9488320613696554,0.9489678519282955,0.9490185493414747,-0.01430928965234779,-1.0234482985639115
boson,large,3s_s,ss,25,0.5282051282051282,18485,0.9377594037893006,0.937924533802023,0.9380164281728224,-0.01760589543948754,-1.026711632255073
boson,large,3s_s,ss,26,0.5333333333333333,18485,0.9267884736757732,0.9269826468675272,0.927133248854642,-0.020946798994581073,-1.0300188166241675
boson,large,3s_s,ss,27,0.5384615384615384,18485,0.9159163667660987,0.916139290233719,0.9163690113869337,-0.02433292295143108,-1.0333707649929913
boson,large,3s_s,ss,28,0.5435897435897435,18485,0.9051402561346605,0.905391640224302,0.9057237157696971,-0.02776523202480119,-1.0367684323396187
boson,large,3s_s,ss,29,0.5487179487179488,18485,0.8944573884536992,0.8947369466385747,0.8951973620029322,-0.031244734659263695,-1.0402128169305302
boson,large,3s_s,ss,30,0.5538461538461539,18485,0.8838650804128328,0.8841725291711346,0.8847899500866396,-0.03477248479887285,-1.0437049620725225
boson,large,3s_s,ss,31,0.558974358974359,18485,0.8733607152866302,0.8736957739794957,0.874501480020819,-0.03834958378469144,-1.0472459579910054
boson,large,3s_s,ss,32,0.5641025641025641,18485,0.8629417396398658,0.8633041303892433,0.8643319518054701,-0.04197718238809767,-1.0508369438427811
boson,large,3s_s,ss,33,0.5692307692307692,18485,0.8526056601606445,0.8529951077269101,0.8542813654405932,-0.04565648299008629,-1.0544791098734518
boson,large,3s_s,ss,34,0.5743589743589743,18485,0.8423500406121135,0.8427662722712657,0.8443497209261881,-0.04938874191422471,-1.0581736997266944
boson,large,3s_s,ss,35,0.5794871794871795,18485,0.8321724988939059,0.8326152443141679,0.8345370182622549,-0.05317527192607585,-1.0619220129185591
boson,large,3s_s,ss,36,0.5846153846153846,18485,0.8220707042048956,0.8225396953225358,0.8248432574487936,-0.0570174449096128,-1.0657254074868172
boson,large,3s_s,ss,37,0.5897435897435898,18485,0.8120423742991966,0.8125373451933621,0.8152684384858043,-0.06091669473330397,-1.0695853028281355
boson,large,3s_s,ss,38,0.5948717948717949,18485,0.8020852728276646,0.8026059595940217,0.805812561373287,-0.06487452032133412,-1.0735031827383001
boson,large,3s_s,ss,39,0.6,18485,0.7921972067574489,0.7927433473803959,0.7964756261112417,-0.06889248894382805,-1.077480598669267
boson,large,ss,00,0,0.4,18485,1.2674906653454938,1.2667920743485626,1.2616747167894855,0.05514646097628528,2.4102182199924105
boson,large,ss,00,1,0.40512820512820513,18485,1.2520844610186372,1.2514258565995733,1.247098132242967,0.05262832117385319,2.4076408088766765
boson,large,ss,00,2,0.41025641025641024,18485,1.2368941954728117,1.2362750606559756,1.2326466685938435,0.05008066865861416,2.4050331903856303
boson,large,ss,00,3,0.4153846153846154,18485,1.2219132212137922,1.2213330518057874,1.2183203258421151,0.0475029646620051,2.402394813069364
boson,large,ss,00,4,0.4205128205128205,18485,1.2071351526827934,1.2065934569475516,1.2041191039877817,0.044894635564496355,2.399725089806637
boson,large,ss,00,5,0.4256410256410256,18485,1.1925538523707255,1.1920501507085448,1.1900430030308433,0.04225507306729881,2.397023397980602
boson,large,ss,00,6,0.4307692307692308,18485,1.1781634178039284,1.1776972424349488,1.1760920229712999,0.03958363424676481,2.3942890795347394
boson,large,ss,00,7,0.4358974358974359,18485,1.1639581693362,1.163529063988632,1.1622661638091514,0.0368796415017858,2.391521440918698
boson,large,ss,00,8,0.441025641025641,18485,1.1499326386874533,1.1495401582908535,1.148565425544398,0.03414238239256573,2.388719752923496
boson,large,ss,00,9,0.4461538461538462,18485,1.1360815581743402,1.1357252685581436,1.1349898081770395,0.03137110937478926,2.3858832504092486
boson,large,ss,00,10,0.4512820512820513,18485,1.122399850582699,1.122079328180165,1.1215393117070762,0.028565039430317185,2.383011131927404
boson,large,ss,00,11,0.4564102564102564,18485,1.108882619635776,1.1085974511933794,1.1082139361345078,0.02572335360229161,2.3801025592447234
boson,large,ss,00,12,0.46153846153846156,18485,1.0955251410158988,1.095274923308271,1.0950136814593343,0.022845196425391734,2.377156656760082
boson,large,ss,00,13,0.4666666666666667,18485,1.082322853900645,1.082107193451026,1.081938547681556,0.019929675259922064,2.3741725108231693
boson,large,ss,00,14,0.4717948717948718,18485,1.0692713529776199,1.069089865783775,1.0689885348011727,0.016975859528112203,2.3711491689524467
boson,large,ss,00,15,0.47692307692307695,18485,1.0563663809047643,1.05621869217033,1.0561636428181844,0.01398277984749896,2.3680856389483917
boson,large,ss,00,16,0.48205128205128206,18485,1.0436038211856258,1.0434895650567324,1.043463871732591,0.010949427068518425,2.3649808879083745
boson,large,ss,00,17,0.48717948717948717,18485,1.0309796914313827,1.0308985107384823,1.0308892215443928,0.007874751205361186,2.361833841132288
boson,large,ss,00,18,0.49230769230769234,18485,1.0184901369834924,1.0184416829881928,1.0184396922535892,0.004757660267551422,2.3586433809266394
boson,large,ss,00,19,0.49743589743589745,18485,1.0061314248727864,1.006115357019612,1.006115283860181,0.0015970189762404274,2.3554083452907326
boson,large,ss,00,20,0.5025641025641026,18485,0.993899938092589,0.9939159237653508,0.9939159963641677,-0.0016083526161003725,2.352127526503711
boson,large,ss,00,21,0.5076923076923077,18485,0.9817921701650567,0.9818398844477678,0.9818418297655495,-0.004859680632951502,2.3487996695819247
boson,large,ss,00,22,0.5128205128205128,18485,0.9698047199814057,0.9698838454234681,0.9698927840643263,-0.00815823899281698,2.3454234706217214
boson,large,ss,00,23,0.517948717948718,18485,0.957934286898038,0.9580445132834309,0.9580688592604977,-0.011505351146490206,2.3419975750212707
boson,large,ss,00,24,0.5230769230769231,18485,0.9461776660718278,0.9463186901921866,0.9463700553540646,-0.01490239195530707,2.3385205755580785
boson,large,ss,00,25,0.5282051282051282,18485,0.9345317440189723,0.9347032694501626,0.9347963723450263,-0.018350789688703628,2.3349910103445115
boson,large,ss,00,26,0.5333333333333333,18485,0.922993494382789,0.923195231264827,0.9233478102333831,-0.021852028174118576,2.3314073606272023
boson,large,ss,00,27,0.5384615384615384,18485,0.9115599738968859,0.9117916387168513,0.9120243690191349,-0.02540764908651738,2.3277680484435903
boson,large,ss,00,28,0.5435897435897435,18485,0.9002283185309127,0.9004896339086423,0.9008260487022816,-0.02901925440222941,2.3240714341105084
boson,large,ss,00,29,0.5487179487179488,18485,0.8889957398069535,0.8892864342831621,0.8897528492828232,-0.03268850901149145,2.3203158135499447
boson,large,ss,00,30,0.5538461538461539,18485,0.8778595212753403,0.8781793291018927,0.87880477076076,-0.03641714350979264,2.3164994154321272
boson,large,ss,00,31,0.558974358974359,18485,0.8668170151393083,0.8671656760713267,0.8679818131360918,-0.040206957175470404,2.3126203981277405
boson,large,ss,00,32,0.5641025641025641,18485,0.8558656390185726,0.8562428981080059,0.8572839764088187,-0.04405982114035201,2.308676846462765
boson,large,ss,00,33,0.5692307692307692,18485,0.8450028728424107,0.8454084802327816,0.8467112605789405,-0.04797768177806638,2.3046667682503186
boson,large,ss,00,34,0.5743589743589743,18485,0.8342262558633793,0.8346599665853021,0.8362636656464573,-0.05196256431192481,2.300588090597966
boson,large,ss,00,35,0.5794871794871795,18485,0.8235333837832448,0.8239949575503419,0.8259411916113689,-0.05601657666319815,2.2964386559687133
boson,large,ss,00,36,0.5846153846153846,18485,0.8129219059831123,0.8134111069879462,0.8157438384736758,-0.06014191355775411,2.292216217977816
boson,large,ss,00,37,0.5897435897435898,18485,0.8023895228501274,0.8029061195597349,0.8056716062333776,-0.0643408609079632,2.2879184369076766
boson,large,ss,00,38,0.5948717948717949,18485,0.791933983193459,0.7924777481440267,0.7957244948904746,-0.06861580048667104,2.2835428749239606
boson,large,ss,00,39,0.6,18485,0.7815530817425753,0.7821237913328073,0.7859025044449665,-0.07296921491921626,2.2790869909658396
boson,large,ss,3s_s,0,0.4,18485,1.2544735844815231,1.2538066196576387,1.2487520125307046,0.05319519082349622,-0.9561960827267013
boson,large,ss,3s_s,1,0.40512820512820513,18485,1.239798849245747,1.2391695964874498,1.2348952869507264,0.05078019668016687,-0.9585867130902592
boson,large,ss,3s_s,2,0.41025641025641024,18485,1.2253327925709572,1.2247408380981093,1.22115750322122,0.048333039483439144,-0.9610091820287381
boson,large,ss,3s_s,3,0.4153846153846154,18485,1.2110688255488877,1.210513762032273,1.2075386613421855,0.045853548635643726,-0.9634636584187728
boson,large,ss,3s_s,4,0.4205128205128205,18485,1.197000622226475,1.1964820486588696,1.1940387613136232,0.0433415251141156,-0.9659503392751789
boson,large,ss,3s_s,5,0.4256410256410256,18485,1.1831221054370398,1.1826396270023902,1.1806578031355326,0.04079674176591386,-0.9684694494592194
boson,large,ss,3s_s,6,0.4307692307692308,18485,1.1694274335302794,1.1689806614714873,1.1673957868079137,0.038218943522116966,-0.9710212414665742
boson,large,ss,3s_s,7,0.4358974358974359,18485,1.155910987933035,1.1554995394187824,1.1542527123307669,0.035607847534024906,-0.9736059952923815
boson,large,ss,3s_s,8,0.441025641025641,18485,1.1425673614786107,1.1421908594696006,1.141228579704092,0.03296314323377736,-0.9762240183713411
boson,large,ss,3s_s,9,0.4461538461538462,18485,1.129391347447689,1.1290494205626127,1.128323388927889,0.03028449232151953,-0.978875645590338
boson,large,ss,3s_s,10,0.4512820512820513,18485,1.1163779292686313,1.116070211650128,1.115537140002158,0.027571528680825352,-0.9815612393722306
boson,large,ss,3s_s,11,0.4564102564102564,18485,1.1035222708292567,1.103248402010094,1.1028698329268989,0.024823858222999817,-0.9842811898299275
boson,large,ss,3s_s,12,0.46153846153846156,18485,1.0908197073560963,1.0905793321257493,1.0903214677021116,0.022041058661770307,-0.9870359149894647
boson,large,ss,3s_s,13,0.4666666666666667,18485,1.0782657368206474,1.0780585050924303,1.0778920443277964,0.019222679218078298,-0.989825861082172
boson,large,ss,3s_s,14,0.4717948717948718,18485,1.0658560118353768,1.0656815785142464,1.065581562803953,0.016368240255548727,-0.992651502905606
boson,large,ss,3s_s,15,0.47692307692307695,18485,1.053586332005133,1.053444356856257,1.0533900231305815,0.013477232845948706,-0.9955133442536512
boson,large,ss,3s_s,16,0.48205128205128206,18485,1.0414526367022972,1.0413427842204506,1.041317425307682,0.010549118264524537,-0.9984119184160867
boson,large,ss,3s_s,17,0.48717948717948717,18485,1.0294509982363935,1.029372937516236,1.0293637693352544,0.007583327413485108,-1.0013477887493516
boson,large,ss,3s_s,18,0.49230769230769234,18485,1.0175776153911271,1.017531019998378,1.0175290552132987,0.004579260173231958,-1.0043215493187208
boson,large,ss,3s_s,19,0.49743589743589745,18485,1.0058288073037716,1.005813355147313,1.005813282941815,0.001536284677428057,-1.0073338256159081
boson,large,ss,3s_s,20,0.5025641025641026,18485,0.9942010076637454,0.9942163808686052,0.994216452520803,-0.0015462634850527124,-1.0103852753491127
boson,large,ss,3s_s,21,0.5076923076923077,18485,0.9826907592087795,0.9827366439900151,0.9827385639502632,-0.0046690821509765,-1.01347658931491
boson,large,ss,3s_s,22,0.5128205128205128,18485,0.9712947084987209,0.9713707950361379,0.9713796172301951,-0.007832903542681624,-1.016608492348603
boson,large,ss,3s_s,23,0.517948717948718,18485,0.9600096009483321,0.9601155832620027,0.9601396123605989,-0.011038495314341645,-1.0197817443598711
boson,large,ss,3s_s,24,0.5230769230769231,18485,0.9488322761017783,0.9489678519282955,0.9490185493414747,-0.014286661686335744,-1.0229971414556283
boson,large,ss,3s_s,25,0.5282051282051282,18485,0.9377596631326361,0.937924533802023,0.9380164281728224,-0.017578244671623278,-1.026255517154162
boson,large,ss,3s_s,26,0.5333333333333333,18485,0.9267887765543193,0.9269826468675272,0.927133248854642,-0.020914125400617323,-1.0295577436966186
boson,large,ss,3s_s,27,0.5384615384615384,18485,0.915916712126832,0.916139290233719,0.9163690113869337,-0.0242952255469997,-1.0329047334582397
boson,large,ss,3s_s,28,0.5435897435897435,18485,0.905140642946608,0.905391640224302,0.9057237157696971,-0.02772250886166061,-1.0362974404671377
boson,large,ss,3s_s,29,0.5487179487179488,18485,0.8944578157070396,0.8947369466385747,0.8951973620029322,-0.03119698282090244,-1.0397368620356118
boson,large,ss,3s_s,30,0.5538461538461539,18485,0.8838655471180369,0.8841725291711346,0.8847899500866396,-0.034719700394392206,-1.0432240405104265
boson,large,ss,3s_s,31,0.558974358974359,18485,0.8733612204736264,0.8736957739794957,0.874501480020819,-0.03829176194197759,-1.046760065150354
boson,large,ss,3s_s,32,0.5641025641025641,18485,0.8629422823572384,0.8633041303892433,0.8643319518054701,-0.041914317245506094,-1.0503460741376647
boson,large,ss,3s_s,33,0.5692307692307692,18485,0.8526062394748545,0.8529951077269101,0.8542813654405932,-0.045588567687326886,-1.0539832567344587
boson,large,ss,3s_s,34,0.5743589743589743,18485,0.8423506556067482,0.8427662722712657,0.8443497209261881,-0.0493157685816481,-1.0576728555906856
boson,large,ss,3s_s,35,0.5794871794871795,18485,0.8321731486689486,0.8326152443141679,0.8345370182622549,-0.05309723167312708,-1.0614161692173885
boson,large,ss,3s_s,36,0.5846153846153846,18485,0.8220713878760217,0.8225396953225358,0.8248432574487936,-0.05693432781143093,-1.0652145546343528
boson,large,ss,3s_s,37,0.5897435897435898,18485,0.8120430909970829,0.8125373451933621,0.8152684384858043,-0.0608284898168554,-1.0690694302068149
boson,large,ss,3s_s,38,0.5948717948717949,18485,0.8020860216973239,0.8026059595940217,0.805812561373287,-0.06478121554950311,-1.0729822786836318
boson,large,ss,3s_s,39,0.6,18485,0.7921979869575769,0.7927433473803959,0.7964756261112417,-0.06879407119858572,-1.0769546504534544
boson,small,00,3s_s,0,0.4,19984,1.43999769552798,1.44,1.44,-0.00016003277916176728,-3.410415859272542
boson,small,00,3s_s,1,0.40512820512820513,19984,1.4154876043973008,1.4154898093359631,1.4154898093359631,-0.00015577213257067513,-3.410411743925146
boson,small,00,3s_s,2,0.41025641025641024,19984,1.3911879049051004,1.391190006574622,1.391190006574622,-0.00015106991222424426,-3.410407202062804
boson,small,00,3s_s,3,0.4153846153846154,19984,1.3670985967523837,1.367100591715976,1.3671005917159762,-0.0001459266131820236,-3.410402234163701
boson,small,00,3s_s,4,0.4205128205128205,19984,1.3432196796394682,1.343221564760026,1.3432215647600263,-0.0001403432320690179,-3.410396841190466
boson,small,00,3s_s,5,0.4256410256410256,19984,1.319551153266567,1.3195529257067717,1.319552925706772,-0.00013432126672041633,-3.410391024589854
boson,small,00,3s_s,6,0.4307692307692308,19984,1.296093017334342,1.296094674556213,1.296094674556213,-0.00012786271740283794,-3.410384786293963
boson,small,00,3s_s,7,0.4358974358974359,19984,1.2728452715444603,1.2728468113083498,1.2728468113083498,-0.00012097008657008246,-3.4103781287198487
boson,small,00,3s_s,8,0.441025641025641,19984,1.24980791560015,1.249809335963182,1.249809335963182,-0.00011364637718669357,-3.41037105476808
boson,small,00,3s_s,9,0.4461538461538462,19984,1.2269809492066945,1.2269822485207103,1.22698224852071,-0.00010589509483738269,-3.4103635678247146
boson,small,00,3s_s,10,0.4512820512820513,19984,1.2043643720719583,1.2043655489809337,1.2043655489809335,-9.772024585075201e-05,-3.4103556717594463
boson,small,00,3s_s,11,0.4564102564102564,19984,1.1819581839068432,1.181959237343853,1.1819592373438528,-8.912634010815879e-05,-3.410347370928335
boson,small,00,3s_s,12,0.46153846153846156,19984,1.1597623844257956,1.1597633136094674,1.1597633136094674,-8.011838802390869e-05,-3.4103386701709537
boson,small,00,3s_s,13,0.4666666666666667,19984,1.13777697334724,1.1377777777777778,1.1377777777777778,-7.070190273239518e-05,-3.4103295748124096
boson,small,00,3s_s,14,0.4717948717948718,19984,1.116001950394014,1.1160026298487837,1.1160026298487837,-6.08829004211664e-05,-3.410320090663743
boson,small,00,3s_s,15,0.47692307692307695,19984,1.094437315293813,1.0944378698224848,1.094437869822485,-5.066789875440847e-05,-3.4103102240203187
boson,small,00,3s_s,16,0.48205128205128206,19984,1.0730830677795646,1.0730834976988821,1.0730834976988823,-4.00639203146369e-05,-3.4102999816652324
boson,small,00,3s_s,17,0.48717948717948717,19984,1.0519392075898464,1.0519395134779748,1.051939513477975,-2.9078490204614837e-05,-3.4102893708670146
boson,small,00,3s_s,18,0.49230769230769234,19984,1.031005734469246,1.0310059171597632,1.0310059171597632,-1.7719638090163414e-05,-3.410278399381428
boson,small,00,3s_s,19,0.49743589743589745,19984,1.010282648168727,1.0102827087442472,1.0102827087442472,-5.99589794481048e-06,-3.4102670754514453
boson,small,00,3s_s,20,0.5025641025641026,19984,0.9897699484459643,0.9897698882314268,0.9897698882314268,6.083690595737323e-06,-3.410255407808449
boson,small,00,3s_s,21,0.5076923076923077,19984,0.9694676350656845,0.9694674556213019,0.9694674556213019,1.8509582910830602e-05,-3.4102434056715203
boson,small,00,3s_s,22,0.5128205128205128,19984,0.9493757077999613,0.9493754109138727,0.9493754109138727,3.1271727207737854e-05,-3.4102310787497037
boson,small,00,3s_s,23,0.517948717948718,19984,0.9294941664285209,0.9294937541091386,0.9294937541091386,4.435956459936108e-05,-3.410218437241763
boson,small,00,3s_s,24,0.5230769230769231,19984,0.9098230107390243,0.9098224852071005,0.9098224852071005,5.77620285602265e-05,-3.4102054918368374
boson,small,00,3s_s,25,0.5282051282051282,19984,0.8903622405273245,0.890361604207758,0.890361604207758,7.146754346099016e-05,-3.4101922537158047
boson,small,00,3s_s,26,0.5333333333333333,19984,0.8711118555977231,0.8711111111111112,0.8711111111111112,8.546402432418887e-05,-3.4101787345515167
boson,small,00,3s_s,27,0.5384615384615384,19984,0.8520718557631995,0.8520710059171599,0.8520710059171599,9.973887549197258e-05,-3.4101649465100747
boson,small,00,3s_s,28,0.5435897435897435,19984,0.833242240845633,0.8332412886259042,0.8332412886259042,0.000114278989982175,-3.410150902251463
boson,small,00,3s_s,29,0.5487179487179488,19984,0.8146230106760025,0.8146219592373437,0.8146219592373437,0.0001290707483336817,-3.4101366149307255
boson,small,00,3s_s,30,0.5538461538461539,19984,0.7962141650945712,0.7962130177514792,0.7962130177514792,0.00014410001676345985,-3.4101220981996305
boson,small,00,3s_s,31,0.558974358974359,19984,0.7780157039510676,0.7780144641683103,0.7780144641683103,0.00015935214758844296,-3.410107366206294
boson,small,00,3s_s,32,0.5641025641025641,19984,0.7600276271048332,0.760026298487837,0.760026298487837,0.00017481197673863136,-3.4100924335977223
boson,small,00,3s_s,33,0.5692307692307692,19984,0.7422499344249727,0.7422485207100592,0.7422485207100592,0.00019046382364606984,-3.4100773155196884
boson,small,00,3s_s,34,0.5743589743589743,19984,0.7246826257904674,0.7246811308349771,0.7246811308349771,0.0002062914883138589,-3.4100620276197313
boson,small,00,3s_s,35,0.5794871794871795,19984,0.7073257010902989,0.7073241288625902,0.7073241288625902,0.00022227825187126626,-3.4100465860466
boson,small,00,3s_s,36,0.5846153846153846,19984,0.6901791602235346,0.6901775147928993,0.6901775147928993,0.00023840687359832913,-3.410031007453007
boson,small,00,3s_s,37,0.5897435897435898,19984,0.6732430030994166,0.6732412886259039,0.6732412886259039,0.0002546595911034899,-3.4100153089956398
boson,small,00,3s_s,38,0.5948717948717949,19984,0.6565172296374188,0.6565154503616042,0.6565154503616042,0.00027101811748142524,-3.4099995083377466
boson,small,00,3s_s,39,0.6,19984,0.6400018397672962,0.6400000000000001,0.6400000000000001,0.00028746364000298286,-3.4099836236505143
boson,small,00,ss,0,0.4,19984,1.4399998930606956,1.44,1.44,-7.4263405758223655e-06,-5.0233519766135215
boson,small,00,ss,1,0.40512820512820513,19984,1.4154897076212662,1.4154898093359631,1.4154898093359631,-7.185830386280401e-06,-5.023351748184989
boson,small,00,ss,2,0.41025641025641024,19984,1.3911899101721839,1.391190006574622,1.391190006574622,-6.929494733576291e-06,-5.023351504725948
boson,small,00,ss,3,0.4153846153846154,19984,1.3671005007032235,1.367100591715976,1.3671005917159762,-6.6573559442950625e-06,-5.023351246257624
boson,small,00,ss,4,0.4205128205128205,19984,1.3432214792041288,1.343221564760026,1.3432215647600263,-6.369455307631e-06,-5.023350972819252
boson,small,00,ss,5,0.4256410256410256,19984,1.3195528456645405,1.3195529257067717,1.319552925706772,-6.065859858850331e-06,-5.023350684474437
boson,small,00,ss,6,0.4307692307692308,19984,1.2960946000740923,1.296094674556213,1.296094674556213,-5.746657416594303e-06,-5.023350381306624
boson,small,00,ss,7,0.4358974358974359,19984,1.2728467424224417,1.2728468113083498,1.2728468113083498,-5.41195589454091e-06,-5.023350063418319
boson,small,00,ss,8,0.441025641025641,19984,1.2498092726992205,1.2498093359631819,1.249809335963182,-5.061889007951237e-06,-5.023349730936522
boson,small,00,ss,9,0.4461538461538462,19984,1.226982190894161,1.2269822485207103,1.22698224852071,-4.6966082356547645e-06,-5.023349384005038
boson,small,00,ss,10,0.4512820512820513,19984,1.2043654969970214,1.2043655489809337,1.2043655489809335,-4.31629021413471e-06,-5.023349022791701
boson,small,00,ss,11,0.4564102564102564,19984,1.181959190997674,1.181959237343853,1.1819592373438528,-3.92113175262665e-06,-5.023348647483417
boson,small,00,ss,12,0.46153846153846156,19984,1.159763272886071,1.1597633136094674,1.1597633136094674,-3.5113540852727e-06,-5.023348258290284
boson,small,00,ss,13,0.4666666666666667,19984,1.1377777426523374,1.1377777777777778,1.1377777777777778,-3.087196909223877e-06,-5.023347855439986
boson,small,00,ss,14,0.4717948717948718,19984,1.1160026002867123,1.1160026298487837,1.1160026298487837,-2.648924890547022e-06,-5.0233474391838895
boson,small,00,ss,15,0.47692307692307695,19984,1.0944378457796142,1.0944378698224848,1.094437869822485,-2.196823711830831e-06,-5.02334700979331
boson,small,00,ss,16,0.48205128205128206,19984,1.073083479121648,1.0730834976988821,1.0730834976988823,-1.7312011824088813e-06,-5.023346567560605
boson,small,00,ss,17,0.48717948717948717,19984,1.0519395003036227,1.0519395134779748,1.051939513477975,-1.2523868386793424e-06,-5.023346112798754
boson,small,00,ss,18,0.49230769230769234,19984,1.0310059093165689,1.0310059171597632,1.0310059171597632,-7.607322327629618e-07,-5.023345645841659
boson,small,00,ss,19,0.49743589743589745,19984,1.0102827061517436,1.0102827087442472,1.0102827087442472,-2.5661168745472196e-07,-5.023345167044857
boson,small,00,ss,20,0.5025641025641026,19984,0.9897698908006604,0.9897698882314268,0.9897698882314268,2.5957889171479565e-07,-5.0233446767842915
boson,small,00,ss,21,0.5076923076923077,19984,0.9694674632550989,0.9694674556213019,0.9694674556213019,7.874216834125036e-07,-5.023344175456845
boson,small,00,ss,22,0.5128205128205128,19984,0.9493754235071161,0.9493754109138727,0.9493754109138727,1.3264766840492825e-06,-5.023343663480462
boson,small,00,ss,23,0.517948717948718,19984,0.9294937715490615,0.9294937541091387,0.9294937541091386,1.8762818854156649e-06,-5.023343141293868
boson,small,00,ss,24,0.5230769230769231,19984,0.9098225073735915,0.9098224852071005,0.9098224852071005,2.4363533857041375e-06,-5.023342609356685
boson,small,00,ss,25,0.5282051282051282,19984,0.8903616309736712,0.8903616042077579,0.890361604207758,3.006184590148564e-06,-5.023342068150082
boson,small,00,ss,26,0.5333333333333333,19984,0.8711111423425923,0.8711111111111111,0.8711111111111112,3.5852465662955524e-06,-5.023341518176361
boson,small,00,ss,27,0.5384615384615384,19984,0.8520710414739878,0.8520710059171599,0.8520710059171599,4.172988843365033e-06,-5.023340959958422
boson,small,00,ss,28,0.5435897435897435,19984,0.8332413283618482,0.8332412886259042,0.8332412886259042,4.768840011770692e-06,-5.023340394038911
boson,small,00,ss,29,0.5487179487179488,19984,0.8146220030005068,0.8146219592373437,0.8146219592373437,5.372205169607014e-06,-5.023339820982853
boson,small,00,ss,30,0.5538461538461539,19984,0.7962130653846562,0.7962130177514792,0.7962130177514792,5.982466477760795e-06,-5.023339241377078
boson,small,00,ss,31,0.558974358974359,19984,0.7780145155093721,0.7780144641683103,0.7780144641683103,6.598985513583955e-06,-5.023338655827936
boson,small,00,ss,32,0.5641025641025641,19984,0.7600263533701106,0.760026298487837,0.760026298487837,7.221101916421446e-06,-5.023338064962579
boson,small,00,ss,33,0.5692307692307692,19984,0.7422485789626968,0.7422485207100591,0.7422485207100592,7.848131189369667e-06,-5.023337469431144
boson,small,00,ss,34,0.5743589743589743,19984,0.7246811922833589,0.7246811308349771,0.7246811308349771,8.479368274194599e-06,-5.023336869903295
boson,small,00,ss,35,0.5794871794871795,19984,0.7073241933287108,0.7073241288625902,0.7073241288625902,9.114084753569784e-06,-5.02333626707081
boson,small,00,ss,36,0.5846153846153846,19984,0.6901775820957868,0.6901775147928993,0.6901775147928993,9.7515329144926e-06,-5.023335661643868
boson,small,00,ss,37,0.5897435897435898,19984,0.6732413585819975,0.6732412886259039,0.6732412886259039,1.039093928678625e-05,-5.023335054357081
boson,small,00,ss,38,0.5948717948717949,19984,0.6565155227851611,0.6565154503616042,0.6565154503616042,1.1031508373449128e-05,-5.023334445965977
boson,small,00,ss,39,0.6,19984,0.6400000747035236,0.6400000000000001,0.6400000000000001,1.1672425537234687e-05,-5.023333837244293
boson,small,3s_s,00,0,0.4,19984,1.4399981860617532,1.44,1.44,-0.0001259679337950459,-3.410470724948278
boson,small,3s_s,00,1,0.40512820512820513,19984,1.4154880628904756,1.4154898093359631,1.4154898093359631,-0.00012338100041642264,-3.41046822623835
boson,small,3s_s,00,2,0.41025641025641024,19984,1.3911883321863507,1.391190006574622,1.391190006574622,-0.00012035654823883135,-3.4104653049305544
boson,small,3s_s,00,3,0.4153846153846154,19984,1.367098993633723,1.367100591715976,1.3671005917159762,-0.00011689573267137376,-3.410461962140865
boson,small,3s_s,00,4,0.4205128205128205,19984,1.3432200469168176,1.343221564760026,1.3432215647600263,-0.00011300021145466133,-3.410458199470523
boson,small,3s_s,00,5,0.4256410256410256,19984,1.319551491720318,1.3195529257067717,1.319552925706772,-0.00010867214386145463,-3.410454019005149
boson,small,3s_s,00,6,0.4307692307692308,19984,1.2960933277299231,1.296094674556213,1.296094674556213,-0.00010391419055233442,-3.4104494233146543
boson,small,3s_s,00,7,0.4358974358974359,19984,1.2728455546328674,1.2728468113083498,1.2728468113083498,-9.872951490796922e-05,-3.410444415454561
boson,small,3s_s,00,8,0.441025641025641,19984,1.2498081721184586,1.249809335963182,1.249809335963182,-9.312178186338116e-05,-3.41043899896476
boson,small,3s_s,00,9,0.4461538461538462,19984,1.226981179878583,1.2269822485207103,1.22698224852071,-8.709515794125267e-05,-3.410433177869754
boson,small,3s_s,00,10,0.4512820512820513,19984,1.2043645776081837,1.2043655489809337,1.2043655489809335,-8.065431220671826e-05,-3.4104269566793577
boson,small,3s_s,00,11,0.4564102564102564,19984,1.1819583650057413,1.181959237343853,1.1819592373438528,-7.380441593429765e-05,-3.4104203403884537
boson,small,3s_s,00,12,0.46153846153846156,19984,1.159762541773727,1.1597633136094674,1.1597633136094674,-6.655114292986042e-05,-3.410413334477358
boson,small,3s_s,00,13,0.4666666666666667,19984,1.1377771076190517,1.1377777777777778,1.1377777777777778,-5.890066928637694e-05,-3.4104059449115764
boson,small,3s_s,00,14,0.4717948717948718,19984,1.116002062253475,1.1160026298487837,1.1160026298487837,-5.0859674838310553e-05,-3.410398178143126
boson,small,3s_s,00,15,0.47692307692307695,19984,1.0944374053940227,1.0944378698224848,1.094437869822485,-4.243534282855066e-05,-3.410390041110223
boson,small,3s_s,00,16,0.48205128205128206,19984,1.0730831367633733,1.0730834976988821,1.0730834976988823,-3.3635361051942425e-05,-3.4103815412385385
boson,small,3s_s,00,17,0.48717948717948717,19984,1.051939256090257,1.0519395134779748,1.051939513477975,-2.4467919923498727e-05,-3.410372686439167
boson,small,3s_s,00,18,0.49230769230769234,19984,1.0310057631097822,1.0310059171597632,1.0310059171597632,-1.4941716475203037e-05,-3.4103634851124998
boson,small,3s_s,00,19,0.49743589743589745,19984,1.010282657563801,1.0102827087442472,1.0102827087442472,-5.065952890515035e-06,-3.4103539461469157
boson,small,3s_s,00,20,0.5025641025641026,19984,0.9897699392012442,0.9897698882314268,0.9897698882314268,5.149663384607095e-06,-3.4103440789188255
boson,small,3s_s,00,21,0.5076923076923077,19984,0.9694676077784027,0.9694674556213019,0.9694674556213019,1.5694915789232766e-05,-3.4103338932963356
boson,small,3s_s,00,22,0.5128205128205128,19984,0.9493756630592706,0.9493754109138727,0.9493754109138727,2.6559082422217273e-05,-3.4103233996357063
boson,small,3s_s,00,23,0.517948717948718,19984,0.9294941048158012,0.9294937541091386,0.9294937541091386,3.7730932667123795e-05,-3.4103126087845492
boson,small,3s_s,00,24,0.5230769230769231,19984,0.9098229328281633,0.9098224852071005,0.9098224852071005,4.9198725027288503e-05,-3.410301532083937
boson,small,3s_s,00,25,0.5282051282051282,19984,0.8903621468850235,0.890361604207758,0.890361604207758,6.095020976815135e-05,-3.4102901813658493
boson,small,3s_s,00,26,0.5333333333333333,19984,0.8711117467837559,0.8711111111111112,0.8711111111111112,7.29726250314755e-05,-3.410278568956915
boson,small,3s_s,00,27,0.5384615384615384,19984,0.8520717323306778,0.8520710059171599,0.8520710059171599,8.525269759029896e-05,-3.4102667076777005
boson,small,3s_s,00,28,0.5435897435897435,19984,0.8332421033412435,0.8332412886259042,0.8332412886259042,9.77766404952618e-05,-3.4102546108449427
boson,small,3s_s,00,29,0.5487179487179488,19984,0.8146228596402446,0.8146219592373437,0.8146219592373437,0.0001105301533632641,-3.4102422922713815
boson,small,3s_s,00,30,0.5538461538461539,19984,0.7962140010619693,0.7962130177514792,0.7962130177514792,0.00012349841915781923,-3.4102297662687353
boson,small,3s_s,00,31,0.558974358974359,19984,0.7780155274503855,0.7780144641683103,0.7780144641683103,0.0001366661063650909,-3.410217047645603
boson,small,3s_s,00,32,0.5641025641025641,19984,0.7600274386592545,0.760026298487837,0.760026298487837,0.00015001736384245845,-3.4102041517126147
boson,small,3s_s,00,33,0.5692307692307692,19984,0.7422497345522846,0.7422485207100592,0.7422485207100592,0.00016353582277250922,-3.4101910942803237
boson,small,3s_s,00,34,0.5743589743589743,19984,0.7246824150032248,0.7246811308349771,0.7246811308349771,0.00017720459291048485,-3.4101778916629577
boson,small,3s_s,00,35,0.5794871794871795,19984,0.7073254798959757,0.7073241288625902,0.7073241288625902,0.00019100626296175705,-3.4101645606780417
boson,small,3s_s,00,36,0.5846153846153846,19984,0.6901789291246629,0.6901775147928993,0.6901775147928993,0.00020492289785067896,-3.410151118648974
boson,small,3s_s,00,37,0.5897435897435898,19984,0.6732427625937061,0.6732412886259039,0.6732412886259039,0.00021893603781020232,-3.4101375834060033
boson,small,3s_s,00,38,0.5948717948717949,19984,0.6565169802178763,0.6565154503616042,0.6565154503616042,0.0002330266974270856,-3.410123973287049
boson,small,3s_s,00,39,0.6,19984,0.6400015819223174,0.6400000000000001,0.6400000000000001,0.0002471753620669759,-3.4101103071412675
boson,small,3s_s,ss,0,0.4,19984,1.4399998678483148,1.44,1.44,-9.177200355203752e-06,-0.9903749151493502
boson,small,3s_s,ss,1,0.40512820512820513,19984,1.4154896776053418,1.4154898093359631,1.4154898093359631,-9.30636310236821e-06,-0.9903750430329095
boson,small,3s_s,ss,2,0.41025641025641024,19984,1.3911898762602715,1.391190006574622,1.391190006574622,-9.367113762426271e-06,-0.9903751031819064
boson,small,3s_s,ss,3,0.4153846153846154,19984,1.367100463759052,1.367100591715976,1.3671005917159762,-9.359729979951936e-06,-0.9903750958712654
boson,small,3s_s,ss,4,0.4205128205128205,19984,1.3432214400476863,1.343221564760026,1.3432215647600263,-9.284569502110429e-06,-0.9903750214551588
boson,small,3s_s,ss,5,0.4256410256410256,19984,1.3195528050722898,1.3195529257067717,1.319552925706772,-9.142072254775258e-06,-0.9903748803691492
boson,small,3s_s,ss,6,0.4307692307692308,19984,1.2960945587792063,1.296094674556213,1.296094674556213,-8.93275845514907e-06,-0.9903746731283136
boson,small,3s_s,ss,7,0.4358974358974359,19984,1.2728467011150733,1.2728468113083498,1.2728468113083498,-8.657230043951358e-06,-0.9903744003286419
boson,small,3s_s,ss,8,0.441025641025641,19984,1.249809232026915,1.2498093359631819,1.249809335963182,-8.316169830546727e-06,-0.9903740626461821
boson,small,3s_s,ss,9,0.4461538461538462,19984,1.2269821514622132,1.2269822485207103,1.22698224852071,-7.910342392225544e-06,-0.9903736608379066
boson,small,3s_s,ss,10,0.4512820512820513,19984,1.2043654593690005,1.2043655489809337,1.2043655489809335,-7.440592542096169e-06,-0.9903731957403017
boson,small,3s_s,ss,11,0.4564102564102564,19984,1.1819591556959177,1.181959237343853,1.1819592373438528,-6.907846961112796e-06,-0.9903726682708447
boson,small,3s_s,ss,12,0.46153846153846156,19984,1.1597632403922944,1.1597633136094674,1.1597633136094674,-6.3131133876126455e-06,-0.9903720794273041
boson,small,3s_s,ss,13,0.4666666666666667,19984,1.137777713408219,1.1377777777777778,1.1377777777777778,-5.657480750542732e-06,-0.9903714302878397
boson,small,3s_s,ss,14,0.4717948717948718,19984,1.1160025746946016,1.1160026298487837,1.1160026298487837,-4.942119369300002e-06,-0.990370722011158
boson,small,3s_s,ss,15,0.47692307692307695,19984,1.094437824203239,1.0944378698224848,1.094437869822485,-4.168280998140261e-06,-0.9903699558366008
boson,small,3s_s,ss,16,0.48205128205128206,19984,1.0730834618868903,1.0730834976988821,1.0730834976988823,-3.337297782568527e-06,-0.9903691330831688
boson,small,3s_s,ss,17,0.48717948717948717,19984,1.0519394876993025,1.0519395134779748,1.051939513477975,-2.4505850348965907e-06,-0.9903682551521187
boson,small,3s_s,ss,18,0.49230769230769234,19984,1.0310059015953061,1.0310059171597632,1.0310059171597632,-1.509637992391788e-06,-0.9903673235238997
boson,small,3s_s,ss,19,0.49743589743589745,19984,1.0102827035308504,1.0102827087442472,1.0102827087442472,-5.160334604070727e-07,-0.9903663397596851
boson,small,3s_s,ss,20,0.5025641025641026,19984,0.9897698934630497,0.9897698882314268,0.9897698882314268,5.285696103030091e-07,-0.9903653055019945
boson,small,3s_s,ss,21,0.5076923076923077,19984,0.9694674713502422,0.9694674556213019,0.9694674556213019,1.6224309895562783e-06,-0.9903642224738607
boson,small,3s_s,ss,22,0.5128205128205128,19984,0.9493754371520395,0.9493754109138727,0.9493754109138727,2.7637293564808374e-06,-0.99036309247853
boson,small,3s_s,ss,23,0.517948717948718,19984,0.9294937908293557,0.9294937541091387,0.9294937541091386,3.95056092283852e-06,-0.9903619174009282
boson,small,3s_s,ss,24,0.5230769230769231,19984,0.9098225323444613,0.9098224852071005,0.9098224852071005,5.180940410021151e-06,-0.9903606992067049
boson,small,3s_s,ss,25,0.5282051282051282,19984,0.890361661661028,0.8903616042077579,0.890361604207758,6.452801848411127e-06,-0.9903594399413351
boson,small,3s_s,ss,26,0.5333333333333333,19984,0.8711111787441387,0.8711111111111111,0.8711111111111112,7.763995513165867e-06,-0.9903581417332941
boson,small,3s_s,ss,27,0.5384615384615384,19984,0.8520710835603543,0.8520710059171599,0.8520710059171599,9.112291565749331e-06,-0.9903568067902935
boson,small,3s_s,ss,28,0.5435897435897435,19984,0.8332413760777188,0.8332412886259042,0.8332412886259042,1.0495376989716476e-05,-0.9903554374024792
boson,small,3s_s,ss,29,0.5487179487179488,19984,0.814622056265808,0.8146219592373437,0.8146219592373437,1.1910857944386066e-05,-0.9903540359399776
boson,small,3s_s,ss,30,0.5538461538461539,19984,0.7962131240957335,0.7962130177514792,0.7962130177514792,1.3356256678420664e-05,-0.9903526048559819
boson,small,3s_s,ss,31,0.558974358974359,19984,0.7780145795401938,0.7780144641683103,0.7780144641683103,1.4829015237971532e-05,-0.9903511466830994
boson,small,3s_s,ss,32,0.5641025641025641,19984,0.7600264225734684,0.760026298487837,0.760026298487837,1.6326491825147116e-05,-0.990349664037038
boson,small,3s_s,ss,33,0.5692307692307692,19984,0.7422486531714564,0.7422485207100591,0.7422485207100592,1.784596312948139e-05,-0.9903481596140518
boson,small,3s_s,ss,34,0.5743589743589743,19984,0.7246812713116858,0.7246811308349771,0.7246811308349771,1.9384623484164365e-05,-0.990346636192041
boson,small,3s_s,ss,35,0.5794871794871795,19984,0.7073242769733211,0.7073241288625902,0.7073241288625902,2.0939584111090426e-05,-0.9903450966312066
boson,small,3s_s,ss,36,0.5846153846153846,19984,0.6901776701371837,0.6901775147928993,0.6901775147928993,2.250787385360553e-05,-0.9903435438732844
boson,small,3s_s,ss,37,0.5897435897435898,19984,0.6732414507857551,0.6732412886259039,0.6732412886259039,2.4086438843440305e-05,-0.9903419809418668
boson,small,3s_s,ss,38,0.5948717948717949,19984,0.6565156189031848,0.6565154503616042,0.6565154503616042,2.5672142300869893e-05,-0.9903404109426694
boson,small,3s_s,ss,39,0.6,19984,0.6400001744752926,0.6400000000000001,0.6400000000000001,2.726176444589612e-05,-0.9903388370635979
boson,small,ss,00,0,0.4,19984,1.4399999706598243,1.44,1.44,-2.0375121922988626e-06,-5.02335985258221
boson,small,ss,00,1,0.40512820512820513,19984,1.4154897800256898,1.4154898093359631,1.4154898093359631,-2.0706806269643607e-06,-5.023359884084488
boson,small,ss,00,2,0.41025641025641024,19984,1.3911899775242047,1.391190006574622,1.391190006574622,-2.0881703588493394e-06,-5.023359900695635
boson,small,ss,00,3,0.4153846153846154,19984,1.3671005631432367,1.367100591715976,1.3671005917159762,-2.090024642242838e-06,-5.023359902456759
boson,small,ss,00,4,0.4205128205128205,19984,1.343221536870533,1.343221564760026,1.3432215647600263,-2.076313687648934e-06,-5.023359889434575
boson,small,ss,00,5,0.4256410256410256,19984,1.319552898693853,1.3195529257067717,1.319552925706772,-2.0471265904653535e-06,-5.023359861713628
boson,small,ss,00,6,0.4307692307692308,19984,1.296094648600929,1.296094674556213,1.296094674556213,-2.0025762381692402e-06,-5.0233598194012075
boson,small,ss,00,7,0.4358974358974359,19984,1.2728467865795414,1.2728468113083498,1.2728468113083498,-1.9427953246164975e-06,-5.023359762623302
boson,small,ss,00,8,0.441025641025641,19984,1.249809312617482,1.2498093359631819,1.249809335963182,-1.8679409019561888e-06,-5.023359691529105
boson,small,ss,00,9,0.4461538461538462,19984,1.2269822267026225,1.2269822485207103,1.22698224852071,-1.7781909944503127e-06,-5.023359606287626
boson,small,ss,00,10,0.4512820512820513,19984,1.2043655288229147,1.2043655489809337,1.2043655489809335,-1.6737458974347419e-06,-5.023359507089187
boson,small,ss,00,11,0.4564102564102564,19984,1.1819592189664347,1.181959237343853,1.1819592373438528,-1.554826734029291e-06,-5.023359394143756
boson,small,ss,00,12,0.46153846153846156,19984,1.1597632971213554,1.1597633136094674,1.1597633136094674,-1.421679041158086e-06,-5.023359267684569
boson,small,ss,00,13,0.4666666666666667,19984,1.13777776327603,1.1377777777777778,1.1377777777777778,-1.2745676736258815e-06,-5.023359127963123
boson,small,ss,00,14,0.4717948717948718,19984,1.1160026174189406,1.1160026298487837,1.1160026298487837,-1.1137825994822492e-06,-5.023358975254865
boson,small,ss,00,15,0.47692307692307695,19984,1.0944378595387962,1.0944378698224848,1.094437869822485,-9.39632016638825e-07,-5.0233588098524855
boson,small,ss,00,16,0.48205128205128206,19984,1.0730834896244632,1.0730834976988821,1.0730834976988823,-7.524502021460933e-07,-5.023358632073471
boson,small,ss,00,17,0.48717948717948717,19984,1.0519395076650602,1.0519395134779748,1.051939513477975,-5.525901958236545e-07,-5.023358442253145
boson,small,ss,00,18,0.49230769230769234,19984,1.0310059136499186,1.0310059171597632,1.0310059171597632,-3.40429140432974e-07,-5.023358240749709
boson,small,ss,00,19,0.49743589743589745,19984,1.0102827075686323,1.0102827087442472,1.0102827087442472,-1.1636495100830757e-07,-5.023358027941061
boson,small,ss,00,20,0.5025641025641026,19984,0.9897698894110467,0.9897698882314268,0.9897698882314268,1.1918124265264396e-07,-5.023357804227214
boson,small,ss,00,21,0.5076923076923077,19984,0.9694674591673051,0.9694674556213019,0.9694674556213019,3.657681491020526e-07,-5.023357570027221
boson,small,ss,00,22,0.5128205128205128,19984,0.9493754168278041,0.9493754109138727,0.9493754109138727,6.229286420023072e-07,-5.023357325784817
boson,small,ss,00,23,0.517948717948718,19984,0.9294937623832903,0.9294937541091387,0.9294937541091386,8.90178286638843e-07,-5.023357071960099
boson,small,ss,00,24,0.5230769230769231,19984,0.9098224958247971,0.9098224852071005,0.9098224852071005,1.167007490643357e-06,-5.023356809037005
boson,small,ss,00,25,0.5282051282051282,19984,0.8903616171436943,0.8903616042077579,0.890361604207758,1.4528857006368412e-06,-5.023356537519497
boson,small,ss,00,26,0.5333333333333333,19984,0.8711111263316752,0.8711111111111111,0.8711111111111112,1.7472586488764819e-06,-5.023356257933975
boson,small,ss,00,27,0.5384615384615384,19984,0.8520710233808058,0.8520710059171599,0.8520710059171599,2.0495528829655996e-06,-5.023355970825028
boson,small,ss,00,28,0.5435897435897435,19984,0.8332413082834844,0.8332412886259042,0.8332412886259042,2.3591702147385263e-06,-5.0233556767608984
boson,small,ss,00,29,0.5487179487179488,19984,0.8146219810324778,0.8146219592373437,0.8146219592373437,2.67549062904493e-06,-5.023355376330397
boson,small,ss,00,30,0.5538461538461539,19984,0.7962130416209345,0.7962130177514792,0.7962130177514792,2.9978730164970102e-06,-5.02335507014241
boson,small,ss,00,31,0.558974358974359,19984,0.778014490042385,0.7780144641683103,0.7780144641683103,3.325654707175829e-06,-5.02335475882637
boson,small,ss,00,32,0.5641025641025641,19984,0.7600263262907344,0.760026298487837,0.760026298487837,3.6581493834120238e-06,-5.0233544430341
boson,small,ss,00,33,0.5692307692307692,19984,0.7422485503602733,0.7422485207100591,0.7422485207100592,3.994647790328543e-06,-5.0233541234392165
boson,small,ss,00,34,0.5743589743589743,19984,0.7246811622457057,0.7246811308349771,0.7246811308349771,4.33442064462497e-06,-5.023353800734364
boson,small,ss,00,35,0.5794871794871795,19984,0.7073241619421262,0.7073241288625902,0.7073241288625902,4.676715326112912e-06,-5.023353475634352
boson,small,ss,00,36,0.5846153846153846,19984,0.6901775494450404,0.6901775147928993,0.6901775147928993,5.02075774289068e-06,-5.0233531488744205
boson,small,ss,00,37,0.5897435897435898,19984,0.6732413247503485,0.6732412886259039,0.6732412886259039,5.365750022079396e-06,-5.023352821212368
boson,small,ss,00,38,0.5948717948717949,19984,0.656515487854371,0.6565154503616042,0.6565154503616042,5.710873485220702e-06,-5.02335249342567
boson,small,ss,00,39,0.6,19984,0.6400000387538367,0.6400000000000001,0.6400000000000001,6.05528696073776e-06,-5.0233521663133
boson,small,ss,3s_s,0,0.4,19984,1.4399994866789858,1.44,1.44,-3.564729265104205e-05,-0.9903330499045904
boson,small,ss,3s_s,1,0.40512820512820513,19984,1.415489321671781,1.4154898093359631,1.4154898093359631,-3.445197407359046e-05,-0.990331866423233
boson,small,ss,3s_s,2,0.41025641025641024,19984,1.3911895448881775,1.391190006574622,1.391190006574622,-3.318644056227171e-05,-0.9903306134222523
boson,small,ss,3s_s,3,0.4153846153846154,19984,1.3671001562853125,1.367100591715976,1.3671005917159762,-3.185066748123688e-05,-0.9903292908772898
boson,small,ss,3s_s,4,0.4205128205128205,19984,1.3432211558200946,1.343221564760026,1.3432215647600263,-3.0444711596189222e-05,-0.9903278988445785
boson,small,ss,3s_s,5,0.4256410256410256,19984,1.319552543449299,1.3195529257067717,1.319552925706772,-2.8968710941157383e-05,-0.9903264374607201
boson,small,ss,3s_s,6,0.4307692307692308,19984,1.2960943191296792,1.296094674556213,1.296094674556213,-2.742288358614786e-05,-0.990324906941642
boson,small,ss,3s_s,7,0.4358974358974359,19984,1.2728464828180155,1.2728468113083498,1.2728468113083498,-2.5807530912302923e-05,-0.9903233075857831
boson,small,ss,3s_s,8,0.441025641025641,19984,1.2498090344712558,1.2498093359631819,1.249809335963182,-2.412303360399548e-05,-0.9903216397700199
boson,small,ss,3s_s,9,0.4461538461538462,19984,1.2269819740465695,1.2269822485207103,1.22698224852071,-2.2369854257853206e-05,-0.9903199039523525
boson,small,ss,3s_s,10,0.4512820512820513,19984,1.2043653015014475,1.2043655489809337,1.2043655489809335,-2.054853581734406e-05,-0.9903181006703954
boson,small,ss,3s_s,11,0.4564102564102564,19984,1.181959016793761,1.181959237343853,1.1819592373438528,-1.8659703737711197e-05,-0.9903162305433755
boson,small,ss,3s_s,12,0.46153846153846156,19984,1.1597631198818703,1.1597633136094674,1.1597633136094674,-1.670406322151763e-05,-0.9903142942695231
boson,small,ss,3s_s,13,0.4666666666666667,19984,1.1377776107246722,1.1377777777777778,1.1377777777777778,-1.4682401860977023e-05,-0.9903122926286256
boson,small,ss,3s_s,14,0.4717948717948718,19984,1.1160024892817006,1.1160026298487837,1.1160026298487837,-1.2595587084440751e-05,-0.9903102264795405
boson,small,ss,3s_s,15,0.47692307692307695,19984,1.0944377555131708,1.0944378698224848,1.094437869822485,-1.0444568587786307e-05,-0.9903080967625377
boson,small,ss,3s_s,16,0.48205128205128206,19984,1.0730834093800674,1.0730834976988821,1.0730834976988823,-8.230376746798385e-06,-0.9903059044977902
boson,small,ss,3s_s,17,0.48717948717948717,19984,1.0519394508441964,1.0519395134779748,1.051939513477975,-5.954123560858449e-06,-0.9903036507862728
boson,small,ss,3s_s,18,0.49230769230769234,19984,1.0310058798682595,1.0310059171597632,1.0310059171597632,-3.6170019090953076e-06,-0.9903013368090741
boson,small,ss,3s_s,19,0.49743589743589745,19984,1.0102826964159133,1.0102827087442472,1.0102827087442472,-1.220285550385114e-06,-0.990298963827374
boson,small,ss,3s_s,20,0.5025641025641026,19984,0.9897699004518125,0.9897698882314268,0.9897698882314268,1.2346693667453223e-06,-0.9902965331837987
boson,small,ss,3s_s,21,0.5076923076923077,19984,0.9694674919416827,0.9694674556213019,0.9694674556213019,3.7464259916575315e-06,-0.9902940463010435
boson,small,ss,3s_s,22,0.5128205128205128,19984,0.949375470852372,0.9493754109138727,0.9493754109138727,6.313466571761239e-06,-0.9902915046818062
boson,small,ss,3s_s,23,0.517948717948718,19984,0.9294938371518839,0.9294937541091387,0.9294937541091386,8.93419076497537e-06,-0.9902889099105749
boson,small,ss,3s_s,24,0.5230769230769231,19984,0.909822590809446,0.9098224852071005,0.9098224852071005,1.1606917538209416e-05,-0.9902862636517851
boson,small,ss,3s_s,25,0.5282051282051282,19984,0.8903617317955511,0.8903616042077579,0.890361604207758,1.4329884923114378e-05,-0.9902835676498967
boson,small,ss,3s_s,26,0.5333333333333333,19984,0.8711112600819775,0.8711111111111111,0.8711111111111112,1.710124741816088e-05,-0.9902808237321259
boson,small,ss,3s_s,27,0.5384615384615384,19984,0.8520711756418666,0.8520710059171599,0.8520710059171599,1.991908016307775e-05,-0.9902780338043038
boson,small,ss,3s_s,28,0.5435897435897435,19984,0.8332414784497292,0.8332412886259042,0.8332412886259042,2.2781375275116034e-05,-0.990275199854429
boson,small,ss,3s_s,29,0.5487179487179488,19984,0.8146221684814952,0.8146219592373437,0.8146219592373437,2.568604358099691e-05,-0.9902723239510025
boson,small,ss,3s_s,30,0.5538461538461539,19984,0.7962132457145402,0.7962130177514792,0.7962130177514792,2.8630913573302053e-05,-0.9902694082439933
boson,small,ss,3s_s,31,0.558974358974359,19984,0.778014710127726,0.7780144641683103,0.7780144641683103,3.161373303139925e-05,-0.9902664549633178
boson,small,ss,3s_s,32,0.5641025641025641,19984,0.7600265617014058,0.760026298487837,0.760026298487837,3.4632165935022385e-05,-0.9902634664219034
boson,small,ss,3s_s,33,0.5692307692307692,19984,0.742248800417481,0.7422485207100591,0.7422485207100592,3.76837964832788e-05,-0.9902604450115926
boson,small,ss,3s_s,34,0.5743589743589743,19984,0.7246814262593917,0.7246811308349771,0.7246811308349771,4.076612485359732e-05,-0.9902573932074499
boson,small,ss,3s_s,35,0.5794871794871795,19984,0.7073244392121623,0.7073241288625902,0.7073241288625902,4.387657077664642e-05,-0.9902543135641872
boson,small,ss,3s_s,36,0.5846153846153846,19984,0.6901778392623941,0.6901775147928993,0.6901775147928993,4.701246965055361e-05,-0.9902512087200499
boson,small,ss,3s_s,37,0.5897435897435898,19984,0.6732416263983092,0.6732412886259039,0.6732412886259039,5.017107700400203e-05,-0.9902480813923198
boson,small,ss,3s_s,38,0.5948717948717949,19984,0.6565158006097309,0.6565154503616042,0.6565154503616042,5.334956345581787e-05,-0.990244934382345
boson,small,ss,3s_s,39,0.6,19984,0.6400003618881233,0.6400000000000001,0.6400000000000001,5.654501924468036e-05,-0.9902417705710764
ising,large,I,epsilon,0,0.4,8245,1.2569359142370367,1.2538066196576387,1.2487520125307046,0.24958351075323737,0.13383668382700442
ising,large,I,epsilon,1,0.40512820512820513,8245,1.2421307189217576,1.2391695964874498,1.2348952869507264,0.23896022325768929,0.12322566183695649
ising,large,I,epsilon,2,0.41025641025641024,8245,1.2275340819274305,1.2247408380981093,1.22115750322122,0.22806815470111097,0.11234616911690587
ising,large,I,epsilon,3,0.4153846153846154,8245,1.2131395307810706,1.210513762032273,1.2075386613421855,0.21691358092363888,0.10120447426098522
ising,large,I,epsilon,4,0.4205128205128205,8245,1.1989408506719677,1.1964820486588696,1.1940387613136232,0.20550262461973556,0.08980669289446741
ising,large,I,epsilon,5,0.4256410256410256,8245,1.1849320706069255,1.1826396270023902,1.1806578031355326,0.1938412642527476,0.0781587965779984
ising,large,I,epsilon,6,0.4307692307692308,8245,1.1711074504443455,1.1689806614714873,1.1673957868079137,0.18193534272681333,0.06626662146966833
ising,large,I,epsilon,7,0.4358974358974359,8245,1.1574614687405287,1.1554995394187824,1.1542527123307669,0.16979057583468293,0.0541358767627953
ising,large,I,epsilon,8,0.441025641025641,8245,1.1439888113473469,1.1421908594696006,1.141228579704092,0.1574125605050991,0.041772152923980066
ising,large,I,epsilon,9,0.4461538461538462,8245,1.130684360705519,1.1290494205626127,1.128323388927889,0.14480678286798998,0.029180929748950923
ising,large,I,epsilon,10,0.4512820512820513,8245,1.1175431857824252,1.116070211650128,1.115537140002158,0.13197862615823563,0.016367584257204193
ising,large,I,epsilon,11,0.4564102564102564,8245,1.104560532607603,1.103248402010094,1.1028698329268989,0.11893337847741492,0.0033373984447138128
ising,large,I,epsilon,12,0.46153846153846156,8245,1.0917318153628774,1.0905793321257493,1.0903214677021116,0.1056762404328504,-0.009904433085772268
ising,large,I,epsilon,13,0.4666666666666667,8245,1.0790526079875584,1.0780585050924303,1.0778920443277964,0.09221233267324713,-0.023352795597730847
ising,large,I,epsilon,14,0.4717948717948718,8245,1.0665186362622694,1.0656815785142464,1.065581562803953,0.07854670333984348,-0.03700264677849452
ising,large,I,epsilon,15,0.47692307692307695,8245,1.0541257703378544,1.053444356856257,1.0533900231305815,0.06468433545279151,-0.05084900936118686
ising,large,I,epsilon,16,0.48205128205128206,8245,1.0418700176783755,1.0413427842204506,1.041317425307682,0.050630154250286274,-0.06488696379423065
ising,large,I,epsilon,17,0.48717948717948717,8245,1.0297475163896237,1.029372937516236,1.0293637693352544,0.036389034502071205,-0.0791116409362469
ising,large,I,epsilon,18,0.49230769230769234,8245,1.0177545289066796,1.017531019998378,1.0175290552132987,0.02196580781408386,-0.09351821475979127
ising,large,I,epsilon,19,0.49743589743589745,8245,1.0058874360160668,1.005813355147313,1.005813282941815,0.00736526994542519,-0.10810189504290024
ising,large,I,epsilon,20,0.5025641025641026,8245,0.9941427311898293,0.9942163808686052,0.994216452520803,-0.007407811839865719,-0.12285792002577622
ising,large,I,epsilon,21,0.5076923076923077,8245,0.9825170152104082,0.9827366439900151,0.9827385639502632,-0.02234869137627271,-0.13778154902270856
ising,large,I,epsilon,22,0.5128205128205128,8245,0.9710069910669323,0.9713707950361379,0.9713796172301951,-0.03745263611636407,-0.1528680549504169
ising,large,I,epsilon,23,0.517948717948718,8245,0.9596094591045692,0.9601155832620027,0.9601396123605989,-0.05271491956353458,-0.16811271676947515
ising,large,I,epsilon,24,0.5230769230769231,8245,0.9483213124101264,0.9489678519282955,0.9490185493414747,-0.06813081358396644,-0.18351081180505435
ising,large,I,epsilon,25,0.5282051282051282,8245,0.93713953241807,0.937924533802023,0.9380164281728224,-0.08369558057841342,-0.1990576079279105
ising,large,I,epsilon,26,0.5333333333333333,8245,0.9260611847222197,0.9269826468675272,0.927133248854642,-0.09940446549041582,-0.21474835557171446
ising,large,I,epsilon,27,0.5384615384615384,8245,0.9150834150793465,0.916139290233719,0.9163690113869337,-0.11525268762385688,-0.2305782795600564
ising,large,I,epsilon,28,0.5435897435897435,8245,0.9042034455917519,0.905391640224302,0.9057237157696971,-0.13123543224407008,-0.246542570717323
ising,large,I,epsilon,29,0.5487179487179488,8245,0.893418571056692,0.8947369466385747,0.8951973620029322,-0.14734784193675132,-0.2626363772375018
ising,large,I,epsilon,30,0.5538461538461539,8245,0.8827261554712835,0.8841725291711346,0.8847899500866396,-0.16358500769154682,-0.2788547957781051
ising,large,I,epsilon,31,0.558974358974359,8245,0.8721236286821272,0.8736957739794957,0.874501480020819,-0.17994195968324966,-0.2951928622520361
ising,large,I,epsilon,32,0.5641025641025641,8245,0.8616084831695462,0.8633041303892433,0.8643319518054701,-0.19641365771441155,-0.31164554228116925
ising,large,I,epsilon,33,0.5692307692307692,8245,0.8511782709568269,0.8529951077269101,0.8542813654405932,-0.21299498128715122,-0.3282077212797163
ising,large,I,epsilon,34,0.5743589743589743,8245,0.8408306006353904,0.8427662722712657,0.8443497209261881,-0.22968071926497968,-0.34487419412787546
ising,large,I,epsilon,35,0.5794871794871795,8245,0.830563134497235,0.8326152443141679,0.8345370182622549,-0.2464655590858511,-0.3616396543974276
ising,large,I,epsilon,36,0.5846153846153846,8245,0.8203735857664054,0.8225396953225358,0.8248432574487936,-0.2633440754833183,-0.37849868308583723
ising,large,I,epsilon,37,0.5897435897435898,8245,0.8102597159215876,0.8125373451933621,0.8152684384858043,-0.28031071867009594,-0.3954457368135489
ising,large,I,epsilon,38,0.5948717948717949,8245,0.8002193321022449,0.8026059595940217,0.805812561373287,-0.29735980193618117,-0.41247513543635206
ising,large,I,epsilon,39,0.6,8245,0.7902502845910006,0.7927433473803959,0.7964756261112417,-0.31448548860530945,-0.42958104901694716
ising,large,I,sigma,0,0.4,8245,1.2857415287682183,1.286991368217129,1.2818848224278696,-0.09711327362218469,-1.0660738054777408
ising,large,I,sigma,1,0.40512820512820513,8245,1.2693181798648658,1.2705016623553815,1.266182434375585,-0.09315080220529959,-1.0621497661676416
ising,large,I,sigma,2,0.41025641025641024,8245,1.2531194682068896,1.2542366102284426,1.250614830770101,-0.08906947958962075,-1.0581080283994293
ising,large,I,sigma,3,0.4153846153846154,8245,1.2371387804268685,1.2381896452305852,1.2351820116114178,-0.08487107025684226,-1.0539503395410321
ising,large,I,sigma,4,0.4205128205128205,8245,1.221369758261775,1.222354453628626,1.2198839768995353,-0.08055726912334915,-1.0496783780698293
ising,large,I,sigma,5,0.4256410256410256,8245,1.2058062854005434,1.2067249615497984,1.2047207266344537,-0.07612970465740165,-1.045293756659471
ising,large,I,sigma,6,0.4307692307692308,8245,1.1904424751426566,1.1912953227715974,1.1896922608161726,-0.07158994185897383,-1.0407980251310178
ising,large,I,sigma,7,0.4358974358974359,8245,1.1752726588082725,1.1760599072548121,1.1747985794446922,-0.06693948511323766,-1.0361926732785354
ising,large,I,sigma,8,0.441025641025641,8245,1.1602913748453951,1.1610132903658719,1.1600396825200128,-0.06217978092647458,-1.0314791335786055
ising,large,I,sigma,9,0.4461538461538462,8245,1.1454933585840765,1.1461502427390717,1.1454155700421338,-0.05731222055368468,-1.0266587837924557
ising,large,I,sigma,10,0.4512820512820513,8245,1.13087353259173,1.1314657207332914,1.1309262420110557,-0.05233814252698643,-1.0217329494697003
ising,large,I,sigma,11,0.4564102564102564,8245,1.1164269975873349,1.116954857441459,1.1165716984267786,-0.047258835091434914,-1.0167029063606892
ising,large,I,sigma,12,0.46153846153846156,8245,1.1021490238756642,1.1026129542143532,1.1023519392893018,-0.04207553855737345,-1.0115698827459663
ising,large,I,sigma,13,0.4666666666666667,8245,1.0880350432657346,1.0884354726633596,1.0882669645986258,-0.03678944757700142,-1.0063350616907885
ising,large,I,sigma,14,0.4717948717948718,8245,1.074080641440482,1.0744180271095392,1.0743167743547508,-0.031401713350320826,-1.0009995832296004
ising,large,I,sigma,15,0.47692307692307695,8245,1.0602815507471561,1.0605563774488949,1.060501368557676,-0.02591344577077548,-0.9955645464910012
ising,large,I,sigma,16,0.48205128205128206,8245,1.0466336433803156,1.0468464224059955,1.0468207472074025,-0.020325715513347387,-0.9900310117654243
ising,large,I,sigma,17,0.48717948717948717,8245,1.0331329249313441,1.0332841931502161,1.0332749103039294,-0.014639556075157767,-0.9844000025261535
ising,large,I,sigma,18,0.49230769230769234,8245,1.0197755282803975,1.0198658472507691,1.019863857847257,-0.008855965773835184,-0.9786725074080516
ising,large,I,sigma,19,0.49743589743589745,8245,1.0065577078084453,1.0065876629484338,1.0065875898373855,-0.0029759097087245223,-0.97284948214994
ising,large,I,sigma,20,0.5025641025641026,8245,0.9934758339086642,0.9934460337235053,0.9934461062743147,0.0029996783063479526,-0.9669318515085568
ising,large,I,sigma,21,0.5076923076923077,8245,0.9805263877779695,0.9804374631409484,0.9804394071580447,0.009069893834556808,-0.9609205111486441
ising,large,I,sigma,22,0.5128205128205128,8245,0.9677059564707825,0.9675585599550791,0.9675674924885752,0.015233859923702298,-0.9548163295167389
ising,large,I,sigma,23,0.517948717948718,8245,0.9550112281984201,0.9548060334573327,0.9548303622659065,0.021490725225570273,-0.9486201497038493
ising,large,I,sigma,24,0.5230769230769231,8245,0.9424389878586086,0.9421766890518175,0.9422280164900385,0.027839662118478437,-0.942332791304501
ising,large,I,sigma,25,0.5282051282051282,8245,0.9299861127806907,0.9296674240443759,0.9297604551609714,0.03427986482826828,-0.9359550522776705
ising,large,I,sigma,26,0.5333333333333333,8245,0.9176495686730626,0.9172752236318469,0.917427678278705,0.04081054754030422,-0.9294877108163346
ising,large,I,sigma,27,0.5384615384615384,8245,0.9054264057602466,0.9049971570790922,0.9052296858432392,0.04743094249486379,-0.9229315272337058
ising,large,I,sigma,28,0.5435897435897435,8245,0.8933137550978564,0.8928303740721589,0.8931664778545741,0.054140298060501024,-0.916287245871128
ising,large,I,sigma,29,0.5487179487179488,8245,0.8813088250544251,0.8807721012366928,0.8812380543127096,0.06093787677636797,-0.9095555970368041
ising,large,I,sigma,30,0.5538461538461539,8245,0.8694088979497893,0.8688196388114026,0.8694444152176461,0.0678229533568997,-0.9027372989817484
ising,large,I,sigma,31,0.558974358974359,8245,0.8576113268403324,0.8569703574670021,0.8577855605693834,0.07479481264962562,-0.8958330599221243
ising,large,I,sigma,32,0.5641025641025641,8245,0.8459135324420023,0.8452216952616328,0.8462614903679212,0.0818527475392461,-0.8888435801149175
ising,large,I,sigma,33,0.5692307692307692,8245,0.8343130001825274,0.8335711547243074,0.8348722046132598,0.08899605678718281,-0.8817695539973802
ising,large,I,sigma,34,0.5743589743589743,8245,0.8228072773747699,0.8220163000583952,0.8236177033053993,0.09622404279798769,-0.8746116723989616
ising,large,I,sigma,35,0.5794871794871795,8245,0.811393970503604,0.8105547544576235,0.8124979864443391,0.10353600930290696,-0.867370624835262
ising,large,I,sigma,36,0.5846153846153846,8245,0.8000707426191137,0.7991841975274792,0.80151305403008,0.11093125894847677,-0.8600471018961553
ising,large,I,sigma,37,0.5897435897435898,8245,0.7888353108292928,0.7879023628052695,0.7906629060626216,0.11840909077891482,-0.8526417977387957
ising,large,I,sigma,38,0.5948717948717949,8245,0.7776854438857878,0.7767070353724441,0.7799475425419637,0.12596879760133906,-0.8451554126969962
ising,large,I,sigma,39,0.6,8245,0.7666189598565113,0.7655960495530995,0.7693669634681067,0.13360966321716017,-0.8375886560228918
ising,large,epsilon,I,0,0.4,8245,1.2560427364683857,1.2538066196576387,1.2487520125307046,0.1783462278543091,0.37506427230928896
ising,large,epsilon,I,1,0.40512820512820513,8245,1.2412938026639473,1.2391695964874498,1.2348952869507264,0.17142174747659666,0.36812619447972317
ising,large,epsilon,I,2,0.41025641025641024,8245,1.2267520887128676,1.2247408380981093,1.22115750322122,0.16421846583327682,0.3609087679085743
ising,large,epsilon,I,3,0.4153846153846154,8245,1.2124111647252316,1.210513762032273,1.2075386613421855,0.15674358710082714,0.35341921091898154
ising,large,epsilon,I,4,0.4205128205128205,8245,1.1982648564998466,1.1964820486588696,1.1940387613136232,0.14900414452312383,0.3456645705658623
ising,large,epsilon,I,5,0.4256410256410256,8245,1.184307231789219,1.1826396270023902,1.1806578031355326,0.1410070108216699,0.33765173306650187
ising,large,epsilon,I,6,0.4307692307692308,8245,1.1705325874358543,1.1689806614714873,1.1673957868079137,0.13275890829651527,0.3293874339214131
ising,large,epsilon,I,7,0.4358974358974359,8245,1.15693543731389,1.1554995394187824,1.1542527123307669,0.12426641864609067,0.32087826775333284
ising,large,epsilon,I,8,0.441025641025641,8245,1.1435105010157123,1.1421908594696006,1.141228579704092,0.11553599253320002,0.31213069789215453
ising,large,epsilon,I,9,0.4461538461538462,8245,1.130252693228274,1.1290494205626127,1.128323388927889,0.10657395892037513,0.3031510657284242
ising,large,epsilon,I,10,0.4512820512820513,8245,1.1171571137485192,1.116070211650128,1.115537140002158,0.09738653420237053,0.29394559986390956
ising,large,epsilon,I,11,0.4564102564102564,8245,1.1042190380914307,1.103248402010094,1.1028698329268989,0.08797983115753638,0.28452042508042563
ising,large,epsilon,I,12,0.46153846153846156,8245,1.0914339086480356,1.0905793321257493,1.0903214677021116,0.0783598677430053,0.27488157115249656
ising,large,epsilon,I,13,0.4666666666666667,8245,1.0787973263541482,1.0780585050924303,1.0778920443277964,0.06853257575798466,0.26503498152747884
ising,large,epsilon,I,14,0.4717948717948718,8245,1.066305042833706,1.0656815785142464,1.065581562803953,0.058503809395760165,0.25498652189437365
ising,large,epsilon,I,15,0.47692307692307695,8245,1.0539529529834417,1.053444356856257,1.0533900231305815,0.04827935370999015,0.24474198866688557
ising,large,epsilon,I,16,0.48205128205128206,8245,1.0417370879681676,1.0413427842204506,1.041317425307682,0.037864933016473756,0.2343071174014444
ising,large,epsilon,I,17,0.48717948717948717,8245,1.0296536085983083,1.029372937516236,1.0293637693352544,0.027266219252819468,0.2236875911735936
ising,large,epsilon,I,18,0.49230769230769234,8245,1.0176987990634896,1.017531019998378,1.0175290552132987,0.016488840321726705,0.21288904893739247
ising,large,epsilon,I,19,0.49743589743589745,8245,1.0058690609978431,1.005813355147313,1.005813282941815,0.005538388434112029,0.2019170938850401
ising,large,epsilon,I,20,0.5025641025641026,8245,0.9941609078546523,0.9942163808686052,0.994216452520803,-0.005579571511837855,0.19077730184242636
ising,large,epsilon,I,21,0.5076923076923077,8245,0.9825709595692944,0.9827366439900151,0.9827385639502632,-0.016859493510701373,0.17947522970553909
ising,large,epsilon,I,22,0.5128205128205128,8245,0.9710959374912754,0.9713707950361379,0.9713796172301951,-0.02829584194491419,0.16801642396209182
ising,large,epsilon,I,23,0.517948717948718,8245,0.959732659567183,0.9601155832620027,0.9601396123605989,-0.039883082984526474,0.15640642930869753
ising,large,epsilon,I,24,0.5230769230769231,8245,0.948478035757837,0.9489678519282955,0.9490185493414747,-0.05161567585911797,0.14465079739609532
ising,large,epsilon,I,25,0.5282051282051282,8245,0.937329063673944,0.937924533802023,0.9380164281728224,-0.06348806397730167,0.13275509572701072
ising,large,epsilon,I,26,0.5333333333333333,8245,0.9262828244156347,0.9269826468675272,0.927133248854642,-0.07549466586643794,0.12072491673431607
ising,large,epsilon,I,27,0.5384615384615384,8245,0.9153364786021998,0.916139290233719,0.9163690113869337,-0.08762986590329369,0.10856588706849024
ising,large,epsilon,I,28,0.5435897435897435,8245,0.9044872625792004,0.905391640224302,0.9057237157696971,-0.0998880048061257,0.09628367712430919
ising,large,epsilon,I,29,0.5487179487179488,8245,0.8937324847909224,0.8947369466385747,0.8951973620029322,-0.11226336985702412,0.08388401083763153
ising,large,epsilon,I,30,0.5538461538461539,8245,0.8830695223068611,0.8841725291711346,0.8847899500866396,-0.12475018482055455,0.07137267578654072
ising,large,epsilon,I,31,0.558974358974359,8245,0.8724958174915785,0.8736957739794957,0.874501480020819,-0.13734259952428163,0.05875553363132724
ising,large,epsilon,I,32,0.5641025641025641,8245,0.8620088748078643,0.8633041303892433,0.8643319518054701,-0.1500346790643703,0.04603853093010368
ising,large,epsilon,I,33,0.5692307692307692,8245,0.8516062577436859,0.8529951077269101,0.8542813654405932,-0.16282039259583048,0.03322771037046479
ising,large,epsilon,I,34,0.5743589743589743,8245,0.841285585853877,0.8427662722712657,0.8443497209261881,-0.1756936016670596,0.020329222457937668
ising,large,epsilon,I,35,0.5794871794871795,8245,0.8310445319079807,0.8326152443141679,0.8345370182622549,-0.1886480480526198,0.007349337707140968
ising,large,epsilon,I,36,0.5846153846153846,8245,0.8208808191360383,0.8225396953225358,0.8248432574487936,-0.20167734103665458,-0.005705540616773863
ising,large,epsilon,I,37,0.5897435897435898,8245,0.810792218564462,0.8125373451933621,0.8152684384858043,-0.21477494409622988,-0.01882886315524024
ising,large,epsilon,I,38,0.5948717948717949,8245,0.8007765464344601,0.8026059595940217,0.805812561373287,-0.22793416092835583,-0.032013920455864486
ising,large,epsilon,I,39,0.6,8245,0.7908316616957167,0.7927433473803959,0.7964756261112417,-0.24114812076270198,-0.04525382825638635
ising,large,epsilon,sigma,0,0.4,8245,1.2904149779443748,1.286991368217129,1.2818848224278696,0.26601652596851544,-1.0152854331636374
ising,large,epsilon,sigma,1,0.40512820512820513,8245,1.2736943666840492,1.2705016623553815,1.266182434375585,0.2512947777454144,-1.0298190517941452
ising,large,epsilon,sigma,2,0.41025641025641024,8245,1.257205628081197,1.2542366102284426,1.250614830770101,0.23671911890801312,-1.044208447918904
ising,large,epsilon,sigma,3,0.4153846153846154,8245,1.2409419444697902,1.2381896452305852,1.2351820116114178,0.22228414280531794,-1.0584589590971638
ising,large,epsilon,sigma,4,0.4205128205128205,8245,1.2248967621234284,1.222354453628626,1.2198839768995353,0.20798455695525409,-1.0725758101782668
ising,large,epsilon,sigma,5,0.4256410256410256,8245,1.2090637776459279,1.2067249615497984,1.2047207266344537,0.19381517501102508,-1.086564121232525
ising,large,epsilon,sigma,6,0.4307692307692308,8245,1.1934369252025157,1.1912953227715974,1.1896922608161726,0.17977090902494552,-1.100428915188656
ising,large,epsilon,sigma,7,0.4358974358974359,8245,1.178010364529979,1.1760599072548121,1.1747985794446922,0.16584676198339032,-1.114175125203276
ising,large,epsilon,sigma,8,0.441025641025641,8245,1.1627784696692522,1.1610132903658719,1.1600396825200128,0.1520378205855044,-1.127807601790043
ising,large,epsilon,sigma,9,0.4461538461538462,8245,1.1477358183685724,1.1461502427390717,1.1454155700421338,0.13833924823951627,-1.141331119733835
ising,large,epsilon,sigma,10,0.4512820512820513,8245,1.1328771821096364,1.1314657207332914,1.1309262420110557,0.12474627825491691,-1.1547503848114982
ising,large,epsilon,sigma,11,0.4564102564102564,8245,1.118197516712954,1.116954857441459,1.1165716984267786,0.11125420720596857,-1.1680700403435051
ising,large,epsilon,sigma,12,0.46153846153846156,8245,1.103691953482138,1.1026129542143532,1.1023519392893018,0.0978583884454487,-1.1812946735975438
ising,large,epsilon,sigma,13,0.4666666666666667,8245,1.0893557908500304,1.0884354726633596,1.0882669645986258,0.0845542257474241,-1.1944288220642418
ising,large,epsilon,sigma,14,0.4717948717948718,8245,1.075184486492446,1.0744180271095392,1.0743167743547508,0.07133716705860493,-1.207476979626032
ising,large,epsilon,sigma,15,0.47692307692307695,8245,1.0611736498779722,1.0605563774488949,1.060501368557676,0.05820269833860525,-1.2204436026383436
ising,large,epsilon,sigma,16,0.48205128205128206,8245,1.0473190352246493,1.0468464224059955,1.0468207472074025,0.04514633747016994,-1.2333331159412597
ising,large,epsilon,sigma,17,0.48717948717948717,8245,1.0336165348365478,1.0332841931502161,1.0332749103039294,0.032163628219117335,-1.2461499188227032
ising,large,epsilon,sigma,18,0.49230769230769234,8245,1.0200621727952957,1.0198658472507691,1.019863857847257,0.01925013422654498,-1.2588983909491813
ising,large,epsilon,sigma,19,0.49743589743589745,8245,1.0066520989834034,1.0065876629484338,1.0065875898373855,0.0064014330138695286,-1.2715828982843402
ising,large,epsilon,sigma,20,0.5025641025641026,8245,0.9933825834179464,0.9934460337235053,0.9934461062743147,-0.006386890017673341,-1.2842077990126821
ising,large,epsilon,sigma,21,0.5076923076923077,8245,0.9802500108746857,0.9804374631409484,0.9804394071580447,-0.01911924761240913,-1.2967774494879403
ising,large,epsilon,sigma,22,0.5128205128205128,8245,0.967250875784132,0.9675585599550791,0.9675674924885752,-0.03180005672849262,-1.3092962102238537
ising,large,epsilon,sigma,23,0.517948717948718,8245,0.9543817773823413,0.9548060334573327,0.9548303622659065,-0.04443374466908123,-1.3217684519469808
ising,large,epsilon,sigma,24,0.5230769230769231,8245,0.9416394151004297,0.9421766890518175,0.9422280164900385,-0.05702475529600903,-1.3341985617309038
ising,large,epsilon,sigma,25,0.5282051282051282,8245,0.929020584177873,0.9296674240443759,0.9297604551609714,-0.06957755534650056,-1.3465909492322958
ising,large,epsilon,sigma,26,0.5333333333333333,8245,0.9165221714856904,0.9172752236318469,0.917427678278705,-0.08209664087239776,-1.3589500530478804
ising,large,epsilon,sigma,27,0.5384615384615384,8245,0.9041411515464886,0.9049971570790922,0.9052296858432392,-0.09458654382589193,-1.3712803472158863
ising,large,epsilon,sigma,28,0.5435897435897435,8245,0.8918745827392393,0.8928303740721589,0.8931664778545741,-0.10705183881237756,-1.383586347882726
ising,large,epsilon,sigma,29,0.5487179487179488,8245,0.8797196036774079,0.8807721012366928,0.8812380543127096,-0.11949715003541916,-1.395872620159122
ising,large,epsilon,sigma,30,0.5538461538461539,8245,0.8676734297497954,0.8688196388114026,0.8694444152176461,-0.13192715845778968,-1.4081437851897305
ising,large,epsilon,sigma,31,0.558974358974359,8245,0.855733349814101,0.8569703574670021,0.8577855605693834,-0.1443466092056478,-1.4204045274626043
ising,large,epsilon,sigma,32,0.5641025641025641,8245,0.8438967230338337,0.8452216952616328,0.8462614903679212,-0.15676031924252154,-1.4326596023852
ising,large,epsilon,sigma,33,0.5692307692307692,8245,0.832160975849743,0.8335711547243074,0.8348722046132598,-0.16917318534502845,-1.444913844158069
ising,large,epsilon,sigma,34,0.5743589743589743,8245,0.8205235990774887,0.8220163000583952,0.8236177033053993,-0.18159019240864271,-1.4571721739746302
ising,large,epsilon,sigma,35,0.5794871794871795,8245,0.8089821451236999,0.8105547544576235,0.8124979864443391,-0.194016422120169,-1.4694396085826122
ising,large,epsilon,sigma,36,0.5846153846153846,8245,0.7975342253130494,0.7991841975274792,0.80151305403008,-0.20645706203080705,-1.4817212692414428
ising,large,epsilon,sigma,37,0.5897435897435898,8245,0.7861775073193308,0.7879023628052695,0.7906629060626216,-0.2189174150712625,-1.4940223911155015
ising,large,epsilon,sigma,38,0.5948717948717949,8245,0.7749097126939325,0.7767070353724441,0.7799475425419637,-0.23140290954745124,-1.506348333142249
ising,large,epsilon,sigma,39,0.6,8245,0.7637286144853913,0.7655960495530995,0.7693669634681067,-0.24391910966602426,-1.518704588423181
ising,large,sigma,I,0,0.4,8245,1.2857471549015165,1.286991368217129,1.2818848224278696,-0.09667611969582657,-1.0665545365573181
ising,large,sigma,I,1,0.40512820512820513,8245,1.2693233403713897,1.2705016623553815,1.266182434375585,-0.09274462355345348,-1.062661208046467
ising,large,sigma,I,2,0.41025641025641024,8245,1.253124184044921,1.2542366102284426,1.250614830770101,-0.08869348689470868,-1.0586494005096925
ising,large,sigma,I,3,0.4153846153846154,8245,1.2371430722527474,1.2381896452305852,1.2351820116114178,-0.08452444921253077,-1.0545208365526082
ising,large,sigma,I,4,0.4205128205128205,8245,1.2213736464265892,1.222354453628626,1.2198839768995353,-0.08023918096139449,-1.0502771704126501
ising,large,sigma,I,5,0.4256410256410256,8245,1.2058097899473348,1.2067249615497984,1.2047207266344537,-0.07583928663315032,-1.0459199910049954
ising,large,sigma,I,6,0.4307692307692308,8245,1.190445615804072,1.1912953227715974,1.1896922608161726,-0.07132630769913773,-1.0414508248360987
ising,large,sigma,I,7,0.4358974358974359,8245,1.1752754550046243,1.1760599072548121,1.1747985794446922,-0.06670172542646569,-1.0368711387927054
ising,large,sigma,I,8,0.441025641025641,8245,1.160293845683066,1.1610132903658719,1.1600396825200128,-0.06196696358050646,-1.0321823428179888
ising,large,sigma,I,9,0.4461538461538462,8245,1.145495522854247,1.1461502427390717,1.1454155700421338,-0.05712339101897612,-1.0273857924805951
ising,large,sigma,I,10,0.4512820512820513,8245,1.1308754087693746,1.1314657207332914,1.1309262420110557,-0.0521723241897476,-1.0224827914480983
ising,large,sigma,I,11,0.4564102564102564,8245,1.1164286038304598,1.116954857441459,1.1165716984267786,-0.04711502953705926,-1.0174745938698604
ising,large,sigma,I,12,0.46153846153846156,8245,1.1021503780247428,1.1026129542143532,1.1023519392893018,-0.041952725826632786,-1.0123624066796344
ising,large,sigma,I,13,0.4666666666666667,8245,1.0880361628433315,1.0884354726633596,1.0882669645986258,-0.03668658639459643,-1.007147391822627
ising,large,sigma,I,14,0.4717948717948718,8245,1.074081543651011,1.0744180271095392,1.0743167743547508,-0.031317741329550675,-1.0018306684162925
ising,large,sigma,I,15,0.47692307692307695,8245,1.0602822524767732,1.0605563774488949,1.060501368557676,-0.025847279593094186,-0.9964133148504306
ising,large,sigma,I,16,0.48205128205128206,8245,1.0466341611969012,1.0468464224059955,1.0468207472074025,-0.020276251086226438,-0.9908963708334606
ising,large,sigma,I,17,0.48717948717948717,8245,1.033133275084563,1.0332841931502161,1.0332749103039294,-0.014605668668277172,-0.9852808393916224
ising,large,sigma,I,18,0.49230769230769234,8245,1.0197757267018248,1.0198658472507691,1.019863857847257,-0.008836510133880537,-0.9795676888270322
ising,large,sigma,I,19,0.49743589743589745,8245,1.0065577701117165,1.0065876629484338,1.0065875898373855,-0.00296972015628727,-0.9737578546418324
ising,large,sigma,I,20,0.5025641025641026,8245,0.9934757753896563,0.9934460337235053,0.9934461062743147,0.002993787799376868,-0.9678522414331092
ising,large,sigma,I,21,0.5076923076923077,8245,0.9805262234149777,0.9804374631409484,0.9804394071580447,0.00905312958412452,-0.9618517247663938
ising,large,sigma,I,22,0.5128205128205128,8245,0.9677057009246924,0.9675585599550791,0.9675674924885752,0.015207448489751307,-0.9557571530327658
ising,large,sigma,I,23,0.517948717948718,8245,0.9550108958128493,0.9548060334573327,0.9548303622659065,0.021455913383228165,-0.9495693492965307
ising,large,sigma,I,24,0.5230769230769231,8245,0.9424385926600048,0.9421766890518175,0.9422280164900385,0.027797716843425135,-0.9432891131402221
ising,large,sigma,I,25,0.5282051282051282,8245,0.9299856684783873,0.9296674240443759,0.9297604551609714,0.03423207329638078,-0.936917222511302
ising,large,sigma,I,26,0.5333333333333333,8245,0.9176490886592574,0.9172752236318469,0.917427678278705,0.04075821713904748,-0.930454435580208
ising,large,sigma,I,27,0.5384615384615384,8245,0.9054259031099132,0.9049971570790922,0.9052296858432392,0.04737540084709391,-0.9239014926142208
ising,large,sigma,I,28,0.5435897435897435,8245,0.8933132425685592,0.8928303740721589,0.8931664778545741,0.0540828930581716,-0.9172591178754685
ising,large,sigma,I,29,0.5487179487179488,8245,0.8813083150860392,0.8807721012366928,0.8812380543127096,0.06087997662431732,-0.9105280215496836
ising,large,sigma,I,30,0.5538461538461539,8245,0.8694084026641106,0.8688196388114026,0.8694444152176461,0.0677659466254088,-0.9037089017135846
ising,large,sigma,I,31,0.558974358974359,8245,0.8576108580405644,0.8569703574670021,0.8577855605693834,0.07474010833412592,-0.8968024463498869
ising,large,sigma,I,32,0.5641025641025641,8245,0.8459131016121151,0.8452216952616328,0.8462614903679212,0.08180177512697728,-0.8898093354163028
ising,large,sigma,I,33,0.5692307692307692,8245,0.8343126184864744,0.8335711547243074,0.8348722046132598,0.0889502663287578,-0.8827302429798456
ising,large,sigma,I,34,0.5743589743589743,8245,0.8228069556555564,0.8220163000583952,0.8236177033053993,0.09618490498364274,-0.8755658394243748
ising,large,sigma,I,35,0.5794871794871795,8245,0.8113937192821935,0.8105547544576235,0.8124979864443391,0.10350501554103886,-0.8683167937421188
ising,large,sigma,I,36,0.5846153846153846,8245,0.8000705720931627,0.7991841975274792,0.80151305403008,0.11090992144562328,-0.8609837759203209
ising,large,sigma,I,37,0.5897435897435898,8245,0.7888352308717114,0.7879023628052695,0.7906629060626216,0.11839894262031248,-0.8535674594337017
ising,large,sigma,I,38,0.5948717948717949,8245,0.7776854640431032,0.7767070353724441,0.7799475425419637,0.12597139282894965,-0.846068523856347
ising,large,sigma,I,39,0.6,8245,0.766619089347039,0.7655960495530995,0.7693669634681067,0.1336265769052547,-0.8384876576057798
ising,large,sigma,epsilon,0,0.4,8245,1.2820368175731498,1.286991368217129,1.2818848224278696,-0.3849715519726238,0.85503009410548
ising,large,sigma,epsilon,1,0.40512820512820513,8245,1.2658565265975388,1.2705016623553815,1.266182434375585,-0.3656142998845979,0.8746283040572678
ising,large,sigma,epsilon,2,0.41025641025641024,8245,1.2498940919938524,1.2542366102284426,1.250614830770101,-0.34622799232428836,0.8942559311620135
ising,large,sigma,epsilon,3,0.4153846153846154,8245,1.2341431126472857,1.2381896452305852,1.2351820116114178,-0.326810404115907,0.9139152282944263
ising,large,sigma,epsilon,4,0.4205128205128205,8245,1.218597433083782,1.222354453628626,1.2198839768995353,-0.3073593370311656,0.9336084210461282
ising,large,sigma,epsilon,5,0.4256410256410256,8245,1.203251130828888,1.2067249615497984,1.2047207266344537,-0.28787261651146423,0.9533377110445551
ising,large,sigma,epsilon,6,0.4307692307692308,8245,1.1880985045440244,1.1912953227715974,1.1896922608161726,-0.2683480885441125,0.9731052791153383
ising,large,sigma,epsilon,7,0.4358974358974359,8245,1.173134062883227,1.1760599072548121,1.1747985794446922,-0.2487836166794155,0.9929132883025993
ising,large,sigma,epsilon,8,0.441025641025641,8245,1.158352514018195,1.1610132903658719,1.1600396825200128,-0.22917707917352592,1.0127638867615474
ising,large,sigma,epsilon,9,0.4461538461538462,8245,1.1437487557837613,1.1461502427390717,1.1454155700421338,-0.20952636624421705,1.0326592105368126
ising,large,sigma,epsilon,10,0.4512820512820513,8245,1.1293178663998116,1.1314657207332914,1.1309262420110557,-0.1898293774280524,1.0526013862382833
ising,large,sigma,epsilon,11,0.4564102564102564,8245,1.115055095729195,1.116954857441459,1.1165716984267786,-0.17008401902791626,1.0725925336252828
ising,large,sigma,epsilon,12,0.46153846153846156,8245,1.1009558570344262,1.1026129542143532,1.1023519392893018,-0.1502882016389595,1.0926347681114335
ising,large,sigma,epsilon,13,0.4666666666666667,8245,1.0870157191988492,1.0884354726633596,1.0882669645986258,-0.13043983774585488,1.1127302031973318
ising,large,sigma,epsilon,14,0.4717948717948718,8245,1.073230399380647,1.0744180271095392,1.0743167743547508,-0.11053683937967129,1.1328809528428296
ising,large,sigma,epsilon,15,0.47692307692307695,8245,1.0595957560704836,1.0605563774488949,1.060501368557676,-0.09057711582688421,1.1530891337865112
ising,large,sigma,epsilon,16,0.48205128205128206,8245,1.0461077825257792,1.0468464224059955,1.0468207472074025,-0.07055857138228427,1.1733568678207629
ising,large,sigma,epsilon,17,0.48717948717948717,8245,1.0327626005566577,1.0332841931502161,1.0332749103039294,-0.05047910313698001,1.193686284031381
ising,large,sigma,epsilon,18,0.49230769230769234,8245,1.0195564546404354,1.0198658472507691,1.019863857847257,-0.030336598795588365,1.214079521007494
ising,large,sigma,epsilon,19,0.49743589743589745,8245,1.0064857063432375,1.0065876629484338,1.0065875898373855,-0.010128934513031762,1.2345387290316534
ising,large,sigma,epsilon,20,0.5025641025641026,8245,0.9935468290288393,0.9934460337235053,0.9934461062743147,0.010146027253865597,1.2550660722550067
ising,large,sigma,epsilon,21,0.5076923076923077,8245,0.9807364028362949,0.9804374631409484,0.9804394071580447,0.0304904398888306,1.275663730866472
ising,large,sigma,epsilon,22,0.5128205128205128,8245,0.9680511099091711,0.9675585599550791,0.9675674924885752,0.050906474757961284,1.2963339032612264
ising,large,sigma,epsilon,23,0.517948717948718,8245,0.9554877298604302,0.9548060334573327,0.9548303622659065,0.07139632335890767,1.3170788082164986
ising,large,sigma,epsilon,24,0.5230769230769231,8245,0.9430431354580846,0.9421766890518175,0.9422280164900385,0.09196219948288675,1.3379006870806842
ising,large,sigma,epsilon,25,0.5282051282051282,8245,0.9307142885177558,0.9296674240443759,0.9297604551609714,0.11260634139742542,1.3588018059830675
ising,large,sigma,epsilon,26,0.5333333333333333,8245,0.9184982359891967,0.9172752236318469,0.917427678278705,0.13333101405568204,1.379784458070854
ising,large,sigma,epsilon,27,0.5384615384615384,8245,0.9063921062246781,0.9049971570790922,0.9052296858432392,0.15413851133943002,1.4008509657798873
ising,large,sigma,epsilon,28,0.5435897435897435,8245,0.8943931054179423,0.8928303740721589,0.8931664778545741,0.1750311583437414,1.4220036831478877
ising,large,sigma,epsilon,29,0.5487179487179488,8245,0.8824985142030992,0.8807721012366928,0.8812380543127096,0.19601131370785563,1.4432449981742757
ising,large,sigma,epsilon,30,0.5538461538461539,8245,0.8707056844035678,0.8688196388114026,0.8694444152176461,0.21708137200322497,1.4645773352379488
ising,large,sigma,epsilon,31,0.558974358974359,8245,0.8590120359217064,0.8569703574670021,0.8577855605693834,0.23824376618335474,1.4860031575777422
ising,large,sigma,epsilon,32,0.5641025641025641,8245,0.8474150537603767,0.8452216952616328,0.8462614903679212,0.2595009701052531,1.507524969845031
ising,large,sigma,epsilon,33,0.5692307692307692,8245,0.8359122851681843,0.8335711547243074,0.8348722046132598,0.28085550113008395,1.5291453207369798
ising,large,sigma,epsilon,34,0.5743589743589743,8245,0.8245013369006045,0.8220163000583952,0.8236177033053993,0.3023099228120829,1.550866805718698
ising,large,sigma,epsilon,35,0.5794871794871795,8245,0.8131798725896484,0.8105547544576235,0.8124979864443391,0.3238668476852613,1.572692069844961
ising,large,sigma,epsilon,36,0.5846153846153846,8245,0.8019456102151029,0.7991841975274792,0.80151305403008,0.34552894015760227,1.5946238106900434
ising,large,sigma,epsilon,37,0.5897435897435898,8245,0.7907963196707547,0.7879023628052695,0.7906629060626216,0.3672989195236731,1.6166647813981694
ising,large,sigma,epsilon,38,0.5948717948717949,8245,0.7797298204193248,0.7767070353724441,0.7799475425419637,0.38917956310660085,1.6388177938644333
ising,large,sigma,epsilon,39,0.6,8245,0.7687439792301521,0.7655960495530995,0.7693669634681067,0.4111737095417567,1.661085722059319
ising,small,I,epsilon,0,0.4,9744,1.439982749444037,1.44,1.44,-0.001197955275211715,-0.8018977875123179
ising,small,I,epsilon,1,0.40512820512820513,9744,1.4154738109066467,1.4154898093359631,1.4154898093359631,-0.001130239808933009,-0.8018306142501652
ising,small,I,epsilon,2,0.41025641025641024,9744,1.3911752154430674,1.391190006574622,1.391190006574622,-0.0010631999572185968,-0.8017641111928597
ising,small,I,epsilon,3,0.4153846153846154,9744,1.3670869639589782,1.367100591715976,1.3671005917159762,-0.0009968364493739834,-0.8016982790638782
ising,small,I,epsilon,4,0.4205128205128205,9744,1.3432090573559572,1.343221564760026,1.3432215647600263,-0.0009311497370934063,-0.8016331183112957
ising,small,I,epsilon,5,0.4256410256410256,9744,1.3195414965239454,1.3195529257067717,1.319552925706772,-0.000866140539246274,-0.8015686296482305
ising,small,I,epsilon,6,0.4307692307692308,9744,1.2960842823476078,1.296094674556213,1.296094674556213,-0.0008018093746731125,-0.8015048135893488
ising,small,I,epsilon,7,0.4358974358974359,9744,1.272837415702853,1.2728468113083498,1.2728468113083498,-0.0007381568161379803,-0.8014416707028515
ising,small,I,epsilon,8,0.441025641025641,9744,1.24980089745731,1.249809335963182,1.249809335963182,-0.0006751834563334391,-0.8013792015766574
ising,small,I,epsilon,9,0.4461538461538462,9744,1.2269747284703225,1.2269822485207103,1.22698224852071,-0.0006128899091129014,-0.801317406819746
ising,small,I,epsilon,10,0.4512820512820513,9744,1.2043589095933416,1.2043655489809337,1.2043655489809335,-0.0005512767778714789,-0.8012562870306494
ising,small,I,epsilon,11,0.4564102564102564,9744,1.1819534416700574,1.181959237343853,1.1819592373438528,-0.0004903446423898394,-0.80119584278453
ising,small,I,epsilon,12,0.46153846153846156,9744,1.1597583255366142,1.1597633136094674,1.1597633136094674,-0.0004300940368295869,-0.8011360746112417
ising,small,I,epsilon,13,0.4666666666666667,9744,1.1377735620192968,1.1377777777777778,1.1377777777777778,-0.0003705256477415375,-0.8010769831918729
ising,small,I,epsilon,14,0.4717948717948718,9744,1.1159991519375303,1.1160026298487837,1.1160026298487837,-0.00031164005893646873,-0.8010185691055272
ising,small,I,epsilon,15,0.47692307692307695,9744,1.0944350961034601,1.0944378698224848,1.094437869822485,-0.00025343777853015226,-0.8009608328562567
ising,small,I,epsilon,16,0.48205128205128206,9744,1.0730813953202853,1.0730834976988821,1.0730834976988823,-0.00019591938570373557,-0.8009037750186132
ising,small,I,epsilon,17,0.48717948717948717,9744,1.0519380503809983,1.0519395134779748,1.051939513477975,-0.0001390856563254772,-0.8008473963622698
ising,small,I,epsilon,18,0.49230769230769234,9744,1.031005062074862,1.0310059171597632,1.0310059171597632,-8.293695379357757e-05,-0.8007916972476936
ising,small,I,epsilon,19,0.49743589743589745,9744,1.0102824311791072,1.0102827087442472,1.0102827087442472,-2.7474006791816663e-05,-0.8007366783977288
ising,small,I,epsilon,20,0.5025641025641026,9744,0.9897701584632289,0.9897698882314269,0.9897698882314268,2.7302487715097357e-05,-0.8006823405037888
ising,small,I,epsilon,21,0.5076923076923077,9744,0.9694682446902486,0.9694674556213018,0.9694674556213019,8.139199951795462e-05,-0.8006286840917975
ising,small,I,epsilon,22,0.5128205128205128,9744,0.9493766906173241,0.9493754109138726,0.9493754109138727,0.00013479424860740608,-0.8005757094395549
ising,small,I,epsilon,23,0.517948717948718,9744,0.9294954969849537,0.9294937541091386,0.9294937541091386,0.000187508071713971,-0.8005234177009823
ising,small,I,epsilon,24,0.5230769230769231,9744,0.9098246645368387,0.9098224852071005,0.9098224852071005,0.0002395335105154217,-0.8004718088347906
ising,small,I,epsilon,25,0.5282051282051282,9744,0.8903641939966795,0.890361604207758,0.890361604207758,0.0002908693399694684,-0.8004208840561411
ising,small,I,epsilon,26,0.5333333333333333,9744,0.871114086088328,0.8711111111111113,0.8711111111111112,0.0003415152417085565,-0.8003706436809144
ising,small,I,epsilon,27,0.5384615384615384,9744,0.8520743415244345,0.85207100591716,0.8520710059171599,0.0003914705759555659,-0.8003210883437251
ising,small,I,epsilon,28,0.5435897435897435,9744,0.8332449610101216,0.8332412886259042,0.8332412886259042,0.00044073478684403256,-0.800272218596032
ising,small,I,epsilon,29,0.5487179487179488,9744,0.8146259452425391,0.8146219592373437,0.8146219592373437,0.0004893073590972463,-0.8002240349489265
ising,small,I,epsilon,30,0.5538461538461539,9744,0.7962172949079334,0.7962130177514791,0.7962130177514792,0.0005371874559845224,-0.800176538232511
ising,small,I,epsilon,31,0.558974358974359,9744,0.778019010687016,0.7780144641683103,0.7780144641683103,0.0005843745733535854,-0.800129728946819
ising,small,I,epsilon,32,0.5641025641025641,9744,0.760031093251658,0.760026298487837,0.760026298487837,0.0006308681463451649,-0.8000836076522688
ising,small,I,epsilon,33,0.5692307692307692,9744,0.7422535432642278,0.7422485207100592,0.7422485207100592,0.0006766674541580642,-0.8000381750638219
ising,small,I,epsilon,34,0.5743589743589743,9744,0.7246863613807966,0.7246811308349771,0.7246811308349771,0.0007217720452423748,-0.7999934316294532
ising,small,I,epsilon,35,0.5794871794871795,9744,0.7073295482474748,0.7073241288625902,0.7073241288625902,0.0007661812545967095,-0.7999493780088018
ising,small,I,epsilon,36,0.5846153846153846,9744,0.6901831045020511,0.6901775147928995,0.6901775147928993,0.0008098944158430044,-0.7999060148629722
ising,small,I,epsilon,37,0.5897435897435898,9744,0.6732470307749627,0.6732412886259038,0.6732412886259039,0.000852911007664936,-0.7998633427090507
ising,small,I,epsilon,38,0.5948717948717949,9744,0.6565213276868592,0.6565154503616041,0.6565154503616042,0.0008952303029330366,-0.7998213622683714
ising,small,I,epsilon,39,0.6,9744,0.6400059958516241,0.6400000000000001,0.6400000000000001,0.0009368518162355954,-0.7997800740224381
ising,small,I,sigma,0,0.4,9744,1.4399956049377085,1.44,1.44,-0.0003052126591240878,0.04125322979176005
ising,small,I,sigma,1,0.40512820512820513,9744,1.4154857105765364,1.4154898093359631,1.4154898093359631,-0.00028956474287245015,0.041268884211054235
ising,small,I,sigma,2,0.41025641025641024,9744,1.3911861958769114,1.391190006574622,1.391190006574622,-0.000273916409165853,0.04128453904799212
ising,small,I,sigma,3,0.4153846153846154,9744,1.3670970609375326,1.367100591715976,1.3671005917159762,-0.0002582676406404083,0.04130019431993759
ising,small,I,sigma,4,0.4205128205128205,9744,1.3432183058567504,1.343221564760026,1.3432215647600263,-0.00024261844517869946,0.04131585001896365
ising,small,I,sigma,5,0.4256410256410256,9744,1.3195499307332947,1.3195529257067717,1.319552925706772,-0.0002269688027412009,0.041331506165165344
ising,small,I,sigma,6,0.4307692307692308,9744,1.2960919356656737,1.296094674556213,1.296094674556213,-0.00021131870943102982,0.04134716276245065
ising,small,I,sigma,7,0.4358974358974359,9744,1.2728443207522235,1.2728468113083498,1.2728468113083498,-0.00019566817499594436,0.0413628198010052
ising,small,I,sigma,8,0.441025641025641,9744,1.2498070860915633,1.2498093359631819,1.249809335963182,-0.0001800171877230916,0.04137847729259736
ising,small,I,sigma,9,0.4461538461538462,9744,1.2269802317820995,1.2269822485207103,1.22698224852071,-0.0001643657529082354,0.041394135231942464
ising,small,I,sigma,10,0.4512820512820513,9744,1.2043637579223003,1.2043655489809337,1.2043655489809335,-0.0001487138713729408,0.04140979361817454
ising,small,I,sigma,11,0.4564102564102564,9744,1.181957664610621,1.181959237343853,1.1819592373438528,-0.0001330615458150497,0.04142545244860685
ising,small,I,sigma,12,0.46153846153846156,9744,1.1597619519455193,1.1597633136094674,1.1597633136094674,-0.00011740877919885762,0.041441111720286194
ising,small,I,sigma,13,0.4666666666666667,9744,1.13777662002533,1.1377777777777778,1.1377777777777778,-0.00010175558622371739,0.04145677141851323
ising,small,I,sigma,14,0.4717948717948718,9744,1.1160016689485521,1.1160026298487837,1.1160026298487837,-8.61019683884301e-05,0.04147243154175584
ising,small,I,sigma,15,0.47692307692307695,9744,1.0944370988136083,1.0944378698224848,1.094437869822485,-7.044793476351785e-05,0.04148809208099902
ising,small,I,sigma,16,0.48205128205128206,9744,1.0730829097188808,1.0730834976988821,1.0730834976988823,-5.479349953763091e-05,0.041503753021965295
ising,small,I,sigma,17,0.48717948717948717,9744,1.0519391017627508,1.0519395134779748,1.051939513477975,-3.913867847593622e-05,0.04151941434895612
ising,small,I,sigma,18,0.49230769230769234,9744,1.031005675043764,1.0310059171597632,1.0310059171597632,-2.3483473299279467e-05,0.04153507606019513
ising,small,I,sigma,19,0.49743589743589745,9744,1.0102826296602232,1.0102827087442472,1.0102827087442472,-7.82791027553742e-06,0.04155073812943666
ising,small,I,sigma,20,0.5025641025641026,9744,0.9897699657105792,0.9897698882314268,0.9897698882314268,7.827996517661973e-06,0.04156640054262528
ising,small,I,sigma,21,0.5076923076923077,9744,0.9694676832932861,0.9694674556213019,0.9694674556213019,2.348423178144543e-05,0.04158206328439551
ising,small,I,sigma,22,0.5128205128205128,9744,0.9493757825067225,0.9493754109138727,0.9493754109138727,3.914077040256814e-05,0.041597726329656304
ising,small,I,sigma,23,0.517948717948718,9744,0.9294942634493271,0.9294937541091387,0.9294937541091386,5.4797591286792624e-05,0.04161338965726902
ising,small,I,sigma,24,0.5230769230769231,9744,0.9098231262195972,0.9098224852071005,0.9098224852071005,7.045467738109323e-05,0.04162905325024724
ising,small,I,sigma,25,0.5282051282051282,9744,0.890362370915956,0.8903616042077579,0.890361604207758,8.611200152941478e-05,0.04164471708132389
ising,small,I,sigma,26,0.5333333333333333,9744,0.8711119976368562,0.8711111111111111,0.8711111111111112,0.00010176953706420022,0.04166038112392023
ising,small,I,sigma,27,0.5384615384615384,9744,0.8520720064808003,0.8520710059171599,0.8520710059171599,0.00011742726058194819,0.04167604535456615
ising,small,I,sigma,28,0.5435897435897435,9744,0.8332423975461336,0.8332412886259042,0.8332412886259042,0.0001330851272740574,0.04169170972843084
ising,small,I,sigma,29,0.5487179487179488,9744,0.8146231709315814,0.8146219592373437,0.8146219592373437,0.00014874313465362832,0.041707374243071804
ising,small,I,sigma,30,0.5538461538461539,9744,0.7962143267354228,0.7962130177514792,0.7962130177514792,0.0001644012235901826,0.04172303883929196
ising,small,I,sigma,31,0.558974358974359,9744,0.7780158650563671,0.7780144641683103,0.7780144641683103,0.00018005938466902904,0.04173870350767661
ising,small,I,sigma,32,0.5641025641025641,9744,0.7600277859927862,0.760026298487837,0.760026298487837,0.00019571756295633236,0.04175436819326972
ising,small,I,sigma,33,0.5692307692307692,9744,0.7422500896433564,0.7422485207100591,0.7422485207100592,0.0002113757392008253,0.04177003287682002
ising,small,I,sigma,34,0.5743589743589743,9744,0.7246827761065041,0.7246811308349771,0.7246811308349771,0.0002270338576471076,0.041785697502572106
ising,small,I,sigma,35,0.5794871794871795,9744,0.7073258454809478,0.7073241288625902,0.7073241288625902,0.00024269189859982276,0.04180136205078622
ising,small,I,sigma,36,0.5846153846153846,9744,0.6901792978652088,0.6901775147928993,0.6901775147928993,0.00025834981163264104,0.04181702647103602
ising,small,I,sigma,37,0.5897435897435898,9744,0.6732431333578691,0.6732412886259039,0.6732412886259039,0.00027400755069351135,0.04183269071720286
ising,small,I,sigma,38,0.5948717948717949,9744,0.6565173520575798,0.6565154503616042,0.6565154503616042,0.0002896650755923602,0.041848354749163263
ising,small,I,sigma,39,0.6,9744,0.640001954063005,0.6400000000000001,0.6400000000000001,0.0003053223445181885,0.04186401852499522
ising,small,epsilon,I,0,0.4,9744,1.4400258437370783,1.44,1.44,0.001794703963775568,-0.8063407855992466
ising,small,epsilon,I,1,0.40512820512820513,9744,1.415513997561353,1.4154898093359631,1.4154898093359631,0.0017088237040274734,-0.8064259718425837
ising,small,epsilon,I,2,0.41025641025641024,9744,1.3912125754962887,1.391190006574622,1.391190006574622,0.0016222745678140527,-0.8065118215570544
ising,small,epsilon,I,3,0.4153846153846154,9744,1.3671215774908585,1.367100591715976,1.3671005917159762,0.0015350571135552826,-0.8065983341887906
ising,small,epsilon,I,4,0.4205128205128205,9744,1.3432410034862172,1.343221564760026,1.3432215647600263,0.0014471719857134246,-0.8066855090984482
ising,small,epsilon,I,5,0.4256410256410256,9744,1.3195708534127915,1.3195529257067717,1.319552925706772,0.001358619701452568,-0.8067733457731263
ising,small,epsilon,I,6,0.4307692307692308,9744,1.296111127193394,1.296094674556213,1.296094674556213,0.0012694008781899413,-0.8068618436003372
ising,small,epsilon,I,7,0.4358974358974359,9744,1.272861824741598,1.2728468113083498,1.2728468113083498,0.0011795161141803234,-0.8069510019867221
ising,small,epsilon,I,8,0.441025641025641,9744,1.2498229459609,1.249809335963182,1.249809335963182,0.0010889659187496292,-0.8070408204270074
ising,small,epsilon,I,9,0.4461538461538462,9744,1.2269944907474968,1.2269822485207103,1.22698224852071,0.0009977509292546927,-0.8071312982890211
ising,small,epsilon,I,10,0.4512820512820513,9744,1.2043764589877515,1.2043655489809337,1.2043655489809335,0.0009058717120424831,-0.8072224350110235
ising,small,epsilon,I,11,0.4564102564102564,9744,1.1819688505577632,1.181959237343853,1.1819592373438528,0.0008133287178191395,-0.8073142301458835
ising,small,epsilon,I,12,0.46153846153846156,9744,1.1597716653286765,1.1597633136094674,1.1597633136094674,0.0007201227277153777,-0.8074066829188098
ising,small,epsilon,I,13,0.4666666666666667,9744,1.1377849031599474,1.1377777777777778,1.1377777777777778,0.0006262542922463865,-0.8074997927837613
ising,small,epsilon,I,14,0.4717948717948718,9744,1.1160085639011368,1.1160026298487837,1.1160026298487837,0.0005317238682467362,-0.8075935592875783
ising,small,epsilon,I,15,0.47692307692307695,9744,1.0944426473954234,1.0944378698224848,1.094437869822485,0.0004365321294441671,-0.8076879817619398
ising,small,epsilon,I,16,0.48205128205128206,9744,1.0730871534726854,1.0730834976988821,1.0730834976988823,0.0003406793423810228,-0.8077830599425129
ising,small,epsilon,I,17,0.48717948717948717,9744,1.051942081963678,1.0519395134779748,1.051939513477975,0.0002441666721697544,-0.8078787926735997
ising,small,epsilon,I,18,0.49230769230769234,9744,1.031007432678262,1.0310059171597632,1.0310059171597632,0.00014699416108765462,-0.8079751799132118
ising,small,epsilon,I,19,0.49743589743589745,9744,1.0102832054271638,1.0102827087442472,1.0102827087442472,4.916276525879226e-05,-0.8080722207129964
ising,small,epsilon,I,20,0.5025641025641026,9744,0.9897694000059405,0.9897698882314269,0.9897698882314268,-4.9327171114388335e-05,-0.8081699147315269
ising,small,epsilon,I,21,0.5076923076923077,9744,0.969466016203401,0.9694674556213018,0.9694674556213019,-0.00014847511305982053,-0.8082682614381609
ising,small,epsilon,I,22,0.5128205128205128,9744,0.9493730538007905,0.9493754109138726,0.9493754109138727,-0.000248280401504708,-0.8083672601791325
ising,small,epsilon,I,23,0.517948717948718,9744,0.9294905125700909,0.9294937541091386,0.9294937541091386,-0.0003487424238612924,-0.8084669103467945
ising,small,epsilon,I,24,0.5230769230769231,9744,0.9098183922730148,0.9098224852071005,0.9098224852071005,-0.0004498607313330183,-0.808567211496003
ising,small,epsilon,I,25,0.5282051282051282,9744,0.8903566926647335,0.890361604207758,0.890361604207758,-0.0005516346393785732,-0.8086681629477233
ising,small,epsilon,I,26,0.5333333333333333,9744,0.871105413490463,0.8711111111111113,0.8711111111111112,-0.000654063594829335,-0.8087697641532943
ising,small,epsilon,I,27,0.5384615384615384,9744,0.8520645544862852,0.85207100591716,0.8520710059171599,-0.0007571470957312698,-0.8088720146147921
ising,small,epsilon,I,28,0.5435897435897435,9744,0.8332341153801421,0.8332412886259042,0.8332412886259042,-0.0008608845792901221,-0.8089749137739743
ising,small,epsilon,I,29,0.5487179487179488,9744,0.8146140958915397,0.8146219592373437,0.8146219592373437,-0.0009652754526023877,-0.8090784610427337
ising,small,epsilon,I,30,0.5538461538461539,9744,0.7962044957311535,0.7962130177514791,0.7962130177514792,-0.0010703191401839618,-0.809182655850238
ising,small,epsilon,I,31,0.558974358974359,9744,0.7780053146004765,0.7780144641683103,0.7780144641683103,-0.001176015132775543,-0.8092874976913245
ising,small,epsilon,I,32,0.5641025641025641,9744,0.76001655219337,0.760026298487837,0.760026298487837,-0.001282362792753844,-0.8093929859335436
ising,small,epsilon,I,33,0.5692307692307692,9744,0.7422382081940436,0.7422485207100592,0.7422485207100592,-0.0013893616124249775,-0.8094991200733093
ising,small,epsilon,I,34,0.5743589743589743,9744,0.7246702822788624,0.7246811308349771,0.7246811308349771,-0.001497010982220992,-0.8096058995059496
ising,small,epsilon,I,35,0.5794871794871795,9744,0.7073127741149455,0.7073241288625902,0.7073241288625902,-0.0016053103777058375,-0.8097133237112919
ising,small,epsilon,I,36,0.5846153846153846,9744,0.6901656833607706,0.6901775147928995,0.6901775147928993,-0.0017142592847907423,-0.8098213921793884
ising,small,epsilon,I,37,0.5897435897435898,9744,0.6732290096672738,0.6732412886259038,0.6732412886259039,-0.0018238570386963637,-0.8099301042508444
ising,small,epsilon,I,38,0.5948717948717949,9744,0.6565027526752696,0.6565154503616041,0.6565154503616042,-0.0019341032000852465,-0.8100394594898863
ising,small,epsilon,I,39,0.6,9744,0.6399869120185837,0.6400000000000001,0.6400000000000001,-0.002044997096317669,-0.8101494572292589
ising,small,epsilon,sigma,0,0.4,9744,1.4399913245357268,1.44,1.44,-0.0006024627967504692,0.022830155273201314
ising,small,epsilon,sigma,1,0.40512820512820513,9744,1.415481774999771,1.4154898093359631,1.4154898093359631,-0.0005676011327726549,0.022865025106200143
ising,small,epsilon,sigma,2,0.41025641025641024,9744,1.3911825890560614,1.391190006574622,1.391190006574622,-0.0005331779645900703,0.022899456340708113
ising,small,epsilon,sigma,3,0.4153846153846154,9744,1.367093767264616,1.367100591715976,1.3671005917159762,-0.0004991916031205079,0.022933450666129396
ising,small,epsilon,sigma,4,0.4205128205128205,9744,1.3432153101781317,1.343221564760026,1.3432215647600263,-0.00046564037226026755,0.022967009758945167
ising,small,epsilon,sigma,5,0.4256410256410256,9744,1.3195472183422399,1.3195529257067717,1.319552925706772,-0.0004325225931189891,0.02300013529850098
ising,small,epsilon,sigma,6,0.4307692307692308,9744,1.2960894922953483,1.296094674556213,1.296094674556213,-0.00039983659885223233,0.023032828951996542
ising,small,epsilon,sigma,7,0.4358974358974359,9744,1.272842132568889,1.2728468113083498,1.2728468113083498,-0.0003675807189962299,0.02306509239031751
ising,small,epsilon,sigma,8,0.441025641025641,9744,1.249805139687181,1.2498093359631819,1.249809335963182,-0.00033575329293489276,0.023096927274401935
ising,small,epsilon,sigma,9,0.4461538461538462,9744,1.2269785141676304,1.2269822485207103,1.22698224852071,-0.0003043526574542099,0.023128335267941225
ising,small,epsilon,sigma,10,0.4512820512820513,9744,1.2043622565205516,1.2043655489809337,1.2043655489809335,-0.0002733771640062166,0.023159318019794206
ising,small,epsilon,sigma,11,0.4564102564102564,9744,1.1819563672494409,1.181959237343853,1.1819592373438528,-0.00024282516024598522,0.02318987718272769
ising,small,epsilon,sigma,12,0.46153846153846156,9744,1.15976084685091,1.1597633136094674,1.1597633136094674,-0.00021269499805853798,0.023220014405245237
ising,small,epsilon,sigma,13,0.4666666666666667,9744,1.1377756958146903,1.1377777777777778,1.1377777777777778,-0.0001829850369894359,0.02324973132818986
ising,small,epsilon,sigma,14,0.4717948717948718,9744,1.1160009146236975,1.1160026298487837,1.1160026298487837,-0.0001536936419577195,0.023279029586986688
ising,small,epsilon,sigma,15,0.47692307692307695,9744,1.0944365037541743,1.0944378698224848,1.094437869822485,-0.00012481917412987542,0.023307910820902222
ising,small,epsilon,sigma,16,0.48205128205128206,9744,1.073082463675523,1.0730834976988821,1.0730834976988823,-9.636000939394762e-05,0.023336376654414792
ising,small,epsilon,sigma,17,0.48717948717948717,9744,1.0519387948505696,1.0519395134779748,1.051939513477975,-6.831451769828689e-05,0.023364428717931318
ising,small,epsilon,sigma,18,0.49230769230769234,9744,1.031005497735376,1.0310059171597632,1.0310059171597632,-4.068108439003737e-05,0.023392068626537643
ising,small,epsilon,sigma,19,0.49743589743589745,9744,1.01028257277952,1.0102827087442472,1.0102827087442472,-1.3458087133599861e-05,0.023419298002869127
ising,small,epsilon,sigma,20,0.5025641025641026,9744,0.9897700204259234,0.9897698882314268,0.9897698882314268,1.3356083905513572e-05,0.023446118457193244
ising,small,epsilon,sigma,21,0.5076923076923077,9744,0.9694678411110166,0.9694674556213019,0.9694674556213019,3.9763038195417266e-05,0.02347253159937779
ising,small,epsilon,sigma,22,0.5128205128205128,9744,0.9493760352647681,0.9493754109138727,0.9493754109138727,6.576438449368283e-05,0.023498539038491195
ising,small,epsilon,sigma,23,0.517948717948718,9744,0.9294946033106067,0.9294937541091387,0.9294937541091386,9.136171859047693e-05,0.023524142370789924
ising,small,epsilon,sigma,24,0.5230769230769231,9744,0.9098235456655702,0.9098224852071005,0.9098224852071005,0.0001165566346106317,0.023549343190643057
ising,small,epsilon,sigma,25,0.5282051282051282,9744,0.8903628627403917,0.8903616042077579,0.890361604207758,0.00014135073074239557,0.02357414309672734
ising,small,epsilon,sigma,26,0.5333333333333333,9744,0.8711125549394158,0.8711111111111111,0.8711111111111112,0.0001657455962034149,0.023598543678571282
ising,small,epsilon,sigma,27,0.5384615384615384,9744,0.8520726226606142,0.8520710059171599,0.8520710059171599,0.00018974280817651845,0.023622546513779596
ising,small,epsilon,sigma,28,0.5435897435897435,9744,0.8332430662958247,0.8332412886259042,0.8332412886259042,0.00021334395507999204,0.023646153191059227
ising,small,epsilon,sigma,29,0.5487179487179488,9744,0.8146238862305581,0.8146219592373437,0.8146219592373437,0.0002365506100776571,0.023669365284018085
ising,small,epsilon,sigma,30,0.5538461538461539,9744,0.796215082844158,0.7962130177514792,0.7962130177514792,0.0002593643450676808,0.023692184364887403
ising,small,epsilon,sigma,31,0.558974358974359,9744,0.7780166565098158,0.7780144641683103,0.7780144641683103,0.0002817867284399256,0.023714612002456725
ising,small,epsilon,sigma,32,0.5641025641025641,9744,0.7600286075946058,0.760026298487837,0.760026298487837,0.0003038193248539045,0.02373664976171863
ising,small,epsilon,sigma,33,0.5692307692307692,9744,0.7422509364595573,0.7422485207100591,0.7422485207100592,0.0003254636999461269,0.0237582992086649
ising,small,epsilon,sigma,34,0.5743589743589743,9744,0.7246836434595596,0.7246811308349771,0.7246811308349771,0.00034672140278857455,0.023779561892767198
ising,small,epsilon,sigma,35,0.5794871794871795,9744,0.7073267289435838,0.7073241288625902,0.7073241288625902,0.0003675939908687198,0.02380043937189047
ising,small,epsilon,sigma,36,0.5846153846153846,9744,0.6901801932545869,0.6901775147928993,0.6901775147928993,0.0003880830119928902,0.02382093319417411
ising,small,epsilon,sigma,37,0.5897435897435898,9744,0.6732440367295935,0.6732412886259039,0.6732412886259039,0.0004081900109254022,0.023841044904715503
ising,small,epsilon,sigma,38,0.5948717948717949,9744,0.6565182596997442,0.6565154503616042,0.6565154503616042,0.0004279165308984645,0.02386077604716874
ising,small,epsilon,sigma,39,0.6,9744,0.6400028624902788,0.6400000000000001,0.6400000000000001,0.00044726410604045697,0.023880128155995273
ising,small,sigma,I,0,0.4,9744,1.4400043948774355,1.44,1.44,0.00030519982190391204,0.040337059468908976
ising,small,sigma,I,1,0.40512820512820513,9744,1.4154939078413886,1.4154898093359631,1.4154898093359631,0.0002895467984709299,0.040321400179288425
ising,small,sigma,I,2,0.41025641025641024,9744,1.3911938169616453,1.391190006574622,1.391190006574622,0.0002738940766633391,0.040305741191448696
ising,small,sigma,I,3,0.4153846153846154,9744,1.3671041221389737,1.367100591715976,1.3671005917159762,0.00025824164067156374,0.0402900824895136
ising,small,sigma,I,4,0.4205128205128205,9744,1.3432248232741082,1.343221564760026,1.3432215647600263,0.00024258947053379387,0.04027442405352133
ising,small,sigma,I,5,0.4256410256410256,9744,1.3195559202679508,1.3195529257067717,1.319552925706772,0.00022693755745706312,0.04025876587470112
ising,small,sigma,I,6,0.4307692307692308,9744,1.2960974130214165,1.296094674556213,1.296094674556213,0.00021128589271501852,0.04024310794434882
ising,small,sigma,I,7,0.4358974358974359,9744,1.272849301435064,1.2728468113083498,1.2728468113083498,0.00019563443864889507,0.040227450224716854
ising,small,sigma,I,8,0.441025641025641,9744,1.2498115854099212,1.2498093359631819,1.249809335963182,0.00017998319219447723,0.040211792712807615
ising,small,sigma,I,9,0.4461538461538462,9744,1.2269842648466098,1.2269822485207103,1.22698224852071,0.00016433211662558733,0.04019613537182831
ising,small,sigma,I,10,0.4512820512820513,9744,1.2043673396461896,1.2043655489809337,1.2043655489809335,0.00014868120874478308,0.04018047819862591
ising,small,sigma,I,11,0.4564102564102564,9744,1.1819608097091763,1.181959237343853,1.1819592373438528,0.0001330304187918685,0.04016482114339581
ising,small,sigma,I,12,0.46153846153846156,9744,1.1597646749367496,1.1597633136094674,1.1597633136094674,0.0001173797503639662,0.04014916420971293
ising,small,sigma,I,13,0.4666666666666667,9744,1.1377789352293932,1.1377777777777778,1.1377777777777778,0.00010172914588491011,0.040133507340045504
ising,small,sigma,I,14,0.4717948717948718,9744,1.116003590488154,1.1160026298487837,1.1160026298487837,8.607859378617633e-05,0.0401178505227362
ising,small,sigma,I,15,0.47692307692307695,9744,1.0944386406138498,1.0944378698224848,1.094437869822485,7.042806049462058e-05,0.04010219372427848
ising,small,sigma,I,16,0.48205128205128206,9744,1.0730840855073376,1.0730834976988821,1.0730834976988823,5.4777513280868106e-05,0.04008653691187636
ising,small,sigma,I,17,0.48717948717948717,9744,1.0519399250695431,1.0519395134779748,1.051939513477975,3.912692347896041e-05,0.04007088005686388
ising,small,sigma,I,18,0.49230769230769234,9744,1.0310061592012814,1.0310059171597632,1.0310059171597632,2.3476249189080534e-05,0.04005522311734122
ising,small,sigma,I,19,0.49743589743589745,9744,1.0102827878034464,1.0102827087442472,1.0102827087442472,7.825453063325938e-06,0.040039566055916076
ising,small,sigma,I,20,0.5025641025641026,9744,0.9897698107770283,0.9897698882314268,0.9897698882314268,-7.82549554045886e-06,0.040023908841990696
ising,small,sigma,I,21,0.5076923076923077,9744,0.9694672280229156,0.9694674556213019,0.9694674556213019,-2.3476640187425346e-05,0.04000825143191111
ising,small,sigma,I,22,0.5128205128205128,9744,0.949375039442031,0.9493754109138727,0.9493754109138727,-3.9128024309498244e-05,0.039992593782267605
ising,small,sigma,I,23,0.517948717948718,9744,0.9294932449354479,0.9294937541091387,0.9294937541091386,-5.477967855993526e-05,0.03997693586239581
ising,small,sigma,I,24,0.5230769230769231,9744,0.9098218444040159,0.9098224852071005,0.9098224852071005,-7.043166057041361e-05,0.03996127761460855
ising,small,sigma,I,25,0.5282051282051282,9744,0.8903608377487756,0.8903616042077579,0.890361604207758,-8.608401110832276e-05,0.039945618998160626
ising,small,sigma,I,26,0.5333333333333333,9744,0.8711102248707723,0.8711111111111111,0.8711111111111112,-0.00010173677358338296,0.03992995996962012
ising,small,sigma,I,27,0.5384615384615384,9744,0.8520700056710276,0.8520710059171599,0.8520710059171599,-0.00011738999746713219,0.03991430047949329
ising,small,sigma,I,28,0.5435897435897435,9744,0.8332401800505507,0.8332412886259042,0.8332412886259042,-0.00013304373759348564,0.039898640472912916
ising,small,sigma,I,29,0.5487179487179488,9744,0.8146207479104794,0.8146219592373437,0.8146219592373437,-0.00014869803723893682,0.03988297990655809
ising,small,sigma,I,30,0.5538461538461539,9744,0.7962117091518804,0.7962130177514792,0.7962130177514792,-0.00016435295199235256,0.03986731872487326
ising,small,sigma,I,31,0.558974358974359,9744,0.7780130636758555,0.7780144641683103,0.7780144641683103,-0.00018000853702071495,0.03985165687263592
ising,small,sigma,I,32,0.5641025641025641,9744,0.7600248113835324,0.760026298487837,0.760026298487837,-0.00019566484837918452,0.03983599429377982
ising,small,sigma,I,33,0.5692307692307692,9744,0.742246952176098,0.7422485207100591,0.7422485207100592,-0.0002113219383148568,0.03982033093605786
ising,small,sigma,I,34,0.5743589743589743,9744,0.7246794859546348,0.7246811308349771,0.7246811308349771,-0.00022697987739350722,0.03980466672881544
ising,small,sigma,I,35,0.5794871794871795,9744,0.7073224126204374,0.7073241288625902,0.7073241288625902,-0.0002426387115672668,0.03978900162615595
ising,small,sigma,I,36,0.5846153846153846,9744,0.6901757320746996,0.6901775147928993,0.6901775147928993,-0.0002582985045851416,0.03977333556424156
ising,small,sigma,I,37,0.5897435897435898,9744,0.6732394442185556,0.6732412886259039,0.6732412886259039,-0.00027395933366314296,0.03975766846586737
ising,small,sigma,I,38,0.5948717948717949,9744,0.6565135489533659,0.6565154503616042,0.6565154503616042,-0.00028962124763998176,0.03974200028216135
ising,small,sigma,I,39,0.6,9744,0.6399980461803335,0.6400000000000001,0.6400000000000001,-0.0003052843229101043,0.03972633093667355
ising,small,sigma,epsilon,0,0.4,9744,1.4400144184380999,1.44,1.44,0.0010012804235959294,0.02039526365811284
ising,small,sigma,epsilon,1,0.40512820512820513,9744,1.415503316872646,1.4154898093359631,1.4154898093359631,0.0009542659080929994,0.02034824002470348
ising,small,sigma,epsilon,2,0.41025641025641024,9744,1.391202621787422,1.391190006574622,1.391190006574622,0.0009067929427564181,0.020300757852576012
ising,small,sigma,epsilon,3,0.4153846153846154,9744,1.3671123331938435,1.367100591715976,1.3671005917159762,0.000858859833630099,0.020252815447396877
ising,small,sigma,epsilon,4,0.4205128205128205,9744,1.343232451099039,1.343221564760026,1.3432215647600263,0.0008104648777651491,0.020204411105906317
ising,small,sigma,epsilon,5,0.4256410256410256,9744,1.3195629755058793,1.3195529257067717,1.319552925706772,0.0007616063677273743,0.02015554312033707
ising,small,sigma,epsilon,6,0.4307692307692308,9744,1.2961039064129827,1.296094674556213,1.296094674556213,0.0007122825940841793,0.020106209780967887
ising,small,sigma,epsilon,7,0.4358974358974359,9744,1.2728552438146163,1.2728468113083498,1.2728468113083498,0.0006624918404751767,0.020056409371038697
ising,small,sigma,epsilon,8,0.441025641025641,9744,1.2498169877007874,1.2498093359631819,1.249809335963182,0.0006122323930046747,0.020006140176342946
ising,small,sigma,epsilon,9,0.4461538461538462,9744,1.2269891380569946,1.2269822485207103,1.22698224852071,0.0005615025231664461,0.019955400468107953
ising,small,sigma,epsilon,10,0.4512820512820513,9744,1.2043716948644165,1.2043655489809337,1.2043655489809335,0.0005103005053630483,0.019904188520269983
ising,small,sigma,epsilon,11,0.4564102564102564,9744,1.1819646580997514,1.181959237343853,1.1819592373438528,0.00045862460624768175,0.01985250259926019
ising,small,sigma,epsilon,12,0.46153846153846156,9744,1.1597680277352485,1.1597633136094674,1.1597633136094674,0.00040647309029751,0.019800340969133856
ising,small,sigma,epsilon,13,0.4666666666666667,9744,1.13778180373868,1.1377777777777778,1.1377777777777778,0.0003538442199246816,0.01974770189201447
ising,small,sigma,epsilon,14,0.4717948717948718,9744,1.1160059860731637,1.1160026298487837,1.1160026298487837,0.00030073624293081025,0.019694583615370576
ising,small,sigma,epsilon,15,0.47692307692307695,9744,1.0944405746973853,1.0944378698224848,1.094437869822485,0.00024714741466702606,0.01964098439422024
ising,small,sigma,epsilon,16,0.48205128205128206,9744,1.073085569565388,1.0730834976988821,1.0730834976988823,0.000193075982468649,0.019586902475521306
ising,small,sigma,epsilon,17,0.48717948717948717,9744,1.0519409706264995,1.0519395134779748,1.051939513477975,0.0001385201816361814,0.01953233609424121
ising,small,sigma,epsilon,18,0.49230769230769234,9744,1.031006777825465,1.0310059171597632,1.0310059171597632,8.347825046772783e-05,0.019477283488367192
ising,small,sigma,epsilon,19,0.49743589743589745,9744,1.0102829911023792,1.0102827087442472,1.0102827087442472,2.7948427661073083e-05,0.019421742896219563
ising,small,sigma,epsilon,20,0.5025641025641026,9744,0.9897696103924875,0.9897698882314268,0.9897698882314268,-2.8071064051005123e-05,0.019365712540198032
ising,small,sigma,epsilon,21,0.5076923076923077,9744,0.9694666356263167,0.9694674556213019,0.9694674556213019,-8.458200224659151e-05,0.01930919064239145
ising,small,sigma,epsilon,22,0.5128205128205128,9744,0.9493740667296545,0.9493754109138727,0.9493754109138727,-0.00014158616314929873,0.019252175426243134
ising,small,sigma,epsilon,23,0.517948717948718,9744,0.9294919036233406,0.9294937541091387,0.9294937541091386,-0.00019908533973600484,0.01919466509838763
ising,small,sigma,epsilon,24,0.5230769230769231,9744,0.9098201462234793,0.9098224852071005,0.9098224852071005,-0.00025708131632384834,0.01913665787416363
ising,small,sigma,epsilon,25,0.5282051282051282,9744,0.8903587944411977,0.8903616042077579,0.890361604207758,-0.0003155758903972128,0.019078151955786993
ising,small,sigma,epsilon,26,0.5333333333333333,9744,0.8711078481827494,0.8711111111111111,0.8711111111111112,-0.0003745708578417606,0.019019145546983474
ising,small,sigma,epsilon,27,0.5384615384615384,9744,0.8520673073493571,0.8520710059171599,0.8520710059171599,-0.0004340680268555275,0.01895963683922197
ising,small,sigma,epsilon,28,0.5435897435897435,9744,0.8332371718372936,0.8332412886259042,0.8332412886259042,-0.0004940692050148243,0.0188996240245487
ising,small,sigma,epsilon,29,0.5487179487179488,9744,0.8146174415378112,0.8146219592373437,0.8146219592373437,-0.0005545762032599377,0.018839105291701408
ising,small,sigma,epsilon,30,0.5538461538461539,9744,0.7962081163370608,0.7962130177514792,0.7962130177514792,-0.0006155908417904143,0.018778078820114175
ising,small,sigma,epsilon,31,0.558974358974359,9744,0.7780091961161049,0.7780144641683103,0.7780144641683103,-0.0006771149442696967,0.01871654278577939
ising,small,sigma,epsilon,32,0.5641025641025641,9744,0.7600206807509139,0.760026298487837,0.760026298487837,-0.0007391503339171379,0.018654495365133528
ising,small,sigma,epsilon,33,0.5692307692307692,9744,0.742242570112223,0.7422485207100591,0.7422485207100592,-0.0008016988474857101,0.01859193472102394
ising,small,sigma,epsilon,34,0.5743589743589743,9744,0.724674864065638,0.7246811308349771,0.7246811308349771,-0.0008647623171764707,0.01852885902096091
ising,small,sigma,epsilon,35,0.5794871794871795,9744,0.7073175624714594,0.7073241288625902,0.7073241288625902,-0.0009283425890460606,0.01846526641846591
ising,small,sigma,epsilon,36,0.5846153846153846,9744,0.6901706651847842,0.6901775147928993,0.6901775147928993,-0.000992441505021091,0.018401155071279263
ising,small,sigma,epsilon,37,0.5897435897435898,9744,0.6732341720553566,0.6732412886259039,0.6732412886259039,-0.0010570609182081192,0.01833652312592804
ising,small,sigma,epsilon,38,0.5948717948717949,9744,0.6565080829276139,0.6565154503616042,0.6565154503616042,-0.0011222026817914177,0.0182713687288949
ising,small,sigma,epsilon,39,0.6,9744,0.6399923976405769,0.6400000000000001,0.6400000000000001,-0.0011878686598798538,0.0182056900156935
