model,region,a,b,y_index,y,n,sizes,lower,upper,xmin,xmax,r0,r1,c0_cft,c1_cft,fit,c0,c1,r_fit,power_error_pct,c0_error_pct,c1_error_pct,nrmse_pct
boson,large,00,3s_s,-1,0.5,18485,3797,0,0.005,0.0003662109375,0.005,5.0,6.0,75.10853074807065,-563.3139806105298,M1,73.1534466786059,,5.0,0.0,-2.6030120014229774,,1.0071786528861946
boson,large,00,3s_s,-1,0.5,18485,3797,0,0.005,0.0003662109375,0.005,5.0,6.0,75.10853074807065,-563.3139806105298,M2,75.85587151651302,-599.7911072484549,5.0,0.0,0.9950144956890394,6.475452038025131,0.9362590201710261
boson,large,00,3s_s,-1,0.5,18485,3797,0,0.005,0.0003662109375,0.005,5.0,6.0,75.10853074807065,-563.3139806105298,free,61.16456265144864,,4.966904870971111,-0.661902580577789,-18.565092350685074,,0.937070127849233
boson,large,00,3s_s,0,0.4,18485,3797,0,0.005,0.0003662109375,0.005,5.0,6.0,93.1088882603024,,M1,90.79893251112853,,5.0,0.0,-2.480918623704298,,0.9579404875507833
boson,large,00,3s_s,0,0.4,18485,3797,0,0.005,0.0003662109375,0.005,5.0,6.0,93.1088882603024,,M2,94.14437786835433,-742.5066358565792,5.0,0.0,1.1121275609660808,,0.8834851482645815
boson,large,00,3s_s,0,0.4,18485,3797,0,0.005,0.0003662109375,0.005,5.0,6.0,93.1088882603024,,free,75.9534329181778,,4.966990690514003,-0.6601861897199357,-18.425153240111168,,0.8843355683321391
boson,large,00,3s_s,1,0.40512820512820513,18485,3797,0,0.005,0.0003662109375,0.005,5.0,6.0,92.06961886147937,,M1,89.7802560095216,,5.0,0.0,-2.4865562389284723,,0.9601507228956225
boson,large,00,3s_s,1,0.40512820512820513,18485,3797,0,0.005,0.0003662109375,0.005,5.0,6.0,92.06961886147937,,M2,93.08854029628596,-734.258902455834,5.0,0.0,1.1066858399181312,,0.8858638116789046
boson,large,00,3s_s,1,0.40512820512820513,18485,3797,0,0.005,0.0003662109375,0.005,5.0,6.0,92.06961886147937,,free,75.09982761465288,,4.966987044426701,-0.6602591114659773,-18.431477675994167,,0.8867123525214953
boson,large,00,3s_s,2,0.41025641025641024,18485,3797,0,0.005,0.0003662109375,0.005,5.0,6.0,91.04533170719394,,M1,88.77624908360936,,5.0,0.0,-2.4922558697265895,,0.9623902322191542
boson,large,00,3s_s,2,0.41025641025641024,18485,3797,0,0.005,0.0003662109375,0.005,5.0,6.0,91.04533170719394,,M2,92.04791251077809,-726.1310664408785,5.0,0.0,1.1011885890080508,,0.8882729412660062
boson,large,00,3s_s,2,0.41025641025641024,18485,3797,0,0.005,0.0003662109375,0.005,5.0,6.0,91.04533170719394,,free,74.25849438096452,,4.966983318158844,-0.6603336368231183,-18.437889138804696,,0.8891195903917973
boson,large,00,3s_s,3,0.4153846153846154,18485,3797,0,0.005,0.0003662109375,0.005,5.0,6.0,90.03554263263703,,M1,87.78643840347253,,5.0,0.0,-2.4980181863747952,,0.9646597512606521
boson,large,00,3s_s,3,0.4153846153846154,18485,3797,0,0.005,0.0003662109375,0.005,5.0,6.0,90.03554263263703,,M2,91.02200364156255,-718.1192348097227,5.0,0.0,1.0956351015181554,,0.8907133077358022
boson,large,00,3s_s,3,0.4153846153846154,18485,3797,0,0.005,0.0003662109375,0.005,5.0,6.0,90.03554263263703,,free,73.4290376731843,,4.966979511764828,-0.6604097647034401,-18.44438815369902,,0.8915580522452745
boson,large,00,3s_s,4,0.4205128205128205,18485,3797,0,0.005,0.0003662109375,0.005,5.0,6.0,89.03978702279298,,M1,86.81036972754703,,5.0,0.0,-2.5038439216788055,,0.9669600353255546
boson,large,00,3s_s,4,0.4205128205128205,18485,3797,0,0.005,0.0003662109375,0.005,5.0,6.0,89.03978702279298,,M2,90.01034261874001,-710.2196725886006,5.0,0.0,1.0900246152864002,,0.893185701381929
boson,large,00,3s_s,4,0.4205128205128205,18485,3797,0,0.005,0.0003662109375,0.005,5.0,6.0,89.03978702279298,,free,72.61107788319818,,4.966975625221033,-0.6604874955793427,-18.4509753323975,,0.8940285279697696
boson,large,00,3s_s,5,0.4256410256410256,18485,3797,0,0.005,0.0003662109375,0.005,5.0,6.0,88.05761874343547,,M1,85.84760686043516,,5.0,0.0,-2.50973387031892,,0.9692918590286002
boson,large,00,3s_s,5,0.4256410256410256,18485,3797,0,0.005,0.0003662109375,0.005,5.0,6.0,88.05761874343547,,M2,89.01247709151077,-702.4287941582951,5.0,0.0,1.084356313174184,,0.895690931770576
boson,large,00,3s_s,5,0.4256410256410256,18485,3797,0,0.005,0.0003662109375,0.005,5.0,6.0,88.05761874343547,,free,71.80425057854383,,4.9669716587081805,-0.660566825836395,-18.457651247925998,,0.8965318267282061
boson,large,00,3s_s,6,0.4307692307692308,18485,3797,0,0.005,0.0003662109375,0.005,5.0,6.0,87.0886091406058,,M1,84.89773067739834,,5.0,0.0,-2.5156888883944073,,0.9716560161257933
boson,large,00,3s_s,6,0.4307692307692308,18485,3797,0,0.005,0.0003662109375,0.005,5.0,6.0,87.0886091406058,,M2,88.02797241609613,-694.7431551372541,5.0,0.0,1.0786293233524091,,0.8982298275245566
boson,large,00,3s_s,6,0.4307692307692308,18485,3797,0,0.005,0.0003662109375,0.005,5.0,6.0,87.0886091406058,,free,71.00820537383352,,4.966967611809161,-0.6606477638167796,-18.46441678820503,,0.899068776743213
boson,large,00,3s_s,7,0.4358974358974359,18485,3797,0,0.005,0.0003662109375,0.005,5.0,6.0,86.13234610332565,,M1,83.96033821043616,,5.0,0.0,-2.5217098931496706,,0.974053319431274
boson,large,00,3s_s,7,0.4358974358974359,18485,3797,0,0.005,0.0003662109375,0.005,5.0,6.0,86.13234610332565,,M2,87.05641070756934,-687.1594447803994,5.0,0.0,1.0728427194299117,,0.9008032361978352
boson,large,00,3s_s,7,0.4358974358974359,18485,3797,0,0.005,0.0003662109375,0.005,5.0,6.0,86.13234610332565,,free,70.22260547333337,,4.966963484283124,-0.660730314337532,-18.471272814172167,,0.9016402251721455
boson,large,00,3s_s,8,0.441025641025641,18485,3797,0,0.005,0.0003662109375,0.005,5.0,6.0,85.18843318476438,,M1,83.03504179129412,,5.0,0.0,-2.5277978628856723,,0.976484600814623
boson,large,00,3s_s,8,0.441025641025641,18485,3797,0,0.005,0.0003662109375,0.005,5.0,6.0,85.18843318476438,,M2,86.09738995075796,-679.6744788534327,5.0,0.0,1.0669955204154924,,0.9034120242357635
boson,large,00,3s_s,8,0.441025641025641,18485,3797,0,0.005,0.0003662109375,0.005,5.0,6.0,85.18843318476438,,free,69.44712685398325,,4.966959275809551,-0.6608144838089691,-18.478220272745194,,0.904247038067751
boson,large,00,3s_s,9,0.4461538461538462,18485,3797,0,0.005,0.0003662109375,0.005,5.0,6.0,84.25648877747626,,M1,82.12146824714101,,5.0,0.0,-2.533953837043823,,0.9789507112765944
boson,large,00,3s_s,9,0.4461538461538462,18485,3797,0,0.005,0.0003662109375,0.005,5.0,6.0,84.25648877747626,,M2,85.15052316579694,-672.2851929469596,5.0,0.0,1.0610866905240268,,0.9060570770186659
boson,large,00,3s_s,9,0.4461538461538462,18485,3797,0,0.005,0.0003662109375,0.005,5.0,6.0,84.25648877747626,,free,68.6814576551307,,4.966954986151881,-0.6609002769623729,-18.485260124569937,,0.9068901004221274
boson,large,00,3s_s,10,0.4512820512820513,18485,3797,0,0.005,0.0003662109375,0.005,5.0,6.0,83.33614533870082,,M1,81.21925814501188,,5.0,0.0,-2.540178916465752,,0.9814525211002731
boson,large,00,3s_s,10,0.4512820512820513,18485,3797,0,0.005,0.0003662109375,0.005,5.0,6.0,83.33614533870082,,M2,84.21543762428527,-664.9886361983828,5.0,0.0,1.0551151388281443,,0.9087392989852381
boson,large,00,3s_s,10,0.4512820512820513,18485,3797,0,0.005,0.0003662109375,0.005,5.0,6.0,83.33614533870082,,free,67.92529738966338,,4.966950614735684,-0.6609877052863089,-18.492393530326545,,0.90957031629045
boson,large,00,3s_s,11,0.4564102564102564,18485,3797,0,0.005,0.0003662109375,0.005,5.0,6.0,82.42704866203725,,M1,80.3280650814389,,5.0,0.0,-2.5464742638117377,,0.9839909200756187
boson,large,00,3s_s,11,0.4564102564102564,18485,3797,0,0.005,0.0003662109375,0.005,5.0,6.0,82.42704866203725,,M2,83.29177411232759,-657.7819653906251,5.0,0.0,1.0490797187654222,,0.9114596138335841
boson,large,00,3s_s,11,0.4564102564102564,18485,3797,0,0.005,0.0003662109375,0.005,5.0,6.0,82.42704866203725,,free,67.1783565222457,,4.9669461611043335,-0.6610767779133275,-18.499621650064626,,0.9122886089922798
boson,large,00,3s_s,12,0.46153846153846156,18485,3797,0,0.005,0.0003662109375,0.005,5.0,6.0,81.52885719212972,,M1,79.44755501398362,,5.0,0.0,-2.552841104152037,,0.9865668177960982
boson,large,00,3s_s,12,0.46153846153846156,18485,3797,0,0.005,0.0003662109375,0.005,5.0,6.0,81.52885719212972,,M2,82.37918623705484,-650.6624394008279,5.0,0.0,1.0429792274915028,,0.9142189647981722
boson,large,00,3s_s,12,0.46153846153846156,18485,3797,0,0.005,0.0003662109375,0.005,5.0,6.0,81.52885719212972,,free,66.44035569633154,,4.966941624331142,-0.66116751337717,-18.50694590289772,,0.9150459213887476
boson,large,00,3s_s,13,0.4666666666666667,18485,3797,0,0.005,0.0003662109375,0.005,5.0,6.0,80.64124137924823,,M1,78.57740563165174,,5.0,0.0,-2.5592807257150962,,0.9891811440262369
boson,large,00,3s_s,13,0.4666666666666667,18485,3797,0,0.005,0.0003662109375,0.005,5.0,6.0,80.64124137924823,,M2,81.47733977348861,-643.6274139735109,5.0,0.0,1.0368124050921912,,0.9170183150013396
boson,large,00,3s_s,13,0.4666666666666667,18485,3797,0,0.005,0.0003662109375,0.005,5.0,6.0,80.64124137924823,,free,65.7110255657353,,4.9669370040010845,-0.6612599199783076,-18.514367534717778,,0.9178432162342548
boson,large,00,3s_s,14,0.4717948717948718,18485,3797,0,0.005,0.0003662109375,0.005,5.0,6.0,79.7638830709171,,M1,77.71730576141097,,5.0,0.0,-2.565794480800976,,0.9918348491395755
boson,large,00,3s_s,14,0.4717948717948718,18485,3797,0,0.005,0.0003662109375,0.005,5.0,6.0,79.7638830709171,,M2,80.58591204886463,-636.6743367945785,5.0,0.0,1.0305779336453158,,0.9198586478786767
boson,large,00,3s_s,14,0.4717948717948718,18485,3797,0,0.005,0.0003662109375,0.005,5.0,6.0,79.7638830709171,,free,64.99010594272598,,4.966932299229022,-0.6613540154195574,-18.52188805183411,,0.9206814766019977
boson,large,00,3s_s,15,0.47692307692307695,18485,3797,0,0.005,0.0003662109375,0.005,5.0,6.0,78.89647493795617,,M1,76.86695480825306,,5.0,0.0,-2.572383786853749,,0.9945289046266098
boson,large,00,3s_s,15,0.47692307692307695,18485,3797,0,0.005,0.0003662109375,0.005,5.0,6.0,78.89647493795617,,M2,79.70459136176115,-629.8007428452376,5.0,0.0,1.0242744361398604,,0.9227409676775615
boson,large,00,3s_s,15,0.47692307692307695,18485,3797,0,0.005,0.0003662109375,0.005,5.0,6.0,78.89647493795617,,free,64.27734555232476,,4.966927509274039,-0.6614498145192216,-18.529508950973828,,0.9235617063826278
boson,large,00,3s_s,16,0.48205128205128206,18485,3797,0,0.005,0.0003662109375,0.005,5.0,6.0,78.03871993251258,,M1,76.02606222643928,,5.0,0.0,-2.579050127697935,,0.9972643036731725
boson,large,00,3s_s,16,0.48205128205128206,18485,3797,0,0.005,0.0003662109375,0.005,5.0,6.0,78.03871993251258,,M2,78.83307643358258,-623.0042500158861,5.0,0.0,1.0179004752473464,,0.9256663000291726
boson,large,00,3s_s,16,0.48205128205128206,18485,3797,0,0.005,0.0003662109375,0.005,5.0,6.0,78.03871993251258,,free,63.572501340102505,,4.9669226328214595,-0.6615473435708119,-18.53723203676376,,0.9264849308563319
boson,large,00,3s_s,17,0.48717948717948717,18485,3797,0,0.005,0.0003662109375,0.005,5.0,6.0,77.19033077584248,,M1,75.19434701974978,,5.0,0.0,-2.5857950549388775,,1.0000420618096875
boson,large,00,3s_s,17,0.48717948717948717,18485,3797,0,0.005,0.0003662109375,0.005,5.0,6.0,77.19033077584248,,M2,77.9710758901349,-616.2825549615864,5.0,0.0,1.0114545519433804,,0.9286356925942924
boson,large,00,3s_s,17,0.48717948717948717,18485,3797,0,0.005,0.0003662109375,0.005,5.0,6.0,77.19033077584248,,free,62.87533851978354,,4.966917669320277,-0.6616466135944576,-18.545058833377837,,0.9294521973386924
boson,large,00,3s_s,18,0.49230769230769234,18485,3797,0,0.005,0.0003662109375,0.005,5.0,6.0,76.35102947377226,,M1,74.37153726872309,,5.0,0.0,-2.5926201895275724,,1.0028632176321375
boson,large,00,3s_s,18,0.49230769230769234,18485,3797,0,0.005,0.0003662109375,0.005,5.0,6.0,76.35102947377226,,M2,77.11830777120413,-609.6334291822151,5.0,0.0,1.004935103979765,,0.9316502157836223
boson,large,00,3s_s,18,0.49230769230769234,18485,3797,0,0.005,0.0003662109375,0.005,5.0,6.0,76.35102947377226,,free,62.18562957869107,,4.96691261724581,-0.6617476550837997,-18.552991351540605,,0.9324645759010112
boson,large,00,3s_s,19,0.49743589743589745,18485,3797,0,0.005,0.0003662109375,0.005,5.0,6.0,75.52054685793046,,M1,73.55736968302082,,5.0,0.0,-2.599527223502196,,1.0057288335967172
boson,large,00,3s_s,19,0.49743589743589745,18485,3797,0,0.005,0.0003662109375,0.005,5.0,6.0,75.52054685793046,,M2,76.27449906620386,-603.0547153121917,5.0,0.0,0.9983405041964932,,0.9347109635543952
boson,large,00,3s_s,19,0.49743589743589745,18485,3797,0,0.005,0.0003662109375,0.005,5.0,6.0,75.52054685793046,,free,61.5031544582718,,4.966907475713531,-0.6618504857293872,-18.56103137868986,,0.9355231601669112
boson,large,00,3s_s,20,0.5025641025641026,18485,3797,0,0.005,0.0003662109375,0.005,5.0,6.0,74.69862215096158,,M1,72.75158917719166,,5.0,0.0,-2.6065179218902834,,1.008639996888501
boson,large,00,3s_s,20,0.5025641025641026,18485,3797,0,0.005,0.0003662109375,0.005,5.0,6.0,74.69862215096158,,M2,75.43938527409644,-596.5443236042439,5.0,0.0,0.9916690586846633,,0.937819054283672
boson,large,00,3s_s,20,0.5025641025641026,18485,3797,0,0.005,0.0003662109375,0.005,5.0,6.0,74.69862215096158,,free,60.827699862317324,,4.966902243492017,-0.6619551301596638,-18.56918091556218,,0.9386290681855867
boson,large,00,3s_s,21,0.5076923076923077,18485,3797,0,0.005,0.0003662109375,0.005,5.0,6.0,73.88500255409551,,M1,71.95394846822985,,5.0,0.0,-2.613594124804719,,1.0115978203697817
boson,large,00,3s_s,21,0.5076923076923077,18485,3797,0,0.005,0.0003662109375,0.005,5.0,6.0,73.88500255409551,,M2,74.61270998593598,-590.1002285967602,5.0,0.0,0.9849190047840573,,0.9409756317234533
boson,large,00,3s_s,21,0.5076923076923077,18485,3797,0,0.005,0.0003662109375,0.005,5.0,6.0,73.88500255409551,,free,60.159058870377976,,4.966896918830326,-0.662061623393484,-18.577442253815946,,0.9417834433868695
boson,large,00,3s_s,22,0.5128205128205128,18485,3797,0,0.005,0.0003662109375,0.005,5.0,6.0,73.07944285552927,,M1,71.16420769344501,,5.0,0.0,-2.62075774971422,,1.0146034436039457
boson,large,00,3s_s,22,0.5128205128205128,18485,3797,0,0.005,0.0003662109375,0.005,5.0,6.0,73.07944285552927,,M2,73.79422448846297,-583.7204659455114,5.0,0.0,0.9780885088940261,,0.9441818660345744
boson,large,00,3s_s,22,0.5128205128205128,18485,3797,0,0.005,0.0003662109375,0.005,5.0,6.0,73.07944285552927,,free,59.4970310684202,,4.966891500828983,-0.6621699834203354,-18.58581737405981,,0.9449874556149752
boson,large,00,3s_s,23,0.517948717948718,18485,3797,0,0.005,0.0003662109375,0.005,5.0,6.0,72.28170505820044,,M1,70.38213404725224,,5.0,0.0,-2.6280107939051667,,1.01765803396708
boson,large,00,3s_s,23,0.517948717948718,18485,3797,0,0.005,0.0003662109375,0.005,5.0,6.0,72.28170505820044,,M2,72.98368738735417,-577.4031294184299,5.0,0.0,0.9711756641441971,,0.9474389549096967
boson,large,00,3s_s,23,0.517948717948718,18485,3797,0,0.005,0.0003662109375,0.005,5.0,6.0,72.28170505820044,,free,58.84142158917033,,4.966885987427916,-0.6622802514416826,-18.594308834037797,,0.9482423022514295
boson,large,00,3s_s,24,0.5230769230769231,18485,3797,0,0.005,0.0003662109375,0.005,5.0,6.0,71.49155802564097,,M1,69.60750143560027,,5.0,0.0,-2.6353553371503913,,1.0207627878420702
boson,large,00,3s_s,24,0.5230769230769231,18485,3797,0,0.005,0.0003662109375,0.005,5.0,6.0,71.49155802564097,,M2,72.18086424875193,-571.1463680327857,5.0,0.0,0.9641784878485105,,0.9507481247819063
boson,large,00,3s_s,24,0.5230769230769231,18485,3797,0,0.005,0.0003662109375,0.005,5.0,6.0,71.49155802564097,,free,58.19204147648718,,4.966880377417771,-0.6623924516445667,-18.602918885029506,,0.9515492094234869
boson,large,00,3s_s,25,0.5282051282051282,18485,3797,0,0.005,0.0003662109375,0.005,5.0,6.0,70.70877714465762,,M1,68.8400901468306,,5.0,0.0,-2.642793544575106,,1.0239189319049768
boson,large,00,3s_s,25,0.5282051282051282,18485,3797,0,0.005,0.0003662109375,0.005,5.0,6.0,70.70877714465762,,M2,71.38552725784622,-564.9483833303362,5.0,0.0,0.9570949187879263,,0.9541106321277538
boson,large,00,3s_s,25,0.5282051282051282,18485,3797,0,0.005,0.0003662109375,0.005,5.0,6.0,70.70877714465762,,free,57.54870693392182,,4.966874668959173,-0.6625066208165387,-18.611650126281532,,0.954909433307001
boson,large,00,3s_s,26,0.5333333333333333,18485,3797,0,0.005,0.0003662109375,0.005,5.0,6.0,69.93314400370012,,M1,68.07968653784663,,5.0,0.0,-2.6503276697461664,,1.027127724504819
boson,large,00,3s_s,26,0.5333333333333333,18485,3797,0,0.005,0.0003662109375,0.005,5.0,6.0,69.93314400370012,,M2,70.59745489334213,-558.8074267802024,5.0,0.0,0.9499228142908267,,0.9575277648658146
boson,large,00,3s_s,26,0.5333333333333333,18485,3797,0,0.005,0.0003662109375,0.005,5.0,6.0,69.93314400370012,,free,56.911239320950685,,4.966868860388239,-0.6626227922352235,-18.62050515283634,,0.9583242615247975
boson,large,00,3s_s,27,0.5384615384615384,18485,3797,0,0.005,0.0003662109375,0.005,5.0,6.0,69.16444608583052,,M1,67.32608273454224,,5.0,0.0,-2.6579600579854867,,1.0303904571439222
boson,large,00,3s_s,27,0.5384615384615384,18485,3797,0,0.005,0.0003662109375,0.005,5.0,6.0,69.16444608583052,,M2,69.81643161671538,-552.7217972990397,5.0,0.0,0.9426599471002328,,0.961000843858527
boson,large,00,3s_s,27,0.5384615384615384,18485,3797,0,0.005,0.0003662109375,0.005,5.0,6.0,69.16444608583052,,free,56.27946465049754,,4.966862949399794,-0.66274101200412,-18.629486917806293,,0.9617950146482818
boson,large,00,3s_s,28,0.5435897435897435,18485,3797,0,0.005,0.0003662109375,0.005,5.0,6.0,68.40247647528362,,M1,66.5790763455031,,5.0,0.0,-2.6656931499247527,,1.0337084560622556
boson,large,00,3s_s,28,0.5435897435897435,18485,3797,0,0.005,0.0003662109375,0.005,5.0,6.0,68.40247647528362,,M2,69.04224757523971,-546.6898388820387,5.0,0.0,0.9353040020228853,,0.9645312245201567
boson,large,00,3s_s,28,0.5435897435897435,18485,3797,0,0.005,0.0003662109375,0.005,5.0,6.0,68.40247647528362,,free,55.653213768280416,,4.966856934403166,-0.6628613119366689,-18.638598138489904,,0.9653230478051531
boson,large,00,3s_s,29,0.5487179487179488,18485,3797,0,0.005,0.0003662109375,0.005,5.0,6.0,67.6470335766693,,M1,65.8384701880582,,5.0,0.0,-2.6735294853119207,,1.0370830839333107
boson,large,00,3s_s,29,0.5487179487179488,18485,3797,0,0.005,0.0003662109375,0.005,5.0,6.0,67.6470335766693,,M2,68.27469831782616,-540.7099383363475,5.0,0.0,0.9278525723459552,,0.9681202985387581
boson,large,00,3s_s,29,0.5487179487179488,18485,3797,0,0.005,0.0003662109375,0.005,5.0,6.0,67.6470335766693,,free,55.03232170581168,,4.966850813159832,-0.6629837368033575,-18.64784189917278,,0.9689097524011034
boson,large,00,3s_s,30,0.5538461538461539,18485,3797,0,0.005,0.0003662109375,0.005,5.0,6.0,66.89792084591987,,M1,65.10407202580971,,5.0,0.0,-2.6814717070830496,,1.040515741677646
boson,large,00,3s_s,30,0.5538461538461539,18485,3797,0,0.005,0.0003662109375,0.005,5.0,6.0,66.89792084591987,,M2,67.51358452276749,-534.7805231092117,5.0,0.0,0.9203031560063302,,0.9717694957183687
boson,large,00,3s_s,30,0.5538461538461539,18485,3797,0,0.005,0.0003662109375,0.005,5.0,6.0,66.89792084591987,,free,54.41662770839205,,4.966844583588017,-0.6631083282396588,-18.657221300307512,,0.9725565579616999
boson,large,00,3s_s,31,0.558974358974359,18485,3797,0,0.005,0.0003662109375,0.005,5.0,6.0,66.15494653214299,,M1,64.37569431682172,,5.0,0.0,-2.689522565718905,,1.044007870401277
boson,large,00,3s_s,31,0.558974358974359,18485,3797,0,0.005,0.0003662109375,0.005,5.0,6.0,66.15494653214299,,M2,66.7587117365421,-528.9000592051141,5.0,0.0,0.9126531515005532,,0.9754802859483771
boson,large,00,3s_s,31,0.558974358974359,18485,3797,0,0.005,0.0003662109375,0.005,5.0,6.0,66.15494653214299,,free,53.80597483356523,,4.966838243116536,-0.6632351376692824,-18.666739746479443,,0.9762649341014435
boson,large,00,3s_s,32,0.5641025641025641,18485,3797,0,0.005,0.0003662109375,0.005,5.0,6.0,65.41792342957808,,M1,63.653153971691935,,5.0,0.0,-2.6976849238969036,,1.0475609534674863
boson,large,00,3s_s,32,0.5641025641025641,18485,3797,0,0.005,0.0003662109375,0.005,5.0,6.0,65.41792342957808,,M2,66.00989012286739,-523.0670491841369,5.0,0.0,0.9048998535188257,,0.9792541813090774
boson,large,00,3s_s,32,0.5641025641025641,18485,3797,0,0.005,0.0003662109375,0.005,5.0,6.0,65.41792342957808,,free,53.20020996514959,,4.966831789409133,-0.6633642118173411,-18.676400631366374,,0.9800363926289615
boson,large,00,3s_s,33,0.5692307692307692,18485,3797,0,0.005,0.0003662109375,0.005,5.0,6.0,64.68666863890856,,M1,62.936272120772124,,5.0,0.0,-2.7059617614680898,,1.051176518710337
boson,large,00,3s_s,33,0.5692307692307692,18485,3797,0,0.005,0.0003662109375,0.005,5.0,6.0,64.68666863890856,,M2,65.2669342212436,-517.280030236259,5.0,0.0,0.8970404482787409,,0.9830927383215133
boson,large,00,3s_s,33,0.5692307692307692,18485,3797,0,0.005,0.0003662109375,0.005,5.0,6.0,64.68666863890856,,free,52.59918345432687,,4.966825219802026,-0.6634956039594742,-18.68620758947409,,0.9838724897964773
boson,large,00,3s_s,34,0.5743589743589743,18485,3797,0,0.005,0.0003662109375,0.005,5.0,6.0,63.96100333720286,,M1,62.224873889838626,,5.0,0.0,-2.714356180767441,,1.0548561407999204
boson,large,00,3s_s,34,0.5743589743589743,18485,3797,0,0.005,0.0003662109375,0.005,5.0,6.0,63.96100333720286,,M2,64.52966271426445,-511.53757232590686,5.0,0.0,0.889072008554348,,0.9869975603517065
boson,large,00,3s_s,34,0.5743589743589743,18485,3797,0,0.005,0.0003662109375,0.005,5.0,6.0,63.96100333720286,,free,52.00274909381476,,4.966818531860463,-0.6636293627907408,-18.69616425549816,,0.9877748287036414
boson,large,00,3s_s,35,0.5794871794871795,18485,3797,0,0.005,0.0003662109375,0.005,5.0,6.0,63.24075255580689,,M1,61.51878818354853,,5.0,0.0,-2.7228714122887965,,1.0586014437703832
boson,large,00,3s_s,35,0.5794871794871795,18485,3797,0,0.005,0.0003662109375,0.005,5.0,6.0,63.24075255580689,,M2,63.7978982029995,-505.8382764000234,5.0,0.0,0.8809914883618042,,0.9909703001807971
boson,large,00,3s_s,35,0.5794871794871795,18485,3797,0,0.005,0.0003662109375,0.005,5.0,6.0,63.24075255580689,,free,51.41076372681899,,4.9668117226379636,-0.6637655472407245,-18.706274594927553,,0.9917450618672233
boson,large,00,3s_s,36,0.5846153846153846,18485,3797,0,0.005,0.0003662109375,0.005,5.0,6.0,62.525744965530286,,M1,60.81784747604471,,5.0,0.0,-2.731510820746108,,1.0624141037216792
boson,large,00,3s_s,36,0.5846153846153846,18485,3797,0,0.005,0.0003662109375,0.005,5.0,6.0,62.525744965530286,,M2,63.07146698979484,-500.1807726559156,5.0,0.0,0.8727957172927736,,0.9950126627516417
boson,large,00,3s_s,36,0.5846153846153846,18485,3797,0,0.005,0.0003662109375,0.005,5.0,6.0,62.525744965530286,,free,50.82308724743921,,4.966804789285462,-0.663904214290767,-18.716542641023494,,0.9957848939672554
boson,large,00,3s_s,37,0.5897435897435898,18485,3797,0,0.005,0.0003662109375,0.005,5.0,6.0,61.81581266850091,,M1,60.121887608100344,,5.0,0.0,-2.740277911550826,,1.0662958517082575
boson,large,00,3s_s,37,0.5897435897435898,18485,3797,0,0.005,0.0003662109375,0.005,5.0,6.0,61.81581266850091,,M2,62.35019886785333,-494.563718862393,5.0,0.0,0.8644813944583607,,0.99912640810566
boson,large,00,3s_s,37,0.5897435897435898,18485,3797,0,0.005,0.0003662109375,0.005,5.0,6.0,61.81581266850091,,free,50.23958228794996,,4.966797728531314,-0.6640454293737164,-18.72697272885612,,0.9998960847833837
boson,large,00,3s_s,38,0.5948717948717949,18485,3797,0,0.005,0.0003662109375,0.005,5.0,6.0,61.110790996076965,,M1,59.43074759021455,,5.0,0.0,-2.7491763377277545,,1.0702484768290328
boson,large,00,3s_s,38,0.5948717948717949,18485,3797,0,0.005,0.0003662109375,0.005,5.0,6.0,61.110790996076965,,M2,61.63392691698899,-488.98579873042553,5.0,0.0,0.8560450820307874,,1.0033133545241208
boson,large,00,3s_s,38,0.5948717948717949,18485,3797,0,0.005,0.0003662109375,0.005,5.0,6.0,61.110790996076965,,free,49.66011418769235,,4.9667905371540115,-0.6641892569197672,-18.737569292990653,,1.0040804523356195
boson,large,00,3s_s,39,0.6,18485,3797,0,0.005,0.0003662109375,0.005,5.0,6.0,60.410518312236995,,M1,58.74426941109153,,5.0,0.0,-2.7582099073100386,,1.0742738295335348
boson,large,00,3s_s,39,0.6,18485,3797,0,0.005,0.0003662109375,0.005,5.0,6.0,60.410518312236995,,M2,60.92248730496264,-483.4457203276574,5.0,0.0,0.847483198338872,,1.007575381889143
boson,large,00,3s_s,39,0.6,18485,3797,0,0.005,0.0003662109375,0.005,5.0,6.0,60.410518312236995,,free,49.084550786331604,,4.966783211810687,-0.6643357637862612,-18.748336949148737,,1.0083398762447895
boson,large,00,ss,-1,0.5,18485,3797,0,0.005,0.0003662109375,0.005,1.0,2.0,1.2337005501361697,,M1,1.2612514905019792,,1.0,0.0,2.2331951106586256,,0.40301404547444797
boson,large,00,ss,-1,0.5,18485,3797,0,0.005,0.0003662109375,0.005,1.0,2.0,1.2337005501361697,,M2,1.262738942389247,-0.5400933690320405,1.0,0.0,2.3537634193218304,,0.3991434789229432
boson,large,00,ss,-1,0.5,18485,3797,0,0.005,0.0003662109375,0.005,1.0,2.0,1.2337005501361697,,free,1.2535027983775262,,0.9989800465330401,-0.1019953466959933,1.6051097844749007,,0.3984792132339062
boson,large,00,ss,0,0.4,18485,3797,0,0.005,0.0003662109375,0.005,1.0,2.0,1.5628420790319613,,M1,1.5988192008212179,,1.0,0.0,2.3020318093521785,,0.49887060174787373
boson,large,00,ss,0,0.4,18485,3797,0,0.005,0.0003662109375,0.005,1.0,2.0,1.5628420790319613,,M2,1.6005098754780236,-0.6138835004664525,1.0,0.0,2.410211303588272,,0.4963625035391103
boson,large,00,ss,0,0.4,18485,3797,0,0.005,0.0003662109375,0.005,1.0,2.0,1.5628420790319613,,free,1.5898999538285898,,0.9990741079188961,-0.09258920811039406,1.7313249470086278,,0.49585976863796527
boson,large,00,ss,1,0.40512820512820513,18485,3797,0,0.005,0.0003662109375,0.005,1.0,2.0,1.543884767741521,,M1,1.5793771723113386,,1.0,0.0,2.2989024382783274,,0.4942987917275695
boson,large,00,ss,1,0.40512820512820513,18485,3797,0,0.005,0.0003662109375,0.005,1.0,2.0,1.543884767741521,,M2,1.5810558572791302,-0.6095300477001935,1.0,0.0,2.4076336728151793,,0.4917412642623185
boson,large,00,ss,1,0.40512820512820513,18485,3797,0,0.005,0.0003662109375,0.005,1.0,2.0,1.543884767741521,,free,1.5705267484123562,,0.9990699309927582,-0.09300690072417961,1.7256456717173574,,0.4912323645455813
boson,large,00,ss,2,0.41025641025641024,18485,3797,0,0.005,0.0003662109375,0.005,1.0,2.0,1.5251932224509037,,M1,1.5602076012901067,,1.0,0.0,2.295733964968494,,0.48962930884674266
boson,large,00,ss,2,0.41025641025641024,18485,3797,0,0.005,0.0003662109375,0.005,1.0,2.0,1.5251932224509037,,M2,1.5618745135545966,-0.605255382386168,1.0,0.0,2.40502583959481,,0.4870203316434384
boson,large,00,ss,2,0.41025641025641024,18485,3797,0,0.005,0.0003662109375,0.005,1.0,2.0,1.5251932224509037,,free,1.5514247944920234,,0.9990656848099847,-0.09343151900153002,1.7198851696289985,,0.486505019428837
boson,large,00,ss,3,0.4153846153846154,18485,3797,0,0.005,0.0003662109375,0.005,1.0,2.0,1.506759257912287,,M1,1.541302103358276,,1.0,0.0,2.2925258474170818,,0.48487122962853113
boson,large,00,ss,3,0.4153846153846154,18485,3797,0,0.005,0.0003662109375,0.005,1.0,2.0,1.506759257912287,,M2,1.5429574502495484,-0.6010559985682578,1.0,0.0,2.4023872524544077,,0.4822087353568819
boson,large,00,ss,3,0.4153846153846154,18485,3797,0,0.005,0.0003662109375,0.005,1.0,2.0,1.506759257912287,,free,1.5325857595329075,,0.9990613695172351,-0.09386304827648795,1.714043002224841,,0.4816867623751773
boson,large,00,ss,4,0.4205128205128205,18485,3797,0,0.005,0.0003662109375,0.005,1.0,2.0,1.4885750116268972,,M1,1.5226526244323615,,1.0,0.0,2.2892774995745935,,0.48003387380473606
boson,large,00,ss,4,0.4205128205128205,18485,3797,0,0.005,0.0003662109375,0.005,1.0,2.0,1.4885750116268972,,M2,1.5242966040654249,-0.5969285502553081,1.0,0.0,2.3997173242540804,,0.47731574894641315
boson,large,00,ss,4,0.4205128205128205,18485,3797,0,0.005,0.0003662109375,0.005,1.0,2.0,1.4885750116268972,,free,1.5140016388831359,,0.999056985186075,-0.09430148139250027,1.7081186408234306,,0.47678686678122967
boson,large,00,ss,5,0.4256410256410256,18485,3797,0,0.005,0.0003662109375,0.005,1.0,2.0,1.470632926719036,,M1,1.5042514232378972,,1.0,0.0,2.285988291712182,,0.4751268267883066
boson,large,00,ss,5,0.4256410256410256,18485,3797,0,0.005,0.0003662109375,0.005,1.0,2.0,1.470632926719036,,M2,1.5058842249258935,-0.5928698414918357,1.0,0.0,2.3970154323623705,,0.4723509129278802
boson,large,00,ss,5,0.4256410256410256,18485,3797,0,0.005,0.0003662109375,0.005,1.0,2.0,1.470632926719036,,free,1.4956647387731592,,0.999052531852423,-0.09474681475769575,1.7021114922245673,,0.471814873572527
boson,large,00,ss,6,0.4307692307692308,18485,3797,0,0.005,0.0003662109375,0.005,1.0,2.0,1.4529257358858463,,M1,1.4860910549012725,,1.0,0.0,2.2826575506424973,,0.47015996268691057
boson,large,00,ss,6,0.4307692307692308,18485,3797,0,0.005,0.0003662109375,0.005,1.0,2.0,1.4529257358858463,,M2,1.4877128595432199,-0.5888768171116705,1.0,0.0,2.3942809187121883,,0.4673240585295441
boson,large,00,ss,6,0.4307692307692308,18485,3797,0,0.005,0.0003662109375,0.005,1.0,2.0,1.4529257358858463,,free,1.4775676591291114,,0.999048009419276,-0.09519905807240381,1.6960208381360253,,0.46678061507435226
boson,large,00,ss,7,0.4358974358974359,18485,3797,0,0.005,0.0003662109375,0.005,1.0,2.0,1.4354464463421979,,M1,1.4681643555579797,,1.0,0.0,2.279284559807415,,0.46514346771047427
boson,large,00,ss,7,0.4358974358974359,18485,3797,0,0.005,0.0003662109375,0.005,1.0,2.0,1.4354464463421979,,M2,1.469775336002776,-0.5849465541188793,1.0,0.0,2.391513089746744,,0.4622453319340725
boson,large,00,ss,7,0.4358974358974359,18485,3797,0,0.005,0.0003662109375,0.005,1.0,2.0,1.4354464463421979,,free,1.459703279694467,,0.999043417810124,-0.0956582189876043,1.6898459300993318,,0.4616942393989409
boson,large,00,ss,8,0.441025641025641,18485,3797,0,0.005,0.0003662109375,0.005,1.0,2.0,1.4181883256870456,,M1,1.4504644279020673,,1.0,0.0,2.2758685592328076,,0.4600878637848142
boson,large,00,ss,8,0.441025641025641,18485,3797,0,0.005,0.0003662109375,0.005,1.0,2.0,1.4181883256870456,,M2,1.452064749290348,-0.5810762536448748,1.0,0.0,2.3887112162547908,,0.45712521884567264
boson,large,00,ss,8,0.441025641025641,18485,3797,0,0.005,0.0003662109375,0.005,1.0,2.0,1.4181883256870456,,free,1.4420647446244952,,0.9990387568523181,-0.09612431476818672,1.6835859176800527,,0.45656623517360884
boson,large,00,ss,9,0.4461538461538462,18485,3797,0,0.005,0.0003662109375,0.005,1.0,2.0,1.401144888623731,,M1,1.4329846276079135,,1.0,0.0,2.27240874535517,,0.455004032134893
boson,large,00,ss,9,0.4461538461538462,18485,3797,0,0.005,0.0003662109375,0.005,1.0,2.0,1.401144888623731,,M2,1.4345744476932127,-0.5772632334357062,1.0,0.0,2.3858745330982645,,0.45197456915705747
boson,large,00,ss,9,0.4461538461538462,18485,3797,0,0.005,0.0003662109375,0.005,1.0,2.0,1.401144888623731,,free,1.424645449030114,,0.9990340262774021,-0.09659737225978793,1.6772398484403928,,0.451407456385437
boson,large,00,ss,10,0.4512820512820513,18485,3797,0,0.005,0.0003662109375,0.005,1.0,2.0,1.3843098844722934,,M1,1.4157185505611105,,1.0,0.0,2.268904270721883,,0.44990323654417635
boson,large,00,ss,10,0.4512820512820513,18485,3797,0,0.005,0.0003662109375,0.005,1.0,2.0,1.3843098844722934,,M2,1.4172980200116791,-0.5735049208266313,1.0,0.0,2.383002238834764,,0.44680462143326394
boson,large,00,ss,10,0.4512820512820513,18485,3797,0,0.005,0.0003662109375,0.005,1.0,2.0,1.3843098844722934,,free,1.4074390273708435,,0.9990292258438743,-0.09707741561256755,1.6708067433446772,,0.4462291470602034
boson,large,00,ss,11,0.4564102564102564,18485,3797,0,0.005,0.0003662109375,0.005,1.0,2.0,1.3676772854168278,,M1,1.3986600208404225,,1.0,0.0,2.265354243574502,,0.44479714593030395
boson,large,00,ss,11,0.4564102564102564,18485,3797,0,0.005,0.0003662109375,0.005,1.0,2.0,1.3676772854168278,,M2,1.4002292835229302,-0.5697988461654947,1.0,0.0,2.3800934952415753,,0.44162702686175637
boson,large,00,ss,11,0.4564102564102564,18485,3797,0,0.005,0.0003662109375,0.005,1.0,2.0,1.3676772854168278,,free,1.3904393400368331,,0.9990243551657455,-0.09756448342544966,1.6642854906424809,,0.44104296542533483
boson,large,00,ss,12,0.46153846153846156,18485,3797,0,0.005,0.0003662109375,0.005,1.0,2.0,1.351241275435765,,M1,1.381803079397465,,1.0,0.0,2.2617577273047695,,0.4396978558013276
boson,large,00,ss,12,0.46153846153846156,18485,3797,0,0.005,0.0003662109375,0.005,1.0,2.0,1.351241275435765,,M2,1.3833622726437316,-0.5661426366501573,1.0,0.0,2.37714742673234,,0.43645387224022203
boson,large,00,ss,12,0.46153846153846156,18485,3797,0,0.005,0.0003662109375,0.005,1.0,2.0,1.351241275435765,,free,1.3736404632660046,,0.9990194138456759,-0.0980586154324059,1.6576749273009117,,0.4358610071281186
boson,large,00,ss,13,0.4666666666666667,18485,3797,0,0.005,0.0003662109375,0.005,1.0,2.0,1.3349962398668374,,M1,1.36514197338501,,1.0,0.0,2.258113739794476,,0.4346179080710865
boson,large,00,ss,13,0.4666666666666667,18485,3797,0,0.005,0.0003662109375,0.005,1.0,2.0,1.3349962398668374,,M2,1.3666912282428145,-0.5625340105472594,1.0,0.0,2.3741631196757984,,0.431297701484642
boson,large,00,ss,13,0.4666666666666667,18485,3797,0,0.005,0.0003662109375,0.005,1.0,2.0,1.3349962398668374,,free,1.3570366783081917,,0.9990144014469351,-0.09855985530649036,1.6509738217354686,,0.430695826990946
boson,large,00,ss,14,0.4717948717948718,18485,3797,0,0.005,0.0003662109375,0.005,1.0,2.0,1.3189367555624472,,M1,1.348671146088688,,1.0,0.0,2.2544212526370178,,0.42957030861759216
boson,large,00,ss,14,0.4717948717948718,18485,3797,0,0.005,0.0003662109375,0.005,1.0,2.0,1.3189367555624472,,M2,1.3502105875576234,-0.5589707717621892,1.0,0.0,2.371139621614371,,0.4261715350411943
boson,large,00,ss,14,0.4717948717948718,18485,3797,0,0.005,0.0003662109375,0.005,1.0,2.0,1.3189367555624472,,free,1.3406224607576749,,0.9990093174132404,-0.09906825867596059,1.644180822451946,,0.42556045868546927
boson,large,00,ss,15,0.47692307692307695,18485,3797,0,0.005,0.0003662109375,0.005,1.0,2.0,1.303057581594642,,M1,1.332385227420368,,1.0,0.0,2.2506791902346945,,0.4245685418647192
boson,large,00,ss,15,0.47692307692307695,18485,3797,0,0.005,0.0003662109375,0.005,1.0,2.0,1.303057581594642,,M2,1.3339149746736376,-0.5554508047340478,1.0,0.0,2.3680759403765794,,0.4210888864760606
boson,large,00,ss,15,0.47692307692307695,18485,3797,0,0.005,0.0003662109375,0.005,1.0,2.0,1.303057581594642,,free,1.3243924723069442,,0.9990041612104181,-0.0995838789581871,1.6372945458168697,,0.42046843159704406
boson,large,00,ss,16,0.48205128205128206,18485,3797,0,0.005,0.0003662109375,0.005,1.0,2.0,1.2873536504718432,,M1,1.316279024934728,,1.0,0.0,2.2468864287822576,,0.41962658155791355
boson,large,00,ss,16,0.48205128205128206,18485,3797,0,0.005,0.0003662109375,0.005,1.0,2.0,1.2873536504718432,,M2,1.3177991915277043,-0.5519720696301537,1.0,0.0,2.3649710430931004,,0.4160637754000734
boson,large,00,ss,16,0.48205128205128206,18485,3797,0,0.005,0.0003662109375,0.005,1.0,2.0,1.2873536504718432,,free,1.3083415504317166,,0.9989989321560729,-0.10010678439270615,1.6303134691994625,,0.41543378403234016
boson,large,00,ss,17,0.48717948717948717,18485,3797,0,0.005,0.0003662109375,0.005,1.0,2.0,1.2718200598326237,,M1,1.300347515333406,,1.0,0.0,2.243041795121292,,0.4147588967912719
boson,large,00,ss,17,0.48717948717948717,18485,3797,0,0.005,0.0003662109375,0.005,1.0,2.0,1.2718200598326237,,M2,1.3018582093997169,-0.5485325978167599,1.0,0.0,2.361823855101508,,0.4111107357622396
boson,large,00,ss,17,0.48717948717948717,18485,3797,0,0.005,0.0003662109375,0.005,1.0,2.0,1.2718200598326237,,free,1.2924647014263622,,0.9989936296003307,-0.10063703996693318,1.6232360414613511,,0.4104710717985859
boson,large,00,ss,18,0.49230769230769234,18485,3797,0,0.005,0.0003662109375,0.005,1.0,2.0,1.2564520645841402,,M1,1.2845858364238405,,1.0,0.0,2.2391440654770944,,0.40998045223084106
boson,large,00,ss,18,0.49230769230769234,18485,3797,0,0.005,0.0003662109375,0.005,1.0,2.0,1.2564520645841402,,M2,1.2860871608596849,-0.5451304875850089,1.0,0.0,2.358633258750964,,0.4062448184220274
boson,large,00,ss,18,0.49230769230769234,18485,3797,0,0.005,0.0003662109375,0.005,1.0,2.0,1.2564520645841402,,free,1.2767570913509878,,0.9989882527919192,-0.10117472080808376,1.616060599460134,,0.4055953710569247
boson,large,00,ss,19,0.49743589743589745,18485,3797,0,0.005,0.0003662109375,0.005,1.0,2.0,1.2412450694555441,,M1,1.2689892795023,,1.0,0.0,2.2351919640595463,,0.40530670137348196
boson,large,00,ss,19,0.49743589743589745,18485,3797,0,0.005,0.0003662109375,0.005,1.0,2.0,1.2412450694555441,,M2,1.2704813321396453,-0.5417639001133473,1.0,0.0,2.355398092088712,,0.4014815867910564
boson,large,00,ss,19,0.49743589743589745,18485,3797,0,0.005,0.0003662109375,0.005,1.0,2.0,1.2412450694555441,,free,1.2612140386199377,,0.9989828008951422,-0.10171991048577578,1.6087853765375026,,0.40082227423106476
boson,large,00,ss,20,0.5025641025641026,18485,3797,0,0.005,0.0003662109375,0.005,1.0,2.0,1.2261946219384126,,M1,1.2535532821328421,,1.0,0.0,2.231184161546884,,0.40075357158886943
boson,large,00,ss,20,0.5025641025641026,18485,3797,0,0.005,0.0003662109375,0.005,1.0,2.0,1.2261946219384126,,M2,1.2550361559020955,-0.5384310556468281,1.0,0.0,2.3521171474467195,,0.3968371042272603
boson,large,00,ss,20,0.5025641025641026,18485,3797,0,0.005,0.0003662109375,0.005,1.0,2.0,1.2261946219384126,,free,1.245831007507609,,0.9989772730748255,-0.10227269251744664,1.601408554390371,,0.3961678776426002
boson,large,00,ss,21,0.5076923076923077,18485,3797,0,0.005,0.0003662109375,0.005,1.0,2.0,1.2112964055888444,,M1,1.2382734212959878,,1.0,0.0,2.2271192734225176,,0.3963374396260731
boson,large,00,ss,21,0.5076923076923077,18485,3797,0,0.005,0.0003662109375,0.005,1.0,2.0,1.2112964055888444,,M2,1.2397472043787008,-0.535130229877318,1.0,0.0,2.348789169899801,,0.3923279117810132
boson,large,00,ss,21,0.5076923076923077,18485,3797,0,0.005,0.0003662109375,0.005,1.0,2.0,1.2112964055888444,,free,1.2306036005706782,,0.9989716683965078,-0.10283316034922496,1.593928198973571,,0.3916487594584706
boson,large,00,ss,22,0.5128205128205128,18485,3797,0,0.005,0.0003662109375,0.005,1.0,2.0,1.1965462336671164,,M1,1.2231454068827208,,1.0,0.0,2.2229958581779563,,0.3920750962342743
boson,large,00,ss,22,0.5128205128205128,18485,3797,0,0.005,0.0003662109375,0.005,1.0,2.0,1.1965462336671164,,M2,1.2246101828548377,-0.5318597505100554,1.0,0.0,2.3454128556079423,,0.387970994842311
boson,large,00,ss,22,0.5128205128205128,18485,3797,0,0.005,0.0003662109375,0.005,1.0,2.0,1.1965462336671164,,free,1.2155275525812506,,0.9989659858750138,-0.10340141249861601,1.5863422891701395,,0.387281946483318
boson,large,00,ss,23,0.517948717948718,18485,3797,0,0.005,0.0003662109375,0.005,1.0,2.0,1.1819400430927076,,M1,1.2081650755111635,,1.0,0.0,2.218812415377225,,0.387983698566362
boson,large,00,ss,23,0.517948717948718,18485,3797,0,0.005,0.0003662109375,0.005,1.0,2.0,1.1819400430927076,,M2,1.2096209234772801,-0.5286179939995939,1.0,0.0,2.3419868500386576,,0.38378373723885306
boson,large,00,ss,23,0.517948717948718,18485,3797,0,0.005,0.0003662109375,0.005,1.0,2.0,1.1819400430927076,,free,1.200598724312901,,0.9989602244634844,-0.10397755365155747,1.5786487080487133,,0.3830848683282083
boson,large,00,ss,24,0.5230769230769231,18485,3797,0,0.005,0.0003662109375,0.005,1.0,2.0,1.1674738886942402,,M1,1.1933283846448168,,1.0,0.0,2.2145673835578084,,0.38408070911619846
boson,large,00,ss,24,0.5230769230769231,18485,3797,0,0.005,0.0003662109375,0.005,1.0,2.0,1.1674738886942402,,M2,1.1947753793638873,-0.5254033824449371,1.0,0.0,2.3385097460451476,,0.37978386139977954
boson,large,00,ss,24,0.5230769230769231,18485,3797,0,0.005,0.0003662109375,0.005,1.0,2.0,1.1674738886942402,,free,1.1858130968095126,,0.9989543830669021,-0.10456169330979037,1.5708452491202118,,0.37907529755048347
boson,large,00,ss,25,0.5282051282051282,18485,3797,0,0.005,0.0003662109375,0.005,1.0,2.0,1.153143937734742,,M1,1.178631406992683,,1.0,0.0,2.2102591379883574,,0.3803838201020781
boson,large,00,ss,25,0.5282051282051282,18485,3797,0,0.005,0.0003662109375,0.005,1.0,2.0,1.153143937734742,,M2,1.180069618995573,-0.5222143806278525,1.0,0.0,2.3349800818208477,,0.37598935334791506
boson,large,00,ss,25,0.5282051282051282,18485,3797,0,0.005,0.0003662109375,0.005,1.0,2.0,1.153143937734742,,free,1.1711667653000781,,0.9989484604670474,-0.10515395329525612,1.5629295680763322,,0.3752712745068363
boson,large,00,ss,26,0.5333333333333333,18485,3797,0,0.005,0.0003662109375,0.005,1.0,2.0,1.1389464646945056,,M1,1.1640703251728972,,1.0,0.0,2.205885988252354,,0.37691086246349864
boson,large,00,ss,26,0.5333333333333333,18485,3797,0,0.005,0.0003662109375,0.005,1.0,2.0,1.1389464646945056,,M2,1.1654998208721483,-0.5190494931863039,1.0,0.0,2.3313963387001646,,0.3724183715297725
boson,large,00,ss,26,0.5333333333333333,18485,3797,0,0.005,0.0003662109375,0.005,1.0,2.0,1.1389464646945056,,free,1.156655935063047,,0.9989424554831311,-0.10575445168689024,1.5548992790711758,,0.37169101590840103
boson,large,00,ss,27,0.5384615384615384,18485,3797,0,0.005,0.0003662109375,0.005,1.0,2.0,1.1248778462945392,,M1,1.1496414266227075,,1.0,0.0,2.201446175666266,,0.3736796989968242
boson,large,00,ss,27,0.5384615384615384,18485,3797,0,0.005,0.0003662109375,0.005,1.0,2.0,1.1248778462945392,,M2,1.1510622684148495,-0.5159072619076597,1.0,0.0,2.3277569388146846,,0.3690891388512516
boson,large,00,ss,27,0.5384615384615384,18485,3797,0,0.005,0.0003662109375,0.005,1.0,2.0,1.1248778462945392,,free,1.1422769148020242,,0.9989363667489728,-0.10636332510272073,1.5467518153014836,,0.36835280642717233
boson,large,00,ss,28,0.5435897435897435,18485,3797,0,0.005,0.0003662109375,0.005,1.0,2.0,1.1109345567450102,,M1,1.1353410987387005,,1.0,0.0,2.196937870507898,,0.37070810162411755
boson,large,00,ss,28,0.5435897435897435,18485,3797,0,0.005,0.0003662109375,0.005,1.0,2.0,1.1109345567450102,,M2,1.1367533450994256,-0.5127862631365049,1.0,0.0,2.3240602425820045,,0.3660198177665603
boson,large,00,ss,28,0.5435897435897435,18485,3797,0,0.005,0.0003662109375,0.005,1.0,2.0,1.1109345567450102,,free,1.1280261134622496,,0.9989301929434418,-0.10698070565582363,1.5384845681024606,,0.3652748731863136
boson,large,00,ss,29,0.5487179487179488,18485,3797,0,0.005,0.0003662109375,0.005,1.0,2.0,1.0971131632037698,,M1,1.1211658242322349,,1.0,0.0,2.192359169060265,,0.3680136133667186
boson,large,00,ss,29,0.5487179487179488,18485,3797,0,0.005,0.0003662109375,0.005,1.0,2.0,1.0971131632037698,,M2,1.1225695298047058,-0.5096851052826767,1.0,0.0,2.3203045460323146,,0.36322836886970516
boson,large,00,ss,29,0.5487179487179488,18485,3797,0,0.005,0.0003662109375,0.005,1.0,2.0,1.0971131632037698,,free,1.1139000342046068,,0.9989239325866938,-0.10760674133062365,1.5300947581210478,,0.3624752435744673
boson,large,00,ss,30,0.5538461538461539,18485,3797,0,0.005,0.0003662109375,0.005,1.0,2.0,1.0834103214312174,,M1,1.1071121766859064,,1.0,0.0,2.187708090447038,,0.3656133962691772
boson,large,00,ss,30,0.5538461538461539,18485,3797,0,0.005,0.0003662109375,0.005,1.0,2.0,1.0834103214312174,,M2,1.1085073923624604,-0.5066024264224608,1.0,0.0,2.31648807795084,,0.36073239415133723
boson,large,00,ss,30,0.5538461538461539,18485,3797,0,0.005,0.0003662109375,0.005,1.0,2.0,1.0834103214312174,,free,1.0998952707556564,,0.9989175841441774,-0.10824158558225827,1.5215794974762664,,0.3599715875455551
boson,large,00,ss,31,0.558974358974359,18485,3797,0,0.005,0.0003662109375,0.005,1.0,2.0,1.0698227716283992,,M1,1.0931768162977509,,1.0,0.0,2.1829825732540664,,0.3635240672670656
boson,large,00,ss,31,0.558974358974359,18485,3797,0,0.005,0.0003662109375,0.005,1.0,2.0,1.0698227716283992,,M2,1.0945635892952297,-0.5035368919844417,1.0,0.0,2.3126089968315,,0.3585489668869159
boson,large,00,ss,31,0.558974358974359,18485,3797,0,0.005,0.0003662109375,0.005,1.0,2.0,1.0698227716283992,,free,1.0860085034647502,,0.9989111460703028,-0.10888539296971533,1.5129358119489567,,0.3577810463787541
boson,large,00,ss,32,0.5641025641025641,18485,3797,0,0.005,0.0003662109375,0.005,1.0,2.0,1.0563473344460352,,M1,1.0793564858006377,,1.0,0.0,2.178180471924862,,0.3617615247769367
boson,large,00,ss,32,0.5641025641025641,18485,3797,0,0.005,0.0003662109375,0.005,1.0,2.0,1.0563473344460352,,M2,1.0807348597295532,-0.5004871925110956,1.0,0.0,2.3086653876309704,,0.3566944509768864
boson,large,00,ss,32,0.5641025641025641,18485,3797,0,0.005,0.0003662109375,0.005,1.0,2.0,1.0563473344460352,,free,1.0722364941855667,,0.9989046166440313,-0.10953833559687043,1.504160537108179,,0.35592005073976746
boson,large,00,ss,33,0.5692307692307692,18485,3797,0,0.005,0.0003662109375,0.005,1.0,2.0,1.0429809071529659,,M1,1.0656480065450284,,1.0,0.0,2.173299552907171,,0.36034076955924543
boson,large,00,ss,33,0.5692307692307692,18485,3797,0,0.005,0.0003662109375,0.005,1.0,2.0,1.0429809071529659,,M2,1.0670180214727467,-0.4974520414873865,1.0,0.0,2.3046552583014357,,0.3551843134136785
boson,large,00,ss,33,0.5692307692307692,18485,3797,0,0.005,0.0003662109375,0.005,1.0,2.0,1.0429809071529659,,free,1.0585760834359064,,0.9988979941229866,-0.11020058770133678,1.495250409282245,,0.35440413175129737
boson,large,00,ss,34,0.5743589743589743,18485,3797,0,0.005,0.0003662109375,0.005,1.0,2.0,1.0297204599529242,,M1,1.0520482747338917,,1.0,0.0,2.168337490544592,,0.3592757241054638
boson,large,00,ss,34,0.5743589743589743,18485,3797,0,0.005,0.0003662109375,0.005,1.0,2.0,1.0297204599529242,,M2,1.0534099672420074,-0.4944301732306076,1.0,0.0,2.300576536098564,,0.35403293433859634
boson,large,00,ss,34,0.5743589743589743,18485,3797,0,0.005,0.0003662109375,0.005,1.0,2.0,1.0297204599529242,,free,1.0450241860925777,,0.9988912766551074,-0.11087233448926481,1.4862020067420323,,0.353247729581493
boson,large,00,ss,35,0.5794871794871795,18485,3797,0,0.005,0.0003662109375,0.005,1.0,2.0,1.0165630324392867,,M1,1.038554257799162,,1.0,0.0,2.163291862690153,,0.35857905536409795
boson,large,00,ss,35,0.5794871794871795,18485,3797,0,0.005,0.0003662109375,0.005,1.0,2.0,1.0165630324392867,,M2,1.0399076610352045,-0.4914203408325423,1.0,0.0,2.2964270636422146,,0.35325341980197666
boson,large,00,ss,35,0.5794871794871795,18485,3797,0,0.005,0.0003662109375,0.005,1.0,2.0,1.0165630324392867,,free,1.031577788233254,,0.9988844623422528,-0.11155376577471898,1.477011785283855,,0.35246400472074235
boson,large,00,ss,36,0.5846153846153846,18485,3797,0,0.005,0.0003662109375,0.005,1.0,2.0,1.0035057301779,,M1,1.025162990909664,,1.0,0.0,2.1581601460237465,,0.3582620059794919
boson,large,00,ss,36,0.5846153846153846,18485,3797,0,0.005,0.0003662109375,0.005,1.0,2.0,1.0035057301779,,M2,1.0265081346332596,-0.48842131414663165,1.0,0.0,2.2922045947143532,,0.35285742277598636
boson,large,00,ss,36,0.5846153846153846,18485,3797,0,0.005,0.0003662109375,0.005,1.0,2.0,1.0035057301779,,free,1.0182339431278995,,0.9988775491521733,-0.11224508478266948,1.4676760188891524,,0.3520646575616805
boson,large,00,ss,37,0.5897435897435898,18485,3797,0,0.005,0.0003662109375,0.005,1.0,2.0,0.9905457214085422,,M1,1.0118715736008614,,1.0,0.0,2.1529397110508164,,0.3583342393188072
boson,large,00,ss,37,0.5897435897435898,18485,3797,0,0.005,0.0003662109375,0.005,1.0,2.0,0.9905457214085422,,M2,1.0132084842244617,-0.48543187781444985,1.0,0.0,2.2879067897737526,,0.35285497812833017
boson,large,00,ss,37,0.5897435897435898,18485,3797,0,0.005,0.0003662109375,0.005,1.0,2.0,0.9905457214085422,,free,1.0049897682739493,,0.998870534973393,-0.1129465026607046,1.4581908288764156,,0.35205976206064254
boson,large,00,ss,38,0.5948717948717949,18485,3797,0,0.005,0.0003662109375,0.005,1.0,2.0,0.9776802338559587,,M1,0.9986771665172719,,1.0,0.0,2.1476278167659846,,0.3588037033625323
boson,large,00,ss,38,0.5948717948717949,18485,3797,0,0.005,0.0003662109375,0.005,1.0,2.0,0.9776802338559587,,M2,1.0000058671415333,-0.48245082932431715,1.0,0.0,2.283531211173462,,0.3532543570946533
boson,large,00,ss,38,0.5948717948717949,18485,3797,0,0.005,0.0003662109375,0.005,1.0,2.0,0.9776802338559587,,free,0.991842442144324,,0.9988634176084785,-0.1136582391521479,1.4485521746215202,,0.3524576190876079
boson,large,00,ss,39,0.6,18485,3797,0,0.005,0.0003662109375,0.005,1.0,2.0,0.9649065516418712,,M1,0.9855769882587122,,1.0,0.0,2.142221604949035,,0.35967651801919037
boson,large,00,ss,39,0.6,18485,3797,0,0.005,0.0003662109375,0.005,1.0,2.0,0.9649065516418712,,M2,0.9868974987025941,-0.4794769770928842,1.0,0.0,2.279075318050583,,0.3540619462679532
boson,large,00,ss,39,0.6,18485,3797,0,0.005,0.0003662109375,0.005,1.0,2.0,0.9649065516418712,,free,0.9787892007852061,,0.9988561947250574,-0.1143805274942622,1.438755817308146,,0.35326463454578994
boson,large,3s_s,00,-1,0.5,18485,3797,0,0.005,0.0003662109375,0.005,5.0,6.0,75.10853074807065,-563.3139806105298,M1,73.11745258280683,,5.0,0.0,-2.6509347812198603,,1.031910749514627
boson,large,3s_s,00,-1,0.5,18485,3797,0,0.005,0.0003662109375,0.005,5.0,6.0,75.10853074807065,-563.3139806105298,M2,75.85478263510755,-607.5381634833697,5.0,0.0,0.9935647517057555,7.850716366902311,0.9608797670358092
boson,large,3s_s,00,-1,0.5,18485,3797,0,0.005,0.0003662109375,0.005,5.0,6.0,75.10853074807065,-563.3139806105298,free,60.98854238975231,,4.966463017434094,-0.6707396513181196,-18.799446903947114,,0.961692627092359
boson,large,3s_s,00,0,0.4,18485,3797,0,0.005,0.0003662109375,0.005,5.0,6.0,93.1088882603024,,M1,90.76404234029123,,5.0,0.0,-2.518391062146219,,0.9765592599979314
boson,large,3s_s,00,0,0.4,18485,3797,0,0.005,0.0003662109375,0.005,5.0,6.0,93.1088882603024,,M2,94.1433312364661,-750.0180579744952,5.0,0.0,1.1110034664700619,,0.9020360021854025
boson,large,3s_s,00,0,0.4,18485,3797,0,0.005,0.0003662109375,0.005,5.0,6.0,93.1088882603024,,free,75.78266800928044,,4.966645594457159,-0.6670881108568283,-18.608556685354717,,0.9028875564006553
boson,large,3s_s,00,1,0.40512820512820513,18485,3797,0,0.005,0.0003662109375,0.005,5.0,6.0,92.06961886147937,,M1,89.74524527914971,,5.0,0.0,-2.5245826050683706,,0.9790729535345021
boson,large,3s_s,00,1,0.40512820512820513,18485,3797,0,0.005,0.0003662109375,0.005,5.0,6.0,92.06961886147937,,M2,93.08748910450304,-741.7960701750666,5.0,0.0,1.1055441041361025,,0.9047157530087462
boson,large,3s_s,00,1,0.40512820512820513,18485,3797,0,0.005,0.0003662109375,0.005,5.0,6.0,92.06961886147937,,free,74.92848134652786,,4.966636833106662,-0.6672633378667525,-18.617582788890118,,0.9055654613824683
boson,large,3s_s,00,2,0.41025641025641024,18485,3797,0,0.005,0.0003662109375,0.005,5.0,6.0,91.04533170719394,,M1,88.7411260318948,,5.0,0.0,-2.5308334124253373,,0.9816168772142893
boson,large,3s_s,00,2,0.41025641025641024,18485,3797,0,0.005,0.0003662109375,0.005,5.0,6.0,91.04533170719394,,M2,92.04685705931902,-733.6922179637359,5.0,0.0,1.1000293297255936,,0.9074269819630144
boson,large,3s_s,00,2,0.41025641025641024,18485,3797,0,0.005,0.0003662109375,0.005,5.0,6.0,91.04533170719394,,free,74.0866070313368,,4.966628015881488,-0.6674396823702411,-18.62668228877148,,0.9082748313191852
boson,large,3s_s,00,3,0.4153846153846154,18485,3797,0,0.005,0.0003662109375,0.005,5.0,6.0,90.03554263263703,,M1,87.75121098808529,,5.0,0.0,-2.53714430741232,,0.9841918077512833
boson,large,3s_s,00,3,0.4153846153846154,18485,3797,0,0.005,0.0003662109375,0.005,5.0,6.0,90.03554263263703,,M2,91.02094422221694,-725.7026687283254,5.0,0.0,1.0944584335994323,,0.9101704946695867
boson,large,3s_s,00,3,0.4153846153846154,18485,3797,0,0.005,0.0003662109375,0.005,5.0,6.0,90.03554263263703,,free,73.25664805143919,,4.966619141176147,-0.6676171764770644,-18.6358565635119,,0.9110164715011344
boson,large,3s_s,00,4,0.4205128205128205,18485,3797,0,0.005,0.0003662109375,0.005,5.0,6.0,89.03978702279298,,M1,86.77504564089287,,5.0,0.0,-2.5435161713946663,,0.9867985361780123
boson,large,3s_s,00,4,0.4205128205128205,18485,3797,0,0.005,0.0003662109375,0.005,5.0,6.0,89.03978702279298,,M2,90.00927951523703,-717.82374458032,5.0,0.0,1.0888306507245593,,0.9129471108232871
boson,large,3s_s,00,4,0.4205128205128205,18485,3797,0,0.005,0.0003662109375,0.005,5.0,6.0,89.03978702279298,,free,72.43822347131514,,4.966610207504338,-0.667795849913233,-18.645106987091133,,0.913791201297022
boson,large,3s_s,00,5,0.4256410256410256,18485,3797,0,0.005,0.0003662109375,0.005,5.0,6.0,88.05761874343547,,M1,85.81219354403547,,5.0,0.0,-2.5499499435049144,,0.9894378678444691
boson,large,3s_s,00,5,0.4256410256410256,18485,3797,0,0.005,0.0003662109375,0.005,5.0,6.0,88.05761874343547,,M2,89.01141057987543,-710.0519138732622,5.0,0.0,1.0831451611460485,,0.9157576641574025
boson,large,3s_s,00,5,0.4256410256410256,18485,3797,0,0.005,0.0003662109375,0.005,5.0,6.0,88.05761874343547,,free,71.63096769914452,,4.966601213870642,-0.6679757225871663,-18.65443476520937,,0.9165998541193484
boson,large,3s_s,00,6,0.4307692307692308,18485,3797,0,0.005,0.0003662109375,0.005,5.0,6.0,87.0886091406058,,M1,84.86223533545443,,5.0,0.0,-2.556446620426389,,0.9921106224915437
boson,large,3s_s,00,6,0.4307692307692308,18485,3797,0,0.005,0.0003662109375,0.005,5.0,6.0,87.0886091406058,,M2,88.02690276497792,-702.3837832607514,5.0,0.0,1.0774010902588005,,0.9186030024893884
boson,large,3s_s,00,6,0.4307692307692308,18485,3797,0,0.005,0.0003662109375,0.005,5.0,6.0,87.0886091406058,,free,70.834529117854,,4.9665921583608075,-0.6681568327838505,-18.663841555339744,,0.9194432774703802
boson,large,3s_s,00,7,0.4358974358974359,18485,3797,0,0.005,0.0003662109375,0.005,5.0,6.0,86.13234610332565,,M1,83.92476782263493,,5.0,0.0,-2.563007256347649,,0.99481763439871
boson,large,3s_s,00,7,0.4358974358974359,18485,3797,0,0.005,0.0003662109375,0.005,5.0,6.0,86.13234610332565,,M2,87.05533817856313,-694.816090261937,5.0,0.0,1.0715975089431007,,0.9214839878447786
boson,large,3s_s,00,7,0.4358974358974359,18485,3797,0,0.005,0.0003662109375,0.005,5.0,6.0,86.13234610332565,,free,70.04856987157035,,4.9665830395494055,-0.6683392090118923,-18.673328847284566,,0.9223223330663578
boson,large,3s_s,00,8,0.441025641025641,18485,3797,0,0.005,0.0003662109375,0.005,5.0,6.0,85.18843318476438,,M1,82.99940312491171,,5.0,0.0,-2.5696329630865544,,0.9975597526032481
boson,large,3s_s,00,8,0.441025641025641,18485,3797,0,0.005,0.0003662109375,0.005,5.0,6.0,85.18843318476438,,M2,86.0963147987017,-687.3456962864914,5.0,0.0,1.0657334335146373,,0.9244014966582985
boson,large,3s_s,00,8,0.441025641025641,18485,3797,0,0.005,0.0003662109375,0.005,5.0,6.0,85.18843318476438,,free,69.2727649989674,,4.966573856133166,-0.6685228773366858,-18.68289812453485,,0.9252378970387818
boson,large,3s_s,00,9,0.4461538461538462,18485,3797,0,0.005,0.0003662109375,0.005,5.0,6.0,84.25648877747626,,M1,82.08576786849159,,5.0,0.0,-2.5763249103788466,,1.0003378411867776
boson,large,3s_s,00,9,0.4461538461538462,18485,3797,0,0.005,0.0003662109375,0.005,5.0,6.0,84.25648877747626,,M2,85.1494456390598,-679.9695800918922,5.0,0.0,1.0598078255336096,,0.9273564200457713
boson,large,3s_s,00,9,0.4461538461538462,18485,3797,0,0.005,0.0003662109375,0.005,5.0,6.0,84.25648877747626,,free,68.5068014911798,,4.966564606216439,-0.6687078756712261,-18.6925511789268,,0.9281908602064819
boson,large,3s_s,00,10,0.4512820512820513,18485,3797,0,0.005,0.0003662109375,0.005,5.0,6.0,83.33614533870082,,M1,81.18350243028851,,5.0,0.0,-2.5830843263308756,,1.003152779628815
boson,large,3s_s,00,10,0.4512820512820513,18485,3797,0,0.005,0.0003662109375,0.005,5.0,6.0,83.33614533870082,,M2,84.21435796503873,-672.6848316365356,5.0,0.0,1.0538195914493231,,0.9303496641473431
boson,large,3s_s,00,10,0.4512820512820513,18485,3797,0,0.005,0.0003662109375,0.005,5.0,6.0,83.33614533870082,,free,67.75037797090013,,4.966555288131265,-0.6688942373746953,-18.702289750090884,,0.9311821284189435
boson,large,3s_s,00,11,0.4564102564102564,18485,3797,0,0.005,0.0003662109375,0.005,5.0,6.0,82.42704866203725,,M1,80.29226022698873,,5.0,0.0,-2.5899124980216848,,1.0060054632256632
boson,large,3s_s,00,11,0.4564102564102564,18485,3797,0,0.005,0.0003662109375,0.005,5.0,6.0,82.42704866203725,,M2,83.29069255680353,-665.4886463010678,5.0,0.0,1.047767582104453,,0.9333821505396391
boson,large,3s_s,00,11,0.4564102564102564,18485,3797,0,0.005,0.0003662109375,0.005,5.0,6.0,82.42704866203725,,free,67.00320398579258,,4.966545900145272,-0.6690819970945561,-18.712115654516094,,0.934212622968528
boson,large,3s_s,00,12,0.46153846153846156,18485,3797,0,0.005,0.0003662109375,0.005,5.0,6.0,81.52885719212972,,M1,79.41170704605699,,5.0,0.0,-2.5968107722686318,,1.0088968035748698
boson,large,3s_s,00,12,0.46153846153846156,18485,3797,0,0.005,0.0003662109375,0.005,5.0,6.0,81.52885719212972,,M2,82.37810301579547,-658.3783194520637,5.0,0.0,1.0416505920896713,,0.9364548167167086
boson,large,3s_s,00,12,0.46153846153846156,18485,3797,0,0.005,0.0003662109375,0.005,5.0,6.0,81.52885719212972,,free,66.26499951758396,,4.966536440652768,-0.6692711869446422,-18.722030702055804,,0.9372832810714711
boson,large,3s_s,00,13,0.4666666666666667,18485,3797,0,0.005,0.0003662109375,0.005,5.0,6.0,80.64124137924823,,M1,78.54152041566047,,5.0,0.0,-2.6037805565429784,,1.0118277291203175
boson,large,3s_s,00,13,0.4666666666666667,18485,3797,0,0.005,0.0003662109375,0.005,5.0,6.0,80.64124137924823,,M2,81.47625511158046,-651.3512413205601,5.0,0.0,1.0354673589475505,,0.9395686166348846
boson,large,3s_s,00,13,0.4666666666666667,18485,3797,0,0.005,0.0003662109375,0.005,5.0,6.0,80.64124137924823,,free,65.53549433524492,,4.966526907847184,-0.6694618430563182,-18.732036840755452,,0.9403950564126877
boson,large,3s_s,00,14,0.4717948717948718,18485,3797,0,0.005,0.0003662109375,0.005,5.0,6.0,79.7638830709171,,M1,77.68138901073243,,5.0,0.0,-2.610823320039657,,1.014799185766972
boson,large,3s_s,00,14,0.4717948717948718,18485,3797,0,0.005,0.0003662109375,0.005,5.0,6.0,79.7638830709171,,M2,80.58482616616021,-644.4048921741756,5.0,0.0,1.0292165622293181,,0.9427245213307794
boson,large,3s_s,00,14,0.4717948717948718,18485,3797,0,0.005,0.0003662109375,0.005,5.0,6.0,79.7638830709171,,free,64.81442740692937,,4.966517299452419,-0.6696540109516258,-18.742136275758238,,0.9435489197637656
boson,large,3s_s,00,15,0.47692307692307695,18485,3797,0,0.005,0.0003662109375,0.005,5.0,6.0,78.89647493795617,,M1,76.8310120926069,,5.0,0.0,-2.617940594904322,,1.0178121375528615
boson,large,3s_s,00,15,0.47692307692307695,18485,3797,0,0.005,0.0003662109375,0.005,5.0,6.0,78.89647493795617,,M2,79.703504473097,-637.5368377650008,5.0,0.0,1.0228968224188284,,0.9459235195981045
boson,large,3s_s,00,15,0.47692307692307695,18485,3797,0,0.005,0.0003662109375,0.005,5.0,6.0,78.89647493795617,,free,64.1015468502182,,4.966507613907702,-0.6698477218459731,-18.752330949351837,,0.9467458596596913
boson,large,3s_s,00,16,0.48205128205128206,18485,3797,0,0.005,0.0003662109375,0.005,5.0,6.0,78.03871993251258,,M1,75.99009897987102,,5.0,0.0,-2.6251339776116156,,1.0208675673920968
boson,large,3s_s,00,16,0.48205128205128206,18485,3797,0,0.005,0.0003662109375,0.005,5.0,6.0,78.03871993251258,,M2,78.83198874898362,-630.7447250278304,5.0,0.0,1.0165066996960626,,0.9491666187394215
boson,large,3s_s,00,16,0.48205128205128206,18485,3797,0,0.005,0.0003662109375,0.005,5.0,6.0,78.03871993251258,,free,63.396609032008804,,4.966497849076771,-0.6700430184645834,-18.76262310961301,,0.9499868831505193
boson,large,3s_s,00,17,0.48717948717948717,18485,3797,0,0.005,0.0003662109375,0.005,5.0,6.0,77.19033077584248,,M1,75.15836854824487,,5.0,0.0,-2.6324051305057217,,1.023966477879787
boson,large,3s_s,00,17,0.48717948717948717,18485,3797,0,0.005,0.0003662109375,0.005,5.0,6.0,77.19033077584248,,M2,77.96998761500863,-624.0262780152408,5.0,0.0,1.0100446925538353,,0.9524548453817373
boson,large,3s_s,00,17,0.48717948717948717,18485,3797,0,0.005,0.0003662109375,0.005,5.0,6.0,77.19033077584248,,free,62.69937842466979,,4.966488003027261,-0.6702399394547753,-18.77301496900411,,0.9532730166168127
boson,large,3s_s,00,18,0.49230769230769234,18485,3797,0,0.005,0.0003662109375,0.005,5.0,6.0,76.35102947377226,,M1,74.33554875747826,,5.0,0.0,-2.639755783497777,,1.0271098921663548
boson,large,3s_s,00,18,0.49230769230769234,18485,3797,0,0.005,0.0003662109375,0.005,5.0,6.0,76.35102947377226,,M2,77.11721910653159,-617.3792940531902,5.0,0.0,1.0035092362736586,,0.9557892463638195
boson,large,3s_s,00,18,0.49230769230769234,18485,3797,0,0.005,0.0003662109375,0.005,5.0,6.0,76.35102947377226,,free,62.009626975802135,,4.9664780733457174,-0.6704385330856488,-18.78350900677327,,0.9566053066568418
boson,large,3s_s,00,19,0.49743589743589745,18485,3797,0,0.005,0.0003662109375,0.005,5.0,6.0,75.52054685793046,,M1,73.52137620339712,,5.0,0.0,-2.647187735933876,,1.0302988549005034
boson,large,3s_s,00,19,0.49743589743589745,18485,3797,0,0.005,0.0003662109375,0.005,5.0,6.0,75.52054685793046,,M2,76.27341020871377,-610.8016400976467,5.0,0.0,0.9968987012231256,,0.9591708896951666
boson,large,3s_s,00,19,0.49743589743589745,18485,3797,0,0.005,0.0003662109375,0.005,5.0,6.0,75.52054685793046,,free,61.32713397822709,,4.966468057850697,-0.670638842986071,-18.794107657091086,,0.9599848210453065
boson,large,3s_s,00,20,0.5025641025641026,18485,3797,0,0.005,0.0003662109375,0.005,5.0,6.0,74.69862215096158,,M1,72.71559569336887,,5.0,0.0,-2.654702858621849,,1.0335344332430796
boson,large,3s_s,00,20,0.5025641025641026,18485,3797,0,0.005,0.0003662109375,0.005,5.0,6.0,74.69862215096158,,M2,75.43829641644584,-604.2912492860374,5.0,0.0,0.9902113910339905,,0.9626008655869246
boson,large,3s_s,00,20,0.5025641025641026,18485,3797,0,0.005,0.0003662109375,0.005,5.0,6.0,74.69862215096158,,free,60.651685688770684,,4.966457954528729,-0.6708409094254186,-18.804813338863003,,0.9634126497641372
boson,large,3s_s,00,21,0.5076923076923077,18485,3797,0,0.005,0.0003662109375,0.005,5.0,6.0,73.88500255409551,,M1,71.91795984358781,,5.0,0.0,-2.662303096041052,,1.036817717956101
boson,large,3s_s,00,21,0.5076923076923077,18485,3797,0,0.005,0.0003662109375,0.005,5.0,6.0,73.88500255409551,,M2,74.61162131686255,-597.8461176589839,5.0,0.0,0.9834455405683284,,0.9660802875618656
boson,large,3s_s,00,21,0.5076923076923077,18485,3797,0,0.005,0.0003662109375,0.005,5.0,6.0,73.88500255409551,,free,59.98307483025235,,4.966447761049406,-0.6710447790118756,-18.815628670601658,,0.9668899061121429
boson,large,3s_s,00,22,0.5128205128205128,18485,3797,0,0.005,0.0003662109375,0.005,5.0,6.0,73.07944285552927,,M1,71.12822869668541,,5.0,0.0,-2.669990468730321,,1.0401498245668468
boson,large,3s_s,00,22,0.5128205128205128,18485,3797,0,0.005,0.0003662109375,0.005,5.0,6.0,73.07944285552927,,M2,73.79313619295702,-591.4643010539137,5.0,0.0,0.9765993137613949,,0.9696102936396968
boson,large,3s_s,00,22,0.5128205128205128,18485,3797,0,0.005,0.0003662109375,0.005,5.0,6.0,73.07944285552927,,free,59.32110024978578,,4.96643747468136,-0.6712505063728003,-18.826556509116187,,0.9704177278901738
boson,large,3s_s,00,23,0.517948717948718,18485,3797,0,0.005,0.0003662109375,0.005,5.0,6.0,72.28170505820044,,M1,70.34616935828436,,5.0,0.0,-2.677767075856352,,1.0435318946140608
boson,large,3s_s,00,23,0.517948717948718,18485,3797,0,0.005,0.0003662109375,0.005,5.0,6.0,72.28170505820044,,M2,72.98259964680055,-585.1439121456312,5.0,0.0,0.9696708012570499,,0.9731920476082989
boson,large,3s_s,00,23,0.517948717948718,18485,3797,0,0.005,0.0003662109375,0.005,5.0,6.0,72.28170505820044,,free,58.665566891204705,,4.96642709314322,-0.6714581371356054,-18.837599577973673,,0.9739972786719918
boson,large,3s_s,00,24,0.5230769230769231,18485,3797,0,0.005,0.0003662109375,0.005,5.0,6.0,71.49155802564097,,M1,69.57155565120469,,5.0,0.0,-2.6856350979896915,,1.0469650969769302
boson,large,3s_s,00,24,0.5230769230769231,18485,3797,0,0.005,0.0003662109375,0.005,5.0,6.0,71.49155802564097,,M2,72.17977724108405,-578.8831176354233,5.0,0.0,0.9626580178826893,,0.9768267403783754
boson,large,3s_s,00,24,0.5230769230769231,18485,3797,0,0.005,0.0003662109375,0.005,5.0,6.0,71.49155802564097,,free,58.016285264613714,,4.966416613862371,-0.671667722752578,-18.8487607952176,,0.977629749158712
boson,large,3s_s,00,25,0.5282051282051282,18485,3797,0,0.005,0.0003662109375,0.005,5.0,6.0,70.70877714465762,,M1,68.80416778611911,,5.0,0.0,-2.6935968000719512,,1.0504506292929958
boson,large,3s_s,00,25,0.5282051282051282,18485,3797,0,0.005,0.0003662109375,0.005,5.0,6.0,70.70877714465762,,M2,71.38444115768289,-572.6801355676205,5.0,0.0,0.9555588999127895,,0.9805155914305177
boson,large,3s_s,00,25,0.5282051282051282,18485,3797,0,0.005,0.0003662109375,0.005,5.0,6.0,70.70877714465762,,free,57.37307121766271,,4.966406034110978,-0.6718793177804327,-18.860043216010393,,0.9813163586254651
boson,large,3s_s,00,26,0.5333333333333333,18485,3797,0,0.005,0.0003662109375,0.005,5.0,6.0,69.93314400370012,,M1,68.04379204753329,,5.0,0.0,-2.7016545346036036,,1.053989719468946
boson,large,3s_s,00,26,0.5333333333333333,18485,3797,0,0.005,0.0003662109375,0.005,5.0,6.0,69.93314400370012,,M2,70.59636987212271,-566.5332327740265,5.0,0.0,0.9483713021503748,,0.9842598503562667
boson,large,3s_s,00,26,0.5333333333333333,18485,3797,0,0.005,0.0003662109375,0.005,5.0,6.0,69.93314400370012,,free,56.73574572836973,,4.966395351180024,-0.6720929763995187,-18.871449958880902,,0.9850583564621775
boson,large,3s_s,00,27,0.5384615384615384,18485,3797,0,0.005,0.0003662109375,0.005,5.0,6.0,69.16444608583052,,M1,67.29022049403976,,5.0,0.0,-2.7098107450537756,,1.0575836272895756
boson,large,3s_s,00,27,0.5384615384615384,18485,3797,0,0.005,0.0003662109375,0.005,5.0,6.0,69.16444608583052,,M2,69.81534784282904,-560.4407224315709,5.0,0.0,0.9410929947892166,,0.9880607984999298
boson,large,3s_s,00,27,0.5384615384615384,18485,3797,0,0.005,0.0003662109375,0.005,5.0,6.0,69.16444608583052,,free,56.10413456583768,,4.966384562090237,-0.6723087581952614,-18.882984335312216,,0.9888570238150003
boson,large,3s_s,00,28,0.5435897435897435,18485,3797,0,0.005,0.0003662109375,0.005,5.0,6.0,68.40247647528362,,M1,66.54325067185863,,5.0,0.0,-2.7180679695080867,,1.0612336461314753
boson,large,3s_s,00,28,0.5435897435897435,18485,3797,0,0.005,0.0003662109375,0.005,5.0,6.0,68.40247647528362,,M2,69.04116521415618,-554.400961729235,5.0,0.0,0.9337216600678877,,0.9919197507067868
boson,large,3s_s,00,28,0.5435897435897435,18485,3797,0,0.005,0.0003662109375,0.005,5.0,6.0,68.40247647528362,,free,55.4780682685994,,4.966373664304763,-0.672526713904742,-18.894649539997708,,0.9927136753341564
boson,large,3s_s,00,29,0.5487179487179488,18485,3797,0,0.005,0.0003662109375,0.005,5.0,6.0,67.6470335766693,,M1,65.80268534074243,,5.0,0.0,-2.7264288445649876,,1.064941104786215
boson,large,3s_s,00,29,0.5487179487179488,18485,3797,0,0.005,0.0003662109375,0.005,5.0,6.0,67.6470335766693,,M2,68.27361753221267,-548.4123496309925,5.0,0.0,0.9262548886688649,,0.9958380571838201
boson,large,3s_s,00,29,0.5487179487179488,18485,3797,0,0.005,0.0003662109375,0.005,5.0,6.0,67.6470335766693,,free,54.857381490982206,,4.966362654325831,-0.6727469134833797,-18.90644926978454,,0.9966296610342396
boson,large,3s_s,00,30,0.5538461538461539,18485,3797,0,0.005,0.0003662109375,0.005,5.0,6.0,66.89792084591987,,M1,65.06833221137119,,5.0,0.0,-2.7348961094958657,,1.0687073694013045
boson,large,3s_s,00,30,0.5538461538461539,18485,3797,0,0.005,0.0003662109375,0.005,5.0,6.0,66.89792084591987,,M2,67.51250547260986,-542.4733247348162,5.0,0.0,0.9186901758957644,,0.999817105479555
boson,large,3s_s,00,30,0.5538461538461539,18485,3797,0,0.005,0.0003662109375,0.005,5.0,6.0,66.89792084591987,,free,54.241913282523804,,4.966351529342049,-0.6729694131590191,-18.91838700420233,,1.0006063682736543
boson,large,3s_s,00,31,0.558974358974359,18485,3797,0,0.005,0.0003662109375,0.005,5.0,6.0,66.15494653214299,,M1,64.34000369341886,,5.0,0.0,-2.7434726106872254,,1.0725338455468505
boson,large,3s_s,00,31,0.558974358974359,18485,3797,0,0.005,0.0003662109375,0.005,5.0,6.0,66.15494653214299,,M2,66.75763457925552,-536.5823632146021,5.0,0.0,0.911024917569403,,1.0038583225926512
boson,large,3s_s,00,31,0.558974358974359,18485,3797,0,0.005,0.0003662109375,0.005,5.0,6.0,66.15494653214299,,free,53.631506509303634,,4.96634028600119,-0.6731942799762081,-18.93046654758391,,1.0046452238627253
boson,large,3s_s,00,32,0.5641025641025641,18485,3797,0,0.005,0.0003662109375,0.005,5.0,6.0,65.41792342957808,,M1,63.617516653514265,,5.0,0.0,-2.752161306376444,,1.076421980414807
boson,large,3s_s,00,32,0.5641025641025641,18485,3797,0,0.005,0.0003662109375,0.005,5.0,6.0,65.41792342957808,,M2,66.00881501340658,-530.7379768430466,5.0,0.0,0.9032564056616454,,1.0079631772149988
boson,large,3s_s,00,32,0.5641025641025641,18485,3797,0,0.005,0.0003662109375,0.005,5.0,6.0,65.41792342957808,,free,53.02600781344196,,4.966328920944757,-0.6734215811048605,-18.942691798335566,,1.008747696306348
boson,large,3s_s,00,33,0.5692307692307692,18485,3797,0,0.005,0.0003662109375,0.005,5.0,6.0,64.68666863890856,,M1,62.90069218236216,,5.0,0.0,-2.760965271710014,,1.0803732651617028
boson,large,3s_s,00,33,0.5692307692307692,18485,3797,0,0.005,0.0003662109375,0.005,5.0,6.0,64.68666863890856,,M2,65.26586131221201,-524.9387110877625,5.0,0.0,0.895381823628294,,1.0121331821208095
boson,large,3s_s,00,33,0.5692307692307692,18485,3797,0,0.005,0.0003662109375,0.005,5.0,6.0,64.68666863890856,,free,52.42526742724046,,4.966317430840381,-0.6736513831923752,-18.95506673888745,,1.0129152981925795
boson,large,3s_s,00,34,0.5743589743589743,18485,3797,0,0.005,0.0003662109375,0.005,5.0,6.0,63.96100333720286,,M1,62.18935537032489,,5.0,0.0,-2.7698877041340775,,1.0843892374033346
boson,large,3s_s,00,34,0.5743589743589743,18485,3797,0,0.005,0.0003662109375,0.005,5.0,6.0,63.96100333720286,,M2,64.52859215601534,-519.1831432737229,5.0,0.0,0.887398241425541,,1.0163698967104986
boson,large,3s_s,00,34,0.5743589743589743,18485,3797,0,0.005,0.0003662109375,0.005,5.0,6.0,63.96100333720286,,free,51.82913877874063,,4.966305811646989,-0.6738837670602238,-18.967595762222423,,1.0171495887359858
boson,large,3s_s,00,35,0.5794871794871795,18485,3797,0,0.005,0.0003662109375,0.005,5.0,6.0,63.24075255580689,,M1,61.483335090800736,,5.0,0.0,-2.7789319291469883,,1.0884714838737433
boson,large,3s_s,00,35,0.5794871794871795,18485,3797,0,0.005,0.0003662109375,0.005,5.0,6.0,63.24075255580689,,M2,63.79683014373696,-513.4698808086283,5.0,0.0,0.8793026101948431,,1.0206749297213624
boson,large,3s_s,00,35,0.5794871794871795,18485,3797,0,0.005,0.0003662109375,0.005,5.0,6.0,63.24075255580689,,free,51.237478724098494,,4.96629406006681,-0.6741187986638031,-18.980283039984524,,1.021452176487765
boson,large,3s_s,00,36,0.5846153846153846,18485,3797,0,0.005,0.0003662109375,0.005,5.0,6.0,62.525744965530286,,M1,60.78246379076117,,5.0,0.0,-2.788101406436927,,1.0926216432597875
boson,large,3s_s,00,36,0.5846153846153846,18485,3797,0,0.005,0.0003662109375,0.005,5.0,6.0,62.525744965530286,,M2,63.07040157567169,-507.79755946508436,5.0,0.0,0.8710917565902809,,1.0250499421166273
boson,large,3s_s,00,36,0.5846153846153846,18485,3797,0,0.005,0.0003662109375,0.005,5.0,6.0,62.525744965530286,,free,50.65014695894167,,4.966282172080652,-0.6743565583869682,-18.993133169601574,,1.0258247222242474
boson,large,3s_s,00,37,0.5897435897435898,18485,3797,0,0.005,0.0003662109375,0.005,5.0,6.0,61.81581266850091,,M1,60.08657728783735,,5.0,0.0,-2.7973997364346137,,1.0968414092250238
boson,large,3s_s,00,37,0.5897435897435898,18485,3797,0,0.005,0.0003662109375,0.005,5.0,6.0,61.81581266850091,,M2,62.34913624306732,-502.1648417142522,5.0,0.0,0.8627623767181625,,1.02949665016686
boson,large,3s_s,00,37,0.5897435897435898,18485,3797,0,0.005,0.0003662109375,0.005,5.0,6.0,61.81581266850091,,free,50.06700608568361,,4.966270143781372,-0.6745971243725557,-19.006150814230203,,1.0302689420276752
boson,large,3s_s,00,38,0.5948717948717949,18485,3797,0,0.005,0.0003662109375,0.005,5.0,6.0,61.110790996076965,,M1,59.39551457336835,,5.0,0.0,-2.8068306673018295,,1.101132533635806
boson,large,3s_s,00,38,0.5948717948717949,18485,3797,0,0.005,0.0003662109375,0.005,5.0,6.0,61.110790996076965,,M2,61.6328672238714,-496.57041510533,5.0,0.0,0.8543110296640677,,1.0340168287369313
boson,large,3s_s,00,38,0.5948717948717949,18485,3797,0,0.005,0.0003662109375,0.005,5.0,6.0,61.110790996076965,,free,49.48792125678839,,4.966257970663965,-0.6748405867207041,-19.019341019550396,,1.0347866105725259
boson,large,3s_s,00,39,0.6,18485,3797,0,0.005,0.0003662109375,0.005,5.0,6.0,60.410518312236995,,M1,58.70911762084136,,5.0,0.0,-2.816398102399642,,1.1054968300074686
boson,large,3s_s,00,39,0.6,18485,3797,0,0.005,0.0003662109375,0.005,5.0,6.0,60.410518312236995,,M2,60.921430684073904,-491.0129906902832,5.0,0.0,0.8457341305966093,,1.0386123147955504
boson,large,3s_s,00,39,0.6,18485,3797,0,0.005,0.0003662109375,0.005,5.0,6.0,60.410518312236995,,free,48.912760355280746,,4.966245648878265,-0.6750870224347061,-19.032708670912392,,1.0393795646344184
boson,large,3s_s,ss,-1,0.5,18485,3797,0,0.005,0.0003662109375,0.005,2.0,3.0,3.289868133696453,-9.869604401089358,M1,3.2211513085713515,,2.0,0.0,-2.088741017345641,,0.48275003045603543
boson,large,3s_s,ss,-1,0.5,18485,3797,0,0.005,0.0003662109375,0.005,2.0,3.0,3.289868133696453,-9.869604401089358,M2,3.2566640397475917,-9.44893948296427,2.0,0.0,-1.0092834302010023,-4.262226742124097,0.3913514889263317
boson,large,3s_s,ss,-1,0.5,18485,3797,0,0.005,0.0003662109375,0.005,2.0,3.0,3.289868133696453,-9.869604401089358,free,3.071808307767453,,1.9915655274373532,-0.4217236281323422,-6.628223900390518,,0.3968465670178873
boson,large,3s_s,ss,0,0.4,18485,3797,0,0.005,0.0003662109375,0.005,2.0,3.0,4.124858443829334,,M1,4.0416362863610145,,2.0,0.0,-2.0175760841639856,,0.46157140837504224
boson,large,3s_s,ss,0,0.4,18485,3797,0,0.005,0.0003662109375,0.005,2.0,3.0,4.124858443829334,,M2,4.085403113318345,-11.645122342994615,2.0,0.0,-0.9565256856271631,,0.36874100205450955
boson,large,3s_s,ss,0,0.4,18485,3797,0,0.005,0.0003662109375,0.005,2.0,3.0,4.124858443829334,,free,3.857478177110341,,1.991714128399629,-0.4142935800185543,-6.482168306138747,,0.37434556273196334
boson,large,3s_s,ss,1,0.40512820512820513,18485,3797,0,0.005,0.0003662109375,0.005,2.0,3.0,4.0767045677295535,,M1,3.994321237360344,,2.0,0.0,-2.0208315074224603,,0.46253717551545726
boson,large,3s_s,ss,1,0.40512820512820513,18485,3797,0,0.005,0.0003662109375,0.005,2.0,3.0,4.0767045677295535,,M2,4.037612168153902,-11.5184997515258,2.0,0.0,-0.9589215732015544,,0.3697733727516967
boson,large,3s_s,ss,1,0.40512820512820513,18485,3797,0,0.005,0.0003662109375,0.005,2.0,3.0,4.0767045677295535,,free,3.8121703365487862,,1.9917071981135628,-0.4146400943218609,-6.4889232659823275,,0.37537273403358
boson,large,3s_s,ss,2,0.41025641025641024,18485,3797,0,0.005,0.0003662109375,0.005,2.0,3.0,4.029235855295656,,M1,3.9476789885002734,,2.0,0.0,-2.0241273959724193,,0.4635153294371883
boson,large,3s_s,ss,2,0.41025641025641024,18485,3797,0,0.005,0.0003662109375,0.005,2.0,3.0,4.029235855295656,,M2,3.990500825635213,-11.393687115456428,2.0,0.0,-0.9613492744420471,,0.3708189244860138
boson,large,3s_s,ss,2,0.41025641025641024,18485,3797,0,0.005,0.0003662109375,0.005,2.0,3.0,4.029235855295656,,free,3.767506619917143,,1.9917001971555637,-0.41499014222181607,-6.495753655982206,,0.376413036320335
boson,large,3s_s,ss,3,0.4153846153846154,18485,3797,0,0.005,0.0003662109375,0.005,2.0,3.0,3.982430651110986,,M1,3.9016883045525135,,2.0,0.0,-2.0274639694214835,,0.4645059349828004
boson,large,3s_s,ss,3,0.4153846153846154,18485,3797,0,0.005,0.0003662109375,0.005,2.0,3.0,3.982430651110986,,M2,3.9440476276913836,-11.270625142633397,2.0,0.0,-0.9638089594578236,,0.3718777096890852
boson,large,3s_s,ss,3,0.4153846153846154,18485,3797,0,0.005,0.0003662109375,0.005,2.0,3.0,3.982430651110986,,free,3.7234667304216593,,1.9916931251089531,-0.41534374455234335,-6.50265989232186,,0.3774665231200807
boson,large,3s_s,ss,4,0.4205128205128205,18485,3797,0,0.005,0.0003662109375,0.005,2.0,3.0,3.936268164422664,,M1,3.856328797641093,,2.0,0.0,-2.0308414834154354,,0.46550906711220574
boson,large,3s_s,ss,4,0.4205128205128205,18485,3797,0,0.005,0.0003662109375,0.005,2.0,3.0,3.936268164422664,,M2,3.898231972617904,-11.149256939293256,2.0,0.0,-0.9663008264666595,,0.37294979163562986
boson,large,3s_s,ss,4,0.4205128205128205,18485,3797,0,0.005,0.0003662109375,0.005,2.0,3.0,3.936268164422664,,free,3.680031180677595,,1.9916859814924301,-0.4157009253784927,-6.50964245934833,,0.3785332587477264
boson,large,3s_s,ss,5,0.4256410256410256,18485,3797,0,0.005,0.0003662109375,0.005,2.0,3.0,3.8907284225218226,,M1,3.8115808815947947,,2.0,0.0,-2.034260229238194,,0.46652481082156516
boson,large,3s_s,ss,5,0.4256410256410256,18485,3797,0,0.005,0.0003662109375,0.005,2.0,3.0,3.8907284225218226,,M2,3.853034068933021,-11.029527878073901,2.0,0.0,-0.9688251015055327,,0.3740352443391009
boson,large,3s_s,ss,5,0.4256410256410256,18485,3797,0,0.005,0.0003662109375,0.005,2.0,3.0,3.8907284225218226,,free,3.6371812491485382,,1.9916787657609363,-0.4160617119531862,-6.516701908712119,,0.3796133182029286
boson,large,3s_s,ss,6,0.4307692307692308,18485,3797,0,0.005,0.0003662109375,0.005,2.0,3.0,3.845792227082447,,M1,3.767425729194929,,2.0,0.0,-2.0377205335133097,,0.46755326108947526
boson,large,3s_s,ss,6,0.4307692307692308,18485,3797,0,0.005,0.0003662109375,0.005,2.0,3.0,3.845792227082447,,M2,3.808434892161304,-10.911385474501209,2.0,0.0,-0.9713820382200811,,0.37513415247642284
boson,large,3s_s,ss,6,0.4307692307692308,18485,3797,0,0.005,0.0003662109375,0.005,2.0,3.0,3.845792227082447,,free,3.5948989393470665,,1.9916714773063364,-0.4164261346831788,-6.523838858702902,,0.3807067870967423
boson,large,3s_s,ss,7,0.4358974358974359,18485,3797,0,0.005,0.0003662109375,0.005,2.0,3.0,3.8014411132347803,,M1,3.7238452320992543,,2.0,0.0,-2.041222758005501,,0.46859452284962927
boson,large,3s_s,ss,7,0.4358974358974359,18485,3797,0,0.005,0.0003662109375,0.005,2.0,3.0,3.8014411132347803,,M2,3.764416144322766,-10.794779271302685,2.0,0.0,-0.9739719177317085,,0.37624661134080695
boson,large,3s_s,ss,7,0.4358974358974359,18485,3797,0,0.005,0.0003662109375,0.005,2.0,3.0,3.8014411132347803,,free,3.5531669415879223,,1.9916641154579173,-0.4167942271041336,-6.53105399377324,,0.3818137616062304
boson,large,3s_s,ss,8,0.441025641025641,18485,3797,0,0.005,0.0003662109375,0.005,2.0,3.0,3.7576573111684026,,M1,3.6808219632416987,,2.0,0.0,-2.0447672995176025,,0.46964871098917477
boson,large,3s_s,ss,8,0.441025641025641,18485,3797,0,0.005,0.0003662109375,0.005,2.0,3.0,3.7576573111684026,,M2,3.720960215924945,-10.679660729943077,2.0,0.0,-0.9765950485795427,,0.3773727268220022
boson,large,3s_s,ss,8,0.441025641025641,18485,3797,0,0.005,0.0003662109375,0.005,2.0,3.0,3.7576573111684026,,free,3.511968597102756,,1.991656679482719,-0.4171660258640464,-6.538348064242516,,0.3829343484563669
boson,large,3s_s,ss,9,0.4461538461538462,18485,3797,0,0.005,0.0003662109375,0.005,2.0,3.0,3.714423710077384,,M1,3.6383391415244186,,2.0,0.0,-2.048354589880119,,0.4707159503724084
boson,large,3s_s,ss,9,0.4461538461538462,18485,3797,0,0.005,0.0003662109375,0.005,2.0,3.0,3.714423710077384,,M2,3.678050150272453,-10.565983128853063,2.0,0.0,-0.9792517667343126,,0.37851261541330367
boson,large,3s_s,ss,9,0.4461538461538462,18485,3797,0,0.005,0.0003662109375,0.005,2.0,3.0,3.714423710077384,,free,3.4712878643414617,,1.9916491685856965,-0.41754157071517417,-6.5457218861780575,,0.38406866492858793
boson,large,3s_s,ss,10,0.4512820512820513,18485,3797,0,0.005,0.0003662109375,0.005,2.0,3.0,3.671723824275612,,M1,3.596380598633986,,2.0,0.0,-2.0519850960329378,,0.4717963758894066
boson,large,3s_s,ss,10,0.4512820512820513,18485,3797,0,0.005,0.0003662109375,0.005,2.0,3.0,3.671723824275612,,M2,3.6356696099239243,-10.453701467841721,2.0,0.0,-0.9819424356841577,,0.3796664042450428
boson,large,3s_s,ss,10,0.4512820512820513,18485,3797,0,0.005,0.0003662109375,0.005,2.0,3.0,3.671723824275612,,free,3.431109287299867,,1.9916415819097188,-0.4179209045140575,-6.553176341448152,,0.3852168388957225
boson,large,3s_s,ss,11,0.4564102564102564,18485,3797,0,0.005,0.0003662109375,0.005,2.0,3.0,3.629541761324542,,M1,3.5549307478275027,,2.0,0.0,-2.055659320195047,,0.47289013252916196
boson,large,3s_s,ss,11,0.4564102564102564,18485,3797,0,0.005,0.0003662109375,0.005,2.0,3.0,3.629541761324542,,M2,3.5938028451403934,-10.342772378237978,2.0,0.0,-0.9846674465899152,,0.3808342311440138
boson,large,3s_s,ss,11,0.4564102564102564,18485,3797,0,0.005,0.0003662109375,0.005,2.0,3.0,3.629541761324542,,free,3.3914179657267822,,1.991633918535412,-0.418304073229403,-6.56071237794108,,0.3863790088827273
boson,large,3s_s,ss,12,0.46153846153846156,18485,3797,0,0.005,0.0003662109375,0.005,2.0,3.0,3.587862192028463,,M1,3.5139745545467886,,2.0,0.0,-2.0593778001239404,,0.473997375477445
boson,large,3s_s,ss,12,0.46153846153846156,18485,3797,0,0.005,0.0003662109375,0.005,2.0,3.0,3.587862192028463,,M2,3.552434664181747,-10.233154038347566,2.0,0.0,-0.9874272185099287,,0.3820162447189639
boson,large,3s_s,ss,12,0.46153846153846156,18485,3797,0,0.005,0.0003662109375,0.005,2.0,3.0,3.587862192028463,,free,3.352199527075104,,1.991626177480843,-0.4186911259578485,-6.568331009952266,,0.3875553241534079
boson,large,3s_s,ss,13,0.4666666666666667,18485,3797,0,0.005,0.0003662109375,0.005,2.0,3.0,3.5466703221640214,,M1,3.4734975087303903,,2.0,0.0,-2.0631411094613528,,0.47511827023901987
boson,large,3s_s,ss,13,0.4666666666666667,18485,3797,0,0.005,0.0003662109375,0.005,2.0,3.0,3.5466703221640214,,M2,3.5115504053194804,-10.124806093832152,2.0,0.0,-0.9902221986934578,,0.38321260447182265
boson,large,3s_s,ss,13,0.4666666666666667,18485,3797,0,0.005,0.0003662109375,0.005,2.0,3.0,3.5466703221640214,,free,3.3134401000729166,,1.991618357701054,-0.4190821149473001,-6.576033318732543,,0.3887459448227588
boson,large,3s_s,ss,14,0.4717948717948718,18485,3797,0,0.005,0.0003662109375,0.005,2.0,3.0,3.5059518658213538,,M1,3.4334855987033297,,2.0,0.0,-2.066949858167755,,0.47625299278470157
boson,large,3s_s,ss,14,0.4717948717948718,18485,3797,0,0.005,0.0003662109375,0.005,2.0,3.0,3.5059518658213538,,M2,3.4711359104444086,-10.017689582664925,2.0,0.0,-0.9930528629430779,,0.3844234809350127
boson,large,3s_s,ss,14,0.4717948717948718,18485,3797,0,0.005,0.0003662109375,0.005,2.0,3.0,3.5059518658213538,,free,3.2751262898000086,,1.991610458087437,-0.4194770956281513,-6.583820453201483,,0.38995104199530956
boson,large,3s_s,ss,15,0.47692307692307695,18485,3797,0,0.005,0.0003662109375,0.005,2.0,3.0,3.4656930202437546,,M1,3.393925286534075,,2.0,0.0,-2.0708046930432378,,0.4774017297231601
boson,large,3s_s,ss,15,0.47692307692307695,18485,3797,0,0.005,0.0003662109375,0.005,2.0,3.0,3.4656930202437546,,M2,3.431177500157521,-9.911766864326982,2.0,0.0,-0.9959197160458788,,0.38564905583485054
boson,large,3s_s,ss,15,0.47692307692307695,18485,3797,0,0.005,0.0003662109375,0.005,2.0,3.0,3.4656930202437546,,free,3.237245154164495,,1.991602477466963,-0.4198761266518525,-6.59169363082227,,0.39117079792944576
boson,large,3s_s,ss,16,0.48205128205128206,18485,3797,0,0.005,0.0003662109375,0.005,2.0,3.0,3.425880442061602,,M1,3.3548034847566215,,2.0,0.0,-2.0747062983379583,,0.47856467849822487
boson,large,3s_s,ss,16,0.48205128205128206,18485,3797,0,0.005,0.0003662109375,0.005,2.0,3.0,3.425880442061602,,M2,3.39166195024081,-9.807001552954256,2.0,0.0,-0.9988232922746088,,0.3868895222815947
boson,large,3s_s,ss,16,0.48205128205128206,18485,3797,0,0.005,0.0003662109375,0.005,2.0,3.0,3.425880442061602,,free,3.1997841816821735,,1.9915944146012516,-0.42027926993741804,-6.5996541386414975,,0.3924054062283157
boson,large,3s_s,ss,17,0.48717948717948717,18485,3797,0,0.005,0.0003662109375,0.005,2.0,3.0,3.3865012248241744,,M1,3.3161075343634767,,2.0,0.0,-2.078655396451312,,0.4797420476117068
boson,large,3s_s,ss,17,0.48717948717948717,18485,3797,0,0.005,0.0003662109375,0.005,2.0,3.0,3.3865012248241744,,M2,3.352576469412752,-9.703358454145175,2.0,0.0,-1.001764155959639,,0.3881450849863572
boson,large,3s_s,ss,17,0.48717948717948717,18485,3797,0,0.005,0.0003662109375,0.005,2.0,3.0,3.3865012248241744,,free,3.162731270468839,,1.9915862681854914,-0.4206865907254276,-6.607703334492476,,0.3936550720574821
boson,large,3s_s,ss,18,0.49230769230769234,18485,3797,0,0.005,0.0003662109375,0.005,2.0,3.0,3.347542877740312,,M1,3.277825183982391,,2.0,0.0,-2.0826527487224356,,0.48093405687291624
boson,large,3s_s,ss,18,0.49230769230769234,18485,3797,0,0.005,0.0003662109375,0.005,2.0,3.0,3.347542877740312,,M2,3.313908678280379,-9.60080350518596,2.0,0.0,-1.0047429021323495,,0.38941596050576793
boson,large,3s_s,ss,18,0.49230769230769234,18485,3797,0,0.005,0.0003662109375,0.005,2.0,3.0,3.347542877740312,,free,3.1260747083622977,,1.9915780368471983,-0.4210981576400874,-6.615842648369941,,0.3949200123902688
boson,large,3s_s,ss,19,0.49743589743589745,18485,3797,0,0.005,0.0003662109375,0.005,2.0,3.0,3.308993305545458,,M1,3.2399445701561644,,2.0,0.0,-2.086699156313687,,0.48214093767495986
boson,large,3s_s,ss,19,0.49743589743589745,18485,3797,0,0.005,0.0003662109375,0.005,2.0,3.0,3.308993305545458,,M2,3.2756465894063203,-9.499303718438297,2.0,0.0,-1.0077601572433759,,0.3907023775148262
boson,large,3s_s,ss,19,0.49743589743589745,18485,3797,0,0.005,0.0003662109375,0.005,2.0,3.0,3.308993305545458,,free,3.0898031540975373,,1.9915697191448232,-0.4215140427588415,-6.624073583968437,,0.3962004562811979
boson,large,3s_s,ss,20,0.5025641025641026,18485,3797,0,0.005,0.0003662109375,0.005,2.0,3.0,3.27084078941864,,M1,3.202454198650742,,2.0,0.0,-2.090795461189443,,0.4833629332994752
boson,large,3s_s,ss,20,0.5025641025641026,18485,3797,0,0.005,0.0003662109375,0.005,2.0,3.0,3.27084078941864,,M2,3.2377785884152694,-9.398827127691659,2.0,0.0,-1.0108165799548763,,0.39200457710916925
boson,large,3s_s,ss,20,0.5025641025641026,18485,3797,0,0.005,0.0003662109375,0.005,2.0,3.0,3.27084078941864,,free,3.053905619463186,,1.9915613135661872,-0.4219343216906424,-6.632397720404248,,0.39749664516875793
boson,large,3s_s,ss,21,0.5076923076923077,18485,3797,0,0.005,0.0003662109375,0.005,2.0,3.0,3.2330739688785464,,M1,3.1653429267222615,,2.0,0.0,-2.0949425471938343,,0.48460029925002546
boson,large,3s_s,ss,21,0.5076923076923077,18485,3797,0,0.005,0.0003662109375,0.005,2.0,3.0,3.2330739688785464,,M2,3.2002934160697043,-9.299342737258275,2.0,0.0,-1.0139128620126336,,0.39332281313727285
boson,large,3s_s,ss,21,0.5076923076923077,18485,3797,0,0.005,0.0003662109375,0.005,2.0,3.0,3.2330739688785464,,free,3.018371452373628,,1.9915528185267548,-0.42235907366225955,-6.640816714112852,,0.39880883320804583
boson,large,3s_s,ss,22,0.5128205128205128,18485,3797,0,0.005,0.0003662109375,0.005,2.0,3.0,3.1956818245927785,,M1,3.128599946278598,,2.0,0.0,-2.0991413412293825,,0.48585330361599616
boson,large,3s_s,ss,22,0.5128205128205128,18485,3797,0,0.005,0.0003662109375,0.005,2.0,3.0,3.1956818245927785,,M2,3.163180151249717,-9.200820473622517,2.0,0.0,-1.0170497291983494,,0.3946573525645187
boson,large,3s_s,ss,22,0.5128205128205128,18485,3797,0,0.005,0.0003662109375,0.005,2.0,3.0,3.1956818245927785,,free,2.9831903207951993,,1.9915442323677386,-0.42278838161307064,-6.649332300929444,,0.40013728763516404
boson,large,3s_s,ss,23,0.517948717948718,18485,3797,0,0.005,0.0003662109375,0.005,2.0,3.0,3.1586536620390464,,M1,3.0922147678754643,,2.0,0.0,-2.103392814541527,,0.48712222746749173
boson,large,3s_s,ss,23,0.517948717948718,18485,3797,0,0.005,0.0003662109375,0.005,2.0,3.0,3.1586536620390464,,M2,3.126428194776372,-9.10323113947939,2.0,0.0,-1.0202279423655258,,0.39600847586921606
boson,large,3s_s,ss,23,0.517948717948718,18485,3797,0,0.005,0.0003662109375,0.005,2.0,3.0,3.1586536620390464,,free,2.9483521974691405,,1.9915355533540207,-0.423222332298967,-6.657946298365214,,0.4014822891635096
boson,large,3s_s,ss,24,0.5230769230769231,18485,3797,0,0.005,0.0003662109375,0.005,2.0,3.0,3.121979095961273,,M1,3.0561772054912497,,2.0,0.0,-2.107697984113588,,0.4884073652837254
boson,large,3s_s,ss,24,0.5230769230769231,18485,3797,0,0.005,0.0003662109375,0.005,2.0,3.0,3.121979095961273,,M2,3.0900272540221367,-9.006546369988925,2.0,0.0,-1.0234482985639115,,0.3973764774735203
boson,large,3s_s,ss,24,0.5230769230769231,18485,3797,0,0.005,0.0003662109375,0.005,2.0,3.0,3.121979095961273,,free,2.9138473453782385,,1.9915267796718916,-0.42366101640541887,-6.666660608082964,,0.4028441324148898
boson,large,3s_s,ss,25,0.5282051282051282,18485,3797,0,0.005,0.0003662109375,0.005,2.0,3.0,3.085648035567377,,M1,3.0204773620285663,,2.0,0.0,-2.112057914175791,,0.48970902541554173
boson,large,3s_s,ss,25,0.5282051282051282,18485,3797,0,0.005,0.0003662109375,0.005,2.0,3.0,3.085648035567377,,M2,3.0539673282557565,-8.910738591093097,2.0,0.0,-1.026711632255073,,0.3987616662097113
boson,large,3s_s,ss,25,0.5282051282051282,18485,3797,0,0.005,0.0003662109375,0.005,2.0,3.0,3.085648035567377,,free,2.8796663039075696,,1.9915179094265987,-0.4241045286700662,-6.675477218578241,,0.4042231263858931
boson,large,3s_s,ss,26,0.5333333333333333,18485,3797,0,0.005,0.0003662109375,0.005,2.0,3.0,3.04965067041907,,M1,2.9851056154938673,,2.0,0.0,-2.1164737178351323,,0.4910275305845123
boson,large,3s_s,ss,26,0.5333333333333333,18485,3797,0,0.005,0.0003662109375,0.005,2.0,3.0,3.04965067041907,,M2,3.018238694672448,-8.815780979755926,2.0,0.0,-1.0300188166241675,,0.40016436582429776
boson,large,3s_s,ss,26,0.5333333333333333,18485,3797,0,0.005,0.0003662109375,0.005,2.0,3.0,3.04965067041907,,free,2.845799875652862,,1.9915089406396922,-0.42455296801539033,-6.684398208080511,,0.4056195949520267
boson,large,3s_s,ss,27,0.5384615384615384,18485,3797,0,0.005,0.0003662109375,0.005,2.0,3.0,3.013977456967198,,M1,2.950052605809689,,2.0,0.0,-2.1209465588317045,,0.4923632184202602
boson,large,3s_s,ss,27,0.5384615384615384,18485,3797,0,0.005,0.0003662109375,0.005,2.0,3.0,3.013977456967198,,M2,2.98283189506342,-8.721647425988879,2.0,0.0,-1.0333707649929913,,0.4015849155216999
boson,large,3s_s,ss,27,0.5384615384615384,18485,3797,0,0.005,0.0003662109375,0.005,2.0,3.0,3.013977456967198,,free,2.8122391138332654,,1.9914998712461636,-0.42500643769182167,-6.693425747680637,,0.40703387741133823
boson,large,3s_s,ss,28,0.5435897435897435,18485,3797,0,0.005,0.0003662109375,0.005,2.0,3.0,2.9786191056890945,,M1,2.915309222216932,,2.0,0.0,-2.1254776534281206,,0.493716442038449
boson,large,3s_s,ss,28,0.5435897435897435,18485,3797,0,0.005,0.0003662109375,0.005,2.0,3.0,2.9786191056890945,,M2,2.9477377230816733,-8.628312496539339,2.0,0.0,-1.0367684323396187,,0.40302367054995414
boson,large,3s_s,ss,28,0.5435897435897435,18485,3797,0,0.005,0.0003662109375,0.005,2.0,3.0,2.9786191056890945,,free,2.7789753102678376,,1.9914906990913597,-0.42546504543201635,-6.702562104699517,,0.40846632906998087
boson,large,3s_s,ss,29,0.5487179487179488,18485,3797,0,0.005,0.0003662109375,0.005,2.0,3.0,2.9435665687871104,,M1,2.8808665912272393,,2.0,0.0,-2.1300682724395337,,0.4950875706616401
boson,large,3s_s,ss,29,0.5487179487179488,18485,3797,0,0.005,0.0003662109375,0.005,2.0,3.0,2.9435665687871104,,M2,2.9129472120637048,-8.535751400120324,2.0,0.0,-1.0402128169305302,,0.4044810028306868
boson,large,3s_s,ss,29,0.5487179487179488,18485,3797,0,0.005,0.0003662109375,0.005,2.0,3.0,2.9435665687871104,,free,2.7459999838776965,,1.9914814219276684,-0.4259289036165792,-6.711809646310152,,0.4099173218719627
boson,large,3s_s,ss,30,0.5538461538461539,18485,3797,0,0.005,0.0003662109375,0.005,2.0,3.0,2.908811028409913,,M1,2.846716065087875,,2.0,0.0,-2.134719743412905,,0.4964769902858446
boson,large,3s_s,ss,30,0.5538461538461539,18485,3797,0,0.005,0.0003662109375,0.005,2.0,3.0,2.908811028409913,,M2,2.878451623369086,-8.44393995407167,2.0,0.0,-1.0437049620725225,,0.4059573016362577
boson,large,3s_s,ss,30,0.5538461538461539,18485,3797,0,0.005,0.0003662109375,0.005,2.0,3.0,2.908811028409913,,free,2.7133048696781046,,1.9914720374109574,-0.4263981294521324,-6.721170843424673,,0.4113872450759769
boson,large,3s_s,ss,31,0.558974358974359,18485,3797,0,0.005,0.0003662109375,0.005,2.0,3.0,2.8743438853604015,,M1,2.812849210723774,,2.0,0.0,-2.139433452964068,,0.49788510439560435
boson,large,3s_s,ss,31,0.558974358974359,18485,3797,0,0.005,0.0003662109375,0.005,2.0,3.0,2.8743438853604015,,M2,2.844242435202203,-8.352854552348711,2.0,0.0,-1.0472459579910054,,0.4074529743169628
boson,large,3s_s,ss,31,0.558974358974359,18485,3797,0,0.005,0.0003662109375,0.005,2.0,3.0,2.8743438853604015,,free,2.6808819082266337,,1.9914625430967523,-0.4268728451623849,-6.730648274867446,,0.4128765059821995
boson,large,3s_s,ss,32,0.5641025641025641,18485,3797,0,0.005,0.0003662109375,0.005,2.0,3.0,2.8401567482560988,,M1,2.7792577991233753,,2.0,0.0,-2.1442108492820466,,0.4993123347308296
boson,large,3s_s,ss,32,0.5641025641025641,18485,3797,0,0.005,0.0003662109375,0.005,2.0,3.0,2.8401567482560988,,M2,2.81031133188238,-8.262472134736841,2.0,0.0,-1.0508369438427811,,0.4089684470815812
boson,large,3s_s,ss,32,0.5641025641025641,18485,3797,0,0.005,0.0003662109375,0.005,2.0,3.0,2.8401567482560988,,free,2.6487232354957326,,1.9914529364361422,-0.42735317819289076,-6.740244631846792,,0.41438553071234374
boson,large,3s_s,ss,33,0.5692307692307692,18485,3797,0,0.005,0.0003662109375,0.005,2.0,3.0,2.8062414231097343,,M1,2.7459337951366094,,2.0,0.0,-2.1490534448135645,,0.5007591221089742
boson,large,3s_s,ss,33,0.5692307692307692,18485,3797,0,0.005,0.0003662109375,0.005,2.0,3.0,2.8062414231097343,,M2,2.776650193530427,-8.172770157199054,2.0,0.0,-1.0544791098734518,,0.4105041658349541
boson,large,3s_s,ss,33,0.5692307692307692,18485,3797,0,0.005,0.0003662109375,0.005,2.0,3.0,2.8062414231097343,,free,2.6168211731395488,,1.991443214771391,-0.4278392614304516,-6.749962722746772,,0.41591476504664415
boson,large,3s_s,ss,34,0.5743589743589743,18485,3797,0,0.005,0.0003662109375,0.005,2.0,3.0,2.7725899032993855,,M1,2.712869347655179,,2.0,0.0,-2.15396281913669,,0.5022259273062505
boson,large,3s_s,ss,34,0.5743589743589743,18485,3797,0,0.005,0.0003662109375,0.005,2.0,3.0,2.7725899032993855,,M2,2.7432510861413935,-8.083726563265921,2.0,0.0,-1.0581736997266944,,0.4120605970763571
boson,large,3s_s,ss,34,0.5743589743589743,18485,3797,0,0.005,0.0003662109375,0.005,2.0,3.0,2.7725899032993855,,free,2.5851682191264462,,1.9914333753312368,-0.4283312334381617,-6.75980547826086,,0.41746467532153747
boson,large,3s_s,ss,35,0.5794871794871795,18485,3797,0,0.005,0.0003662109375,0.005,2.0,3.0,2.739194359899068,,M1,2.6800567801466015,,2.0,0.0,-2.1589406220391516,,0.5037132320022507
boson,large,3s_s,ss,35,0.5794871794871795,18485,3797,0,0.005,0.0003662109375,0.005,2.0,3.0,2.739194359899068,,M2,2.710106252014676,-7.995319756382014,2.0,0.0,-1.0619220129185591,,0.413638228863167
boson,large,3s_s,ss,35,0.5794871794871795,18485,3797,0,0.005,0.0003662109375,0.005,2.0,3.0,2.739194359899068,,free,2.553757038710245,,1.9914234152258625,-0.4288292387068737,-6.769775956885948,,0.4190357493925269
boson,large,3s_s,ss,36,0.5846153846153846,18485,3797,0,0.005,0.0003662109375,0.005,2.0,3.0,2.706047132342,,M1,2.647488581514895,,2.0,0.0,-2.1639885768147793,,0.5052215397925984
boson,large,3s_s,ss,36,0.5846153846153846,18485,3797,0,0.005,0.0003662109375,0.005,2.0,3.0,2.706047132342,,M2,2.6772081005140627,-7.9075285731282525,2.0,0.0,-1.0657254074868172,,0.41523757184452176
boson,large,3s_s,ss,36,0.5846153846153846,18485,3797,0,0.005,0.0003662109375,0.005,2.0,3.0,2.706047132342,,free,2.5225804557141243,,1.9914133314415088,-0.42933342792456086,-6.77987735080915,,0.4206284976669377
boson,large,3s_s,ss,37,0.5897435897435898,18485,3797,0,0.005,0.0003662109375,0.005,2.0,3.0,2.6731407193899566,,M1,2.6151573972619464,,2.0,0.0,-2.169108483792903,,0.5067513772745986
boson,large,3s_s,ss,37,0.5897435897435898,18485,3797,0,0.005,0.0003662109375,0.005,2.0,3.0,2.6731407193899566,,M2,2.6445491991314474,-7.820332257238715,2.0,0.0,-1.0695853028281355,,0.4168591603700807
boson,large,3s_s,ss,37,0.5897435897435898,18485,3797,0,0.005,0.0003662109375,0.005,2.0,3.0,2.6731407193899566,,free,2.4916314441026683,,1.9914031208347072,-0.42984395826464183,-6.790112992207565,,0.4222434542116472
boson,large,3s_s,ss,38,0.5948717948717949,18485,3797,0,0.005,0.0003662109375,0.005,2.0,3.0,2.6404677703832347,,M1,2.583056020924619,,2.0,0.0,-2.1743022241200505,,0.5083032952115835
boson,large,3s_s,ss,38,0.5948717948717949,18485,3797,0,0.005,0.0003662109375,0.005,2.0,3.0,2.6404677703832347,,M2,2.6121222648289915,-7.733710434337165,2.0,0.0,-1.0735031827383001,,0.41850355367975534
boson,large,3s_s,ss,38,0.5948717948717949,18485,3797,0,0.005,0.0003662109375,0.005,2.0,3.0,2.6404677703832347,,free,2.4609031198182683,,1.991392780126111,-0.43036099369444525,-6.80048635999464,,0.42388117794166597
boson,large,3s_s,ss,39,0.6,18485,3797,0,0.005,0.0003662109375,0.005,2.0,3.0,2.608021076746622,,M1,2.5511773857636277,,2.0,0.0,-2.1795717638104284,,0.5098778697820512
boson,large,3s_s,ss,39,0.6,18485,3797,0,0.005,0.0003662109375,0.005,2.0,3.0,2.608021076746622,,M2,2.5799201556354716,-7.647643087320031,2.0,0.0,-1.077480598669267,,0.4201713371805543
boson,large,3s_s,ss,39,0.6,18485,3797,0,0.005,0.0003662109375,0.005,2.0,3.0,2.608021076746622,,free,2.4303887328589218,,1.9913823058938827,-0.4308847053058673,-6.811001087049795,,0.4255422538957082
boson,large,ss,00,-1,0.5,18485,3797,0,0.005,0.0003662109375,0.005,1.0,2.0,1.2337005501361697,,M1,1.2612448749755791,,1.0,0.0,2.2326588762864086,,0.39997489572518063
boson,large,ss,00,-1,0.5,18485,3797,0,0.005,0.0003662109375,0.005,1.0,2.0,1.2337005501361697,,M2,1.262739069667412,-0.5425416795054538,1.0,0.0,2.3537737361012834,,0.3960389712740347
boson,large,ss,00,-1,0.5,18485,3797,0,0.005,0.0003662109375,0.005,1.0,2.0,1.2337005501361697,,free,1.2534651133526256,,0.9989759389378629,-0.10240610621371493,1.6020551514120962,,0.39536810062409866
boson,large,ss,00,0,0.4,18485,3797,0,0.005,0.0003662109375,0.005,1.0,2.0,1.5628420790319613,,M1,1.598811001525436,,1.0,0.0,2.30150716928188,,0.4956239682169184
boson,large,ss,00,0,0.4,18485,3797,0,0.005,0.0003662109375,0.005,1.0,2.0,1.5628420790319613,,M2,1.600509983570498,-0.6168999108455682,1.0,0.0,2.4102182199924105,,0.49307439419751065
boson,large,ss,00,0,0.4,18485,3797,0,0.005,0.0003662109375,0.005,1.0,2.0,1.5628420790319613,,free,1.58985345264529,,0.9990701159989286,-0.09298840010714127,1.7283495226888101,,0.49256701162821426
boson,large,ss,00,1,0.40512820512820513,18485,3797,0,0.005,0.0003662109375,0.005,1.0,2.0,1.543884767741521,,M1,1.5793691404874997,,1.0,0.0,2.2983822036075408,,0.49098496970659816
boson,large,ss,00,1,0.40512820512820513,18485,3797,0,0.005,0.0003662109375,0.005,1.0,2.0,1.543884767741521,,M2,1.5810559674516969,-0.6124864043441365,1.0,0.0,2.4076408088766765,,0.4883849578713158
boson,large,ss,00,1,0.40512820512820513,18485,3797,0,0.005,0.0003662109375,0.005,1.0,2.0,1.543884767741521,,free,1.5704811779578258,,0.9990659703430291,-0.09340296569708695,1.722693997118152,,0.48787127275734715
boson,large,ss,00,2,0.41025641025641024,18485,3797,0,0.005,0.0003662109375,0.005,1.0,2.0,1.5251932224509037,,M1,1.5601997266494165,,1.0,0.0,2.2952176605046226,,0.4862549834085273
boson,large,ss,00,2,0.41025641025641024,18485,3797,0,0.005,0.0003662109375,0.005,1.0,2.0,1.5251932224509037,,M2,1.56187462566836,-0.6081553707201568,1.0,0.0,2.4050331903856303,,0.48360247071908025
boson,large,ss,00,2,0.41025641025641024,18485,3797,0,0.005,0.0003662109375,0.005,1.0,2.0,1.5251932224509037,,free,1.5513800978954573,,0.99906175192337,-0.09382480766300105,1.7169546165745952,,0.48308223415784035
boson,large,ss,00,3,0.4153846153846154,18485,3797,0,0.005,0.0003662109375,0.005,1.0,2.0,1.506759257912287,,M1,1.5412943757794342,,1.0,0.0,2.292012986533609,,0.4814433516563078
boson,large,ss,00,3,0.4153846153846154,18485,3797,0,0.005,0.0003662109375,0.005,1.0,2.0,1.506759257912287,,M2,1.5429575641698143,-0.6039032447264413,1.0,0.0,2.402394813069364,,0.47873622886336364
boson,large,ss,00,3,0.4153846153846154,18485,3797,0,0.005,0.0003662109375,0.005,1.0,2.0,1.506759257912287,,free,1.5325418806520628,,0.9990574607802902,-0.09425392197097704,1.7111308660880065,,0.4782091918015244
boson,large,ss,00,4,0.4205128205128205,18485,3797,0,0.005,0.0003662109375,0.005,1.0,2.0,1.4885750116268972,,M1,1.522645033961565,,1.0,0.0,2.288767584337714,,0.47655966873151534
boson,large,ss,00,4,0.4205128205128205,18485,3797,0,0.005,0.0003662109375,0.005,1.0,2.0,1.4885750116268972,,M2,1.5242967196614998,-0.5997266210058636,1.0,0.0,2.399725089806637,,0.47379578143829637
boson,large,ss,00,4,0.4205128205128205,18485,3797,0,0.005,0.0003662109375,0.005,1.0,2.0,1.4885750116268972,,free,1.5139585225995786,,0.9990530969103127,-0.09469030896872566,1.7052221604163087,,0.4732616951939006
boson,large,ss,00,5,0.4256410256410256,18485,3797,0,0.005,0.0003662109375,0.005,1.0,2.0,1.470632926719036,,M1,1.5042439600886084,,1.0,0.0,2.2854808129828985,,0.4716138034718162
boson,large,ss,00,5,0.4256410256410256,18485,3797,0,0.005,0.0003662109375,0.005,1.0,2.0,1.470632926719036,,M2,1.505884342070898,-0.5956222442540593,1.0,0.0,2.397023397980602,,0.4687909538928914
boson,large,ss,00,5,0.4256410256410256,18485,3797,0,0.005,0.0003662109375,0.005,1.0,2.0,1.470632926719036,,free,1.495622330409907,,0.999048660212901,-0.09513397870990481,1.6992278111589876,,0.46824957080382695
boson,large,ss,00,6,0.4307692307692308,18485,3797,0,0.005,0.0003662109375,0.005,1.0,2.0,1.4529257358858463,,M1,1.4860837094537735,,1.0,0.0,2.2821519881545127,,0.46661592226382836
boson,large,ss,00,6,0.4307692307692308,18485,3797,0,0.005,0.0003662109375,0.005,1.0,2.0,1.4529257358858463,,M2,1.487712978113911,-0.5915870000530413,1.0,0.0,2.3942890795347394,,0.4637318717821786
boson,large,ss,00,6,0.4307692307692308,18485,3797,0,0.005,0.0003662109375,0.005,1.0,2.0,1.4529257358858463,,free,1.4775259055808811,,0.999044150577668,-0.09558494223319558,1.6931470816047067,,0.4631829459951549
boson,large,ss,00,7,0.4358974358974359,18485,3797,0,0.005,0.0003662109375,0.005,1.0,2.0,1.4354464463421979,,M1,1.4681571183587463,,1.0,0.0,2.2787803822219788,,0.4615765122416169
boson,large,ss,00,7,0.4358974358974359,18485,3797,0,0.005,0.0003662109375,0.005,1.0,2.0,1.4354464463421979,,M2,1.4697754558793772,-0.5876179063203942,1.0,0.0,2.391521440918698,,0.45862898487813464
boson,large,ss,00,7,0.4358974358974359,18485,3797,0,0.005,0.0003662109375,0.005,1.0,2.0,1.4354464463421979,,free,1.4596621284447675,,0.9990395678082296,-0.09604321917704439,1.6869791390877742,,0.45807227329335676
boson,large,ss,00,8,0.441025641025641,18485,3797,0,0.005,0.0003662109375,0.005,1.0,2.0,1.4181883256870456,,M1,1.4504572896629937,,1.0,0.0,2.275365224171866,,0.45650640446611057
boson,large,ss,00,8,0.441025641025641,18485,3797,0,0.005,0.0003662109375,0.005,1.0,2.0,1.4181883256870456,,M2,1.452064870356387,-0.583712105324359,1.0,0.0,2.388719752923496,,0.45349309138668203
boson,large,ss,00,8,0.441025641025641,18485,3797,0,0.005,0.0003662109375,0.005,1.0,2.0,1.4181883256870456,,free,1.442024143937335,,0.9990349116333653,-0.09650883666346699,1.6807230618501867,,0.4529283547743634
boson,large,ss,00,9,0.4461538461538462,18485,3797,0,0.005,0.0003662109375,0.005,1.0,2.0,1.401144888623731,,M1,1.4329775792054076,,1.0,0.0,2.2719056994130016,,0.45141679680647595
boson,large,ss,00,9,0.4461538461538462,18485,3797,0,0.005,0.0003662109375,0.005,1.0,2.0,1.401144888623731,,M2,1.43457456983537,-0.5798668562204852,1.0,0.0,2.3858832504092486,,0.44833536200221646
boson,large,ss,00,9,0.4461538461538462,18485,3797,0,0.005,0.0003662109375,0.005,1.0,2.0,1.401144888623731,,free,1.4246053484449177,,0.9990301817425922,-0.09698182574078285,1.6743778613952376,,0.44776236630776634
boson,large,ss,00,10,0.4512820512820513,18485,3797,0,0.005,0.0003662109375,0.005,1.0,2.0,1.3843098844722934,,M1,1.415711583035085,,1.0,0.0,2.2684009494566393,,0.44631927618183315
boson,large,ss,00,10,0.4512820512820513,18485,3797,0,0.005,0.0003662109375,0.005,1.0,2.0,1.3843098844722934,,M2,1.4172981431196396,-0.5760795280665822,1.0,0.0,2.383011131927404,,0.4431673634673749
boson,large,ss,00,10,0.4512820512820513,18485,3797,0,0.005,0.0003662109375,0.005,1.0,2.0,1.3843098844722934,,free,1.407399376888921,,0.9990253777595403,-0.09746222404597438,1.6679424654566732,,0.44258588132248783
boson,large,ss,00,11,0.4564102564102564,18485,3797,0,0.005,0.0003662109375,0.005,1.0,2.0,1.3676772854168278,,M1,1.3986531253931982,,1.0,0.0,2.264850071479385,,0.4412258397498119
boson,large,ss,00,11,0.4564102564102564,18485,3797,0,0.005,0.0003662109375,0.005,1.0,2.0,1.3676772854168278,,M2,1.4002294074892423,-0.5723475932798524,1.0,0.0,2.3801025592447234,,0.4380010812319799
boson,large,ss,00,11,0.4564102564102564,18485,3797,0,0.005,0.0003662109375,0.005,1.0,2.0,1.3676772854168278,,free,1.390400090878026,,0.9990204992518742,-0.09795007481258056,1.6614157231011673,,0.43741089368877517
boson,large,ss,00,12,0.46153846153846156,18485,3797,0,0.005,0.0003662109375,0.005,1.0,2.0,1.351241275435765,,M1,1.3817962473926118,,1.0,0.0,2.2612521177606038,,0.4361489145471699
boson,large,ss,00,12,0.46153846153846156,18485,3797,0,0.005,0.0003662109375,0.005,1.0,2.0,1.351241275435765,,M2,1.3833623973636762,-0.5686686215011056,1.0,0.0,2.377156656760082,,0.4328489407210028
boson,large,ss,00,12,0.46153846153846156,18485,3797,0,0.005,0.0003662109375,0.005,1.0,2.0,1.351241275435765,,free,1.3736015676076716,,0.9990155457453903,-0.09844542546096902,1.65479641411157,,0.43224983922568816
boson,large,ss,00,13,0.4666666666666667,18485,3797,0,0.005,0.0003662109375,0.005,1.0,2.0,1.3349962398668374,,M1,1.3651351963461353,,1.0,0.0,2.2576060950032506,,0.4311013749973481
boson,large,ss,00,13,0.4666666666666667,18485,3797,0,0.005,0.0003662109375,0.005,1.0,2.0,1.3349962398668374,,M2,1.3666913536142786,-0.5650402738330591,1.0,0.0,2.3741725108231693,,0.42772382662707803
boson,large,ss,00,13,0.4666666666666667,18485,3797,0,0.005,0.0003662109375,0.005,1.0,2.0,1.3349962398668374,,free,1.3569980889230875,,0.9990105166845484,-0.0989483315451567,1.6480832229493592,,0.42711561524814373
boson,large,ss,00,14,0.4717948717948718,18485,3797,0,0.005,0.0003662109375,0.005,1.0,2.0,1.3189367555624472,,M1,1.3486644156981873,,1.0,0.0,2.2539109635369092,,0.42609655760169995
boson,large,ss,00,14,0.4717948717948718,18485,3797,0,0.005,0.0003662109375,0.005,1.0,2.0,1.3189367555624472,,M2,1.3502107134809744,-0.5614602974261071,1.0,0.0,2.3711491689524467,,0.4226390995395501
boson,large,ss,00,14,0.4717948717948718,18485,3797,0,0.005,0.0003662109375,0.005,1.0,2.0,1.3189367555624472,,free,1.340584131722916,,0.9990054114786522,-0.09945885213478167,1.6412747669040106,,0.4220215974630471
boson,large,ss,00,15,0.47692307692307695,18485,3797,0,0.005,0.0003662109375,0.005,1.0,2.0,1.303057581594642,,M1,1.3323785355181614,,1.0,0.0,2.2501656363978606,,0.42114827202605454
boson,large,ss,00,15,0.47692307692307695,18485,3797,0,0.005,0.0003662109375,0.005,1.0,2.0,1.303057581594642,,M2,1.3339151010516128,-0.5579265203829857,1.0,0.0,2.3680856389483917,,0.4176086091099869
boson,large,ss,00,15,0.47692307692307695,18485,3797,0,0.005,0.0003662109375,0.005,1.0,2.0,1.303057581594642,,free,1.3243543579104993,,0.9990002294263639,-0.0999770573636094,1.634369548719028,,0.41698165341076715
boson,large,ss,00,16,0.48205128205128206,18485,3797,0,0.005,0.0003662109375,0.005,1.0,2.0,1.2873536504718432,,M1,1.316272363516975,,1.0,0.0,2.2463689782937557,,0.4162708076859085
boson,large,ss,00,16,0.48205128205128206,18485,3797,0,0.005,0.0003662109375,0.005,1.0,2.0,1.2873536504718432,,M2,1.3177993182652932,-0.5544368469581488,1.0,0.0,2.3649808879083745,,0.41264670283687754
boson,large,ss,00,16,0.48205128205128206,18485,3797,0,0.005,0.0003662109375,0.005,1.0,2.0,1.2873536504718432,,free,1.3083036065534017,,0.9989949698479186,-0.10050301520814209,1.6273660368213427,,0.4120101515295448
boson,large,ss,00,17,0.48717948717948717,18485,3797,0,0.005,0.0003662109375,0.005,1.0,2.0,1.2718200598326237,,M1,1.300340876551234,,1.0,0.0,2.2425198044418115,,0.4114789348250046
boson,large,ss,00,17,0.48717948717948717,18485,3797,0,0.005,0.0003662109375,0.005,1.0,2.0,1.2718200598326237,,M2,1.3018583364040595,-0.5509892530297381,1.0,0.0,2.361833841132288,,0.40776822943285534
boson,large,ss,00,17,0.48717948717948717,18485,3797,0,0.005,0.0003662109375,0.005,1.0,2.0,1.2718200598326237,,free,1.292426884379517,,0.9989896319522416,-0.10103680477584476,1.6202625825547434,,0.4071219647993185
boson,large,ss,00,18,0.49230769230769234,18485,3797,0,0.005,0.0003662109375,0.005,1.0,2.0,1.2564520645841402,,M1,1.2845792125820819,,1.0,0.0,2.2386168792878802,,0.4067878989792245
boson,large,ss,00,18,0.49230769230769234,18485,3797,0,0.005,0.0003662109375,0.005,1.0,2.0,1.2564520645841402,,M2,1.28608728803997,-0.5475817818226303,1.0,0.0,2.3586433809266394,,0.402988535622083
boson,large,ss,00,18,0.49230769230769234,18485,3797,0,0.005,0.0003662109375,0.005,1.0,2.0,1.2564520645841402,,free,1.2767193584123402,,0.9989842149125486,-0.10157850874513707,1.6130574654997343,,0.4023324678038211
boson,large,ss,00,19,0.49743589743589745,18485,3797,0,0.005,0.0003662109375,0.005,1.0,2.0,1.2412450694555441,,M1,1.2689826630582477,,1.0,0.0,2.2346589150900042,,0.4022134076277951
boson,large,ss,00,19,0.49743589743589745,18485,3797,0,0.005,0.0003662109375,0.005,1.0,2.0,1.2412450694555441,,M2,1.2704814594070097,-0.5442125398642519,1.0,0.0,2.3554083452907326,,0.3983234551106032
boson,large,ss,00,19,0.49743589743589745,18485,3797,0,0.005,0.0003662109375,0.005,1.0,2.0,1.2412450694555441,,free,1.2611763479162914,,0.9989787178029959,-0.10212821970041475,1.6057488526008745,,0.397657525942843
boson,large,ss,00,20,0.5025641025641026,18485,3797,0,0.005,0.0003662109375,0.005,1.0,2.0,1.2261946219384126,,M1,1.2535466656950436,,1.0,0.0,2.2306445703857314,,0.39777160776556536
boson,large,ss,00,20,0.5025641025641026,18485,3797,0,0.005,0.0003662109375,0.005,1.0,2.0,1.2261946219384126,,M2,1.255036283169534,-0.540879693153848,1.0,0.0,2.352127526503711,,0.3937892883876978
boson,large,ss,00,20,0.5025641025641026,18485,3797,0,0.005,0.0003662109375,0.005,1.0,2.0,1.2261946219384126,,free,1.245793318107767,,0.9989731397097911,-0.10268602902089308,1.598334866154616,,0.3931134754395318
boson,large,ss,00,21,0.5076923076923077,18485,3797,0,0.005,0.0003662109375,0.005,1.0,2.0,1.2112964055888444,,M1,1.2382667976230695,,1.0,0.0,2.2265724483111926,,0.39347905309444037
boson,large,ss,00,21,0.5076923076923077,18485,3797,0,0.005,0.0003662109375,0.005,1.0,2.0,1.2112964055888444,,M2,1.239747331560973,-0.5375814635305783,1.0,0.0,2.3487996695819247,,0.3894027719628517
boson,large,ss,00,21,0.5076923076923077,18485,3797,0,0.005,0.0003662109375,0.005,1.0,2.0,1.2112964055888444,,free,1.2305658720843928,,0.998967479566279,-0.10325204337210403,1.5908134793961581,,0.3887170927319509
boson,large,ss,00,22,0.5128205128205128,18485,3797,0,0.005,0.0003662109375,0.005,1.0,2.0,1.1965462336671164,,M1,1.223138768882268,,1.0,0.0,2.2224410947876194,,0.38935265954185067
boson,large,ss,00,22,0.5128205128205128,18485,3797,0,0.005,0.0003662109375,0.005,1.0,2.0,1.1965462336671164,,M2,1.2246103098683851,-0.534316125223339,1.0,0.0,2.3454234706217214,,0.3851810356348234
boson,large,ss,00,22,0.5128205128205128,18485,3797,0,0.005,0.0003662109375,0.005,1.0,2.0,1.1965462336671164,,free,1.21548974574634,,0.9989617363315348,-0.10382636684651558,1.5831826256446746,,0.3844855518279554
boson,large,ss,00,23,0.517948717948718,18485,3797,0,0.005,0.0003662109375,0.005,1.0,2.0,1.1819400430927076,,M1,1.2081584162386498,,1.0,0.0,2.2182489965682395,,0.3854096478831379
boson,large,ss,00,23,0.517948717948718,18485,3797,0,0.005,0.0003662109375,0.005,1.0,2.0,1.1819400430927076,,M2,1.209621050240144,-0.5310820015690788,1.0,0.0,2.3419975750212707,,0.3811415464413783
boson,large,ss,00,23,0.517948717948718,18485,3797,0,0.005,0.0003662109375,0.005,1.0,2.0,1.1819400430927076,,free,1.2005608005943156,,0.9989559088490636,-0.10440911509363993,1.575440108864079,,0.38043636825287397
boson,large,ss,00,24,0.5230769230769231,18485,3797,0,0.005,0.0003662109375,0.005,1.0,2.0,1.1674738886942402,,M1,1.193321697302593,,1.0,0.0,2.213994579121792,,0.3816674723865532
boson,large,ss,00,24,0.5230769230769231,18485,3797,0,0.005,0.0003662109375,0.005,1.0,2.0,1.1674738886942402,,M2,1.194775505795623,-0.5278774618858216,1.0,0.0,2.3385205755580785,,0.3773020380659569
boson,large,ss,00,24,0.5230769230769231,18485,3797,0,0.005,0.0003662109375,0.005,1.0,2.0,1.1674738886942402,,free,1.1857750183873077,,0.9989499959105657,-0.10500040894343421,1.5675836410813826,,0.37658732834625136
boson,large,ss,00,25,0.5282051282051282,18485,3797,0,0.005,0.0003662109375,0.005,1.0,2.0,1.153143937734742,,M1,1.178624684929041,,1.0,0.0,2.2096762043733786,,0.3781437346291436
boson,large,ss,00,25,0.5282051282051282,18485,3797,0,0.005,0.0003662109375,0.005,1.0,2.0,1.153143937734742,,M2,1.180069745017181,-0.5247009184889231,1.0,0.0,2.3349910103445115,,0.3736804246978598
boson,large,ss,00,25,0.5282051282051282,18485,3797,0,0.005,0.0003662109375,0.005,1.0,2.0,1.153143937734742,,free,1.1711284954870993,,0.9989439962414275,-0.10560037585725102,1.5596108312104118,,0.3729564028842745
boson,large,ss,00,26,0.5333333333333333,18485,3797,0,0.005,0.0003662109375,0.005,1.0,2.0,1.1389464646945056,,M1,1.1640635618812014,,1.0,0.0,2.20529216826999,,0.3748560819588553
boson,large,ss,00,26,0.5333333333333333,18485,3797,0,0.005,0.0003662109375,0.005,1.0,2.0,1.1389464646945056,,M2,1.1654999464059965,-0.5215508238368387,1.0,0.0,2.3314073606272023,,0.3702946986677236
boson,large,ss,00,26,0.5333333333333333,18485,3797,0,0.005,0.0003662109375,0.005,1.0,2.0,1.1389464646945056,,free,1.1566174376682552,,0.9989379085141086,-0.10620914858914254,1.5515191908944903,,0.3695616443311621
boson,large,ss,00,27,0.5384615384615384,18485,3797,0,0.005,0.0003662109375,0.005,1.0,2.0,1.1248778462945392,,M1,1.149634615740608,,1.0,0.0,2.200840698180717,,0.3718220905102634
boson,large,ss,00,27,0.5384615384615384,18485,3797,0,0.005,0.0003662109375,0.005,1.0,2.0,1.1248778462945392,,M2,1.151062393384604,-0.5184256677982465,1.0,0.0,2.3277680484435903,,0.36716281162002073
boson,large,ss,00,27,0.5384615384615384,18485,3797,0,0.005,0.0003662109375,0.005,1.0,2.0,1.1248778462945392,,free,1.142238154647351,,0.9989317312864149,-0.10682687135851188,1.5433060940793109,,0.36642106746583325
boson,large,ss,00,28,0.5435897435897435,18485,3797,0,0.005,0.0003662109375,0.005,1.0,2.0,1.1109345567450102,,M1,1.135334234047436,,1.0,0.0,2.196319950107206,,0.3690591332184392
boson,large,ss,00,28,0.5435897435897435,18485,3797,0,0.005,0.0003662109375,0.005,1.0,2.0,1.1109345567450102,,M2,1.1367534694299832,-0.5153239750278167,1.0,0.0,2.3240714341105084,,0.3643025395418006
boson,large,ss,00,28,0.5435897435897435,18485,3797,0,0.005,0.0003662109375,0.005,1.0,2.0,1.1109345567450102,,free,1.127987055863756,,0.998925463084853,-0.10745369151470285,1.5349688255902993,,0.3635525136927689
boson,large,ss,00,29,0.5487179487179488,18485,3797,0,0.005,0.0003662109375,0.005,1.0,2.0,1.0971131632037698,,M1,1.1211588996560204,,1.0,0.0,2.1917280057084154,,0.36658423390817024
boson,large,ss,00,29,0.5487179487179488,18485,3797,0,0.005,0.0003662109375,0.005,1.0,2.0,1.0971131632037698,,M2,1.122569653422125,-0.51224430244243,1.0,0.0,2.3203158135499447,,0.3617313326339709
boson,large,ss,00,29,0.5487179487179488,18485,3797,0,0.005,0.0003662109375,0.005,1.0,2.0,1.0971131632037698,,free,1.1138606454878608,,0.9989191023491802,-0.10808976508197565,1.5265045435409075,,0.3609735000202273
boson,large,ss,00,30,0.5538461538461539,18485,3797,0,0.005,0.0003662109375,0.005,1.0,2.0,1.0834103214312174,,M1,1.1071051862914272,,1.0,0.0,2.1870628691176064,,0.36441390924427286
boson,large,ss,00,30,0.5538461538461539,18485,3797,0,0.005,0.0003662109375,0.005,1.0,2.0,1.0834103214312174,,M2,1.1085075151939028,-0.5091852367879987,1.0,0.0,2.3164994154321272,,0.35946615176951574
boson,large,ss,00,30,0.5538461538461539,18485,3797,0,0.005,0.0003662109375,0.005,1.0,2.0,1.0834103214312174,,free,1.0998555183495031,,0.9989126474776391,-0.10873525223609182,1.5179103053551524,,0.3587010544562709
boson,large,ss,00,31,0.558974358974359,18485,3797,0,0.005,0.0003662109375,0.005,1.0,2.0,1.0698227716283992,,M1,1.0931697542937506,,1.0,0.0,2.182322463543618,,0.3625640010806646
boson,large,ss,00,31,0.558974358974359,18485,3797,0,0.005,0.0003662109375,0.005,1.0,2.0,1.0698227716283992,,M2,1.094563711268893,-0.5061453922878835,1.0,0.0,2.3126203981277405,,0.35752329409901046
boson,large,ss,00,31,0.558974358974359,18485,3797,0,0.005,0.0003662109375,0.005,1.0,2.0,1.0698227716283992,,free,1.0859683549641528,,0.9989060967146934,-0.10939032853065633,1.5091829940372392,,0.35675154039997636
boson,large,ss,00,32,0.5641025641025641,18485,3797,0,0.005,0.0003662109375,0.005,1.0,2.0,1.0563473344460352,,M1,1.0793493465376267,,1.0,0.0,2.17750462764732,,0.36104950249624296
boson,large,ss,00,32,0.5641025641025641,18485,3797,0,0.005,0.0003662109375,0.005,1.0,2.0,1.0563473344460352,,M2,1.0807349807746174,-0.5031234083659214,1.0,0.0,2.308676846462765,,0.35591821119018485
boson,large,ss,00,32,0.5641025641025641,18485,3797,0,0.005,0.0003662109375,0.005,1.0,2.0,1.0563473344460352,,free,1.0721959184545211,,0.9988994482918453,-0.11005517081547067,1.5003194017427113,,0.35514047344363786
boson,large,ss,00,33,0.5692307692307692,18485,3797,0,0.005,0.0003662109375,0.005,1.0,2.0,1.0429809071529659,,M1,1.0656407845150997,,1.0,0.0,2.1726071116669576,,0.3598843814998786
boson,large,ss,00,33,0.5692307692307692,18485,3797,0,0.005,0.0003662109375,0.005,1.0,2.0,1.0429809071529659,,M2,1.067018141519316,-0.5001179474339593,1.0,0.0,2.3046667682503186,,0.35466532386620536
boson,large,ss,00,33,0.5692307692307692,18485,3797,0,0.005,0.0003662109375,0.005,1.0,2.0,1.0429809071529659,,free,1.0585350499362332,,0.9988927003142452,-0.11072996857548478,1.4913161570450528,,0.3538823347919244
boson,large,ss,00,34,0.5743589743589743,18485,3797,0,0.005,0.0003662109375,0.005,1.0,2.0,1.0297204599529242,,M1,1.0520409645706585,,1.0,0.0,2.167627573288655,,0.3590814069623475
boson,large,ss,00,34,0.5743589743589743,18485,3797,0,0.005,0.0003662109375,0.005,1.0,2.0,1.0297204599529242,,M2,1.0534100862210518,-0.49712769273776636,1.0,0.0,2.300588090597966,,0.3537778385672287
boson,large,ss,00,34,0.5743589743589743,18485,3797,0,0.005,0.0003662109375,0.005,1.0,2.0,1.0297204599529242,,free,1.0449826652644454,,0.9988858508335754,-0.1114149166424605,1.4821697640366338,,0.352990386175118
boson,large,ss,00,35,0.5794871794871795,18485,3797,0,0.005,0.0003662109375,0.005,1.0,2.0,1.0165630324392867,,M1,1.0385468542778287,,1.0,0.0,2.1625635732386295,,0.35865198172731216
boson,large,ss,00,35,0.5794871794871795,18485,3797,0,0.005,0.0003662109375,0.005,1.0,2.0,1.0165630324392867,,M2,1.0399077788785103,-0.4941513462536764,1.0,0.0,2.2964386559687133,,0.35326757053131536
boson,large,ss,00,35,0.5794871794871795,18485,3797,0,0.005,0.0003662109375,0.005,1.0,2.0,1.0165630324392867,,free,1.0315357509624843,,0.9988788977675709,-0.11211022324291164,1.4728765502390884,,0.352476491614046
boson,large,ss,00,36,0.5846153846153846,18485,3797,0,0.005,0.0003662109375,0.005,1.0,2.0,1.0035057301779,,M1,1.0251554889472239,,1.0,0.0,2.1574125705775327,,0.3586059880099788
boson,large,ss,00,36,0.5846153846153846,18485,3797,0,0.005,0.0003662109375,0.005,1.0,2.0,1.0035057301779,,M2,1.0265082512733745,-0.49118762662809556,1.0,0.0,2.292216217977816,,0.3531447793082958
boson,large,ss,00,36,0.5846153846153846,18485,3797,0,0.005,0.0003662109375,0.005,1.0,2.0,1.0035057301779,,free,1.0181913614042204,,0.9988718389996517,-0.11281610003482934,1.4634327223738808,,0.3523509516171998
boson,large,ss,00,37,0.5897435897435898,18485,3797,0,0.005,0.0003662109375,0.005,1.0,2.0,0.9905457214085422,,M1,1.0118639682564436,,1.0,0.0,2.1521719176765597,,0.35895165006776397
boson,large,ss,00,37,0.5897435897435898,18485,3797,0,0.005,0.0003662109375,0.005,1.0,2.0,0.9905457214085422,,M2,1.0132085995946485,-0.4882352671528829,1.0,0.0,2.2879184369076766,,0.3534180220321714
boson,large,ss,00,37,0.5897435897435898,18485,3797,0,0.005,0.0003662109375,0.005,1.0,2.0,0.9905457214085422,,free,1.0049466147900739,,0.9988646722667421,-0.11353277332578626,1.4538342925810355,,0.3526223553031618
boson,large,ss,00,38,0.5948717948717949,18485,3797,0,0.005,0.0003662109375,0.005,1.0,2.0,0.9776802338559587,,M1,0.9986694529926281,,1.0,0.0,2.14683885485627,,0.3596954187021278
boson,large,ss,00,38,0.5948717948717949,18485,3797,0,0.005,0.0003662109375,0.005,1.0,2.0,0.9776802338559587,,M2,1.0000059811757163,-0.4852930137703447,1.0,0.0,2.2835428749239606,,0.35409402945730284
boson,large,ss,00,38,0.5948717948717949,18485,3797,0,0.005,0.0003662109375,0.005,1.0,2.0,0.9776802338559587,,free,0.9917986903205727,,0.9988573952186532,-0.11426047813467566,1.4440771098471528,,0.3532974555164417
boson,large,ss,00,39,0.6,18485,3797,0,0.005,0.0003662109375,0.005,1.0,2.0,0.9649065516418712,,M1,0.9855691618988651,,1.0,0.0,2.14141050465817,,0.3608418814290231
boson,large,ss,00,39,0.6,18485,3797,0,0.005,0.0003662109375,0.005,1.0,2.0,0.9649065516418712,,M2,0.9868976113353183,-0.48235962310058045,1.0,0.0,2.2790869909658396,,0.35517760901172474
boson,large,ss,00,39,0.6,18485,3797,0,0.005,0.0003662109375,0.005,1.0,2.0,0.9649065516418712,,free,0.9787448249753363,,0.9988500053986774,-0.11499946013225903,1.4341568424339313,,0.35438107124273155
boson,large,ss,3s_s,-1,0.5,18485,3797,0,0.005,0.0003662109375,0.005,2.0,3.0,3.289868133696453,-9.869604401089358,M1,3.2220384228741685,,2.0,0.0,-2.0617759759893994,,0.469434976926716
boson,large,ss,3s_s,-1,0.5,18485,3797,0,0.005,0.0003662109375,0.005,2.0,3.0,3.289868133696453,-9.869604401089358,M2,3.256678147320199,-9.216656932770471,2.0,0.0,-1.0088546114145225,-6.615741034633748,0.3799986919974061
boson,large,ss,3s_s,-1,0.5,18485,3797,0,0.005,0.0003662109375,0.005,2.0,3.0,3.289868133696453,-9.869604401089358,free,3.0762755880126615,,1.9917747831769033,-0.41126084115483685,-6.492434863758556,,0.3853857319418504
boson,large,ss,3s_s,0,0.4,18485,3797,0,0.005,0.0003662109375,0.005,2.0,3.0,4.124858443829334,,M1,4.042484393226805,,2.0,0.0,-1.997015212140385,,0.4514300547136626
boson,large,ss,3s_s,0,0.4,18485,3797,0,0.005,0.0003662109375,0.005,2.0,3.0,4.124858443829334,,M2,4.085416708971416,-11.42308236787387,2.0,0.0,-0.9561960827267013,,0.3600739026924852
boson,large,ss,3s_s,0,0.4,18485,3797,0,0.005,0.0003662109375,0.005,2.0,3.0,4.124858443829334,,free,3.861751388026767,,1.9918735476536396,-0.4063226173180223,-6.378571759139207,,0.36559832920779795
boson,large,ss,3s_s,1,0.40512820512820513,18485,3797,0,0.005,0.0003662109375,0.005,2.0,3.0,4.0767045677295535,,M1,3.9951735693244617,,2.0,0.0,-1.999924131134645,,0.4522254039412649
boson,large,ss,3s_s,1,0.40512820512820513,18485,3797,0,0.005,0.0003662109375,0.005,2.0,3.0,4.0767045677295535,,M2,4.037625819411354,-11.295350391273278,2.0,0.0,-0.9585867130902592,,0.3609621652064265
boson,large,ss,3s_s,1,0.40512820512820513,18485,3797,0,0.005,0.0003662109375,0.005,2.0,3.0,4.0767045677295535,,free,3.8164647558780587,,1.9918693116449198,-0.406534417754012,-6.383582806355548,,0.3664798979831236
boson,large,ss,3s_s,2,0.41025641025641024,18485,3797,0,0.005,0.0003662109375,0.005,2.0,3.0,4.029235855295656,,M1,3.948535264188613,,2.0,0.0,-2.002875830685813,,0.45303414551588184
boson,large,ss,3s_s,2,0.41025641025641024,18485,3797,0,0.005,0.0003662109375,0.005,2.0,3.0,4.029235855295656,,M2,3.990514528760671,-11.169502241666716,2.0,0.0,-0.9610091820287381,,0.36186445278662066
boson,large,ss,3s_s,2,0.41025641025641024,18485,3797,0,0.005,0.0003662109375,0.005,2.0,3.0,4.029235855295656,,free,3.7718208240477007,,1.9918649871826264,-0.4067506408686805,-6.388681141850583,,0.36737544970079006
boson,large,ss,3s_s,3,0.4153846153846154,18485,3797,0,0.005,0.0003662109375,0.005,2.0,3.0,3.982430651110986,,M1,3.902548251010739,,2.0,0.0,-2.005870461999426,,0.4538563109621425
boson,large,ss,3s_s,3,0.4153846153846154,18485,3797,0,0.005,0.0003662109375,0.005,2.0,3.0,3.982430651110986,,M2,3.9440613790658015,-11.045476417856491,2.0,0.0,-0.9634636584187728,,0.3627807889779988
boson,large,ss,3s_s,3,0.4153846153846154,18485,3797,0,0.005,0.0003662109375,0.005,2.0,3.0,3.982430651110986,,free,3.727799338327017,,1.9918605743817126,-0.40697128091436996,-6.393866838909901,,0.36828500878897985
boson,large,ss,3s_s,4,0.4205128205128205,18485,3797,0,0.005,0.0003662109375,0.005,2.0,3.0,3.936268164422664,,M1,3.8571921499344417,,2.0,0.0,-2.008908214204974,,0.4546919427801596
boson,large,ss,3s_s,4,0.4205128205128205,18485,3797,0,0.005,0.0003662109375,0.005,2.0,3.0,3.936268164422664,,M2,3.8982457687336423,-10.923213921937718,2.0,0.0,-0.9659503392751789,,0.3637112088785508
boson,large,ss,3s_s,4,0.4205128205128205,18485,3797,0,0.005,0.0003662109375,0.005,2.0,3.0,3.936268164422664,,free,3.6843808518950008,,1.9918560732779982,-0.40719633610009076,-6.399140048544116,,0.3692086111807677
boson,large,ss,3s_s,5,0.4256410256410256,18485,3797,0,0.005,0.0003662109375,0.005,2.0,3.0,3.8907284225218226,,M1,3.812447382429432,,2.0,0.0,-2.011989313858409,,0.45554109431526263
boson,large,ss,3s_s,5,0.4256410256410256,18485,3797,0,0.005,0.0003662109375,0.005,2.0,3.0,3.8907284225218226,,M2,3.853047906388272,-10.802658121671001,2.0,0.0,-0.9684694494592194,,0.3646557589926196
boson,large,ss,3s_s,5,0.4256410256410256,18485,3797,0,0.005,0.0003662109375,0.005,2.0,3.0,3.8907284225218226,,free,3.6415466818662705,,1.9918514838297865,-0.4074258085106752,-6.4045009981457905,,0.37014630416909444
boson,large,ss,3s_s,6,0.4307692307692308,18485,3797,0,0.005,0.0003662109375,0.005,2.0,3.0,3.845792227082447,,M1,3.768295128559363,,2.0,0.0,-2.015114024552389,,0.45640382965724763
boson,large,ss,3s_s,6,0.4307692307692308,18485,3797,0,0.005,0.0003662109375,0.005,2.0,3.0,3.845792227082447,,M2,3.8084487676548058,-10.683754621708339,2.0,0.0,-0.9710212414665742,,0.3656144971150941
boson,large,ss,3s_s,6,0.4307692307692308,18485,3797,0,0.005,0.0003662109375,0.005,2.0,3.0,3.845792227082447,,free,3.5992788685931036,,1.9918468059192576,-0.40765970403712215,-6.409949990365371,,0.3710981462925204
boson,large,ss,3s_s,7,0.4358974358974359,18485,3797,0,0.005,0.0003662109375,0.005,2.0,3.0,3.8014411132347803,,M1,3.7247172869245073,,2.0,0.0,-2.018282646629921,,0.45728022356822673
boson,large,ss,3s_s,7,0.4358974358974359,18485,3797,0,0.005,0.0003662109375,0.005,2.0,3.0,3.8014411132347803,,M2,3.764430054648817,-10.566451142994104,2.0,0.0,-0.9736059952923815,,0.36658749224551734
boson,large,ss,3s_s,7,0.4358974358974359,18485,3797,0,0.005,0.0003662109375,0.005,2.0,3.0,3.8014411132347803,,free,3.557560137513228,,1.9918420393536493,-0.40789803231753297,-6.415487402197984,,0.3720642072507887
boson,large,ss,3s_s,8,0.441025641025641,18485,3797,0,0.005,0.0003662109375,0.005,2.0,3.0,3.7576573111684026,,M1,3.6816964370789838,,2.0,0.0,-2.021495516998051,,0.4581703614382363
boson,large,ss,3s_s,8,0.441025641025641,18485,3797,0,0.005,0.0003662109375,0.005,2.0,3.0,3.7576573111684026,,M2,3.72097415796869,-10.45069740971964,2.0,0.0,-0.9762240183713411,,0.36757482453123025
boson,large,ss,3s_s,8,0.441025641025641,18485,3797,0,0.005,0.0003662109375,0.005,2.0,3.0,3.7576573111684026,,free,3.5163738633528574,,1.9918371838662319,-0.40814080668840624,-6.421113684273694,,0.37304456784931644
boson,large,ss,3s_s,9,0.4461538461538462,18485,3797,0,0.005,0.0003662109375,0.005,2.0,3.0,3.714423710077384,,M1,3.639215804239148,,2.0,0.0,-2.0247530090386268,,0.4590743392679097
boson,large,ss,3s_s,9,0.4461538461538462,18485,3797,0,0.005,0.0003662109375,0.005,2.0,3.0,3.714423710077384,,M2,3.6780641210054035,-10.336445043263094,2.0,0.0,-0.978875645590338,,0.3685765852388072
boson,large,ss,3s_s,9,0.4461538461538462,18485,3797,0,0.005,0.0003662109375,0.005,2.0,3.0,3.714423710077384,,free,3.475704036510624,,1.9918322391170888,-0.40838804414555785,-6.426829360342046,,0.3740393199718805
boson,large,ss,3s_s,10,0.4512820512820513,18485,3797,0,0.005,0.0003662109375,0.005,2.0,3.0,3.671723824275612,,M1,3.597259226115106,,2.0,0.0,-2.028055532613404,,0.45999226367763973
boson,large,ss,3s_s,10,0.4512820512820513,18485,3797,0,0.005,0.0003662109375,0.005,2.0,3.0,3.671723824275612,,M2,3.6356836063997267,-10.223647462595045,2.0,0.0,-0.9815612393722306,,0.36959287675313657
boson,large,ss,3s_s,10,0.4512820512820513,18485,3797,0,0.005,0.0003662109375,0.005,2.0,3.0,3.671723824275612,,free,3.435535231462517,,1.9918272046937058,-0.40863976531471113,-6.432635026946565,,0.37504856658085195
boson,large,ss,3s_s,11,0.4564102564102564,18485,3797,0,0.005,0.0003662109375,0.005,2.0,3.0,3.629541761324542,,M1,3.5558111217111024,,2.0,0.0,-2.0314035341622017,,0.46092425194302056
boson,large,ss,3s_s,11,0.4564102564102564,18485,3797,0,0.005,0.0003662109375,0.005,2.0,3.0,3.629541761324542,,M2,3.593816864490803,-10.112259790673896,2.0,0.0,-0.9842811898299275,,0.37062381260396576
boson,large,ss,3s_s,11,0.4564102564102564,18485,3797,0,0.005,0.0003662109375,0.005,2.0,3.0,3.629541761324542,,free,3.395852577041101,,1.991822080111376,-0.40889599443120206,-6.4385313532846595,,0.37607242174479905
boson,large,ss,3s_s,12,0.46153846153846156,18485,3797,0,0.005,0.0003662109375,0.005,2.0,3.0,3.587862192028463,,M1,3.514856461953116,,2.0,0.0,-2.034797496892471,,0.4618704320561131
boson,large,ss,3s_s,12,0.46153846153846156,18485,3797,0,0.005,0.0003662109375,0.005,2.0,3.0,3.587862192028463,,M2,3.5524487036128134,-10.002238766392079,2.0,0.0,-0.9870359149894647,,0.3716695175193296
boson,large,ss,3s_s,12,0.46153846153846156,18485,3797,0,0.005,0.0003662109375,0.005,2.0,3.0,3.587862192028463,,free,3.3566417284542562,,1.991816864813425,-0.40915675932875484,-6.4445190812493784,,0.3771110106928957
boson,large,ss,3s_s,13,0.4666666666666667,18485,3797,0,0.005,0.0003662109375,0.005,2.0,3.0,3.5466703221640214,,M1,3.4743807420133965,,2.0,0.0,-2.0382379410589513,,0.46283094281255316
boson,large,ss,3s_s,13,0.4666666666666667,18485,3797,0,0.005,0.0003662109375,0.005,2.0,3.0,3.5466703221640214,,M2,3.5115644621079154,-9.893542661671406,2.0,0.0,-0.989825861082172,,0.3727301275059586
boson,large,ss,3s_s,13,0.4666666666666667,18485,3797,0,0.005,0.0003662109375,0.005,2.0,3.0,3.5466703221640214,,free,3.317888840919581,,1.9918115581712608,-0.40942209143696173,-6.450599025647474,,0.378164469896215
boson,large,ss,3s_s,14,0.4717948717948718,18485,3797,0,0.005,0.0003662109375,0.005,2.0,3.0,3.5059518658213538,,M1,3.4343699552119626,,2.0,0.0,-2.0417254243341176,,0.4638059339244495
boson,large,ss,3s_s,14,0.4717948717948718,18485,3797,0,0.005,0.0003662109375,0.005,2.0,3.0,3.5059518658213538,,M2,3.471149981934131,-9.78613120333862,2.0,0.0,-0.992651502905606,,0.3738057899565061
boson,large,ss,3s_s,14,0.4717948717948718,18485,3797,0,0.005,0.0003662109375,0.005,2.0,3.0,3.5059518658213538,,free,3.279580544800229,,1.9918061594842493,-0.4096920257875336,-6.456772074595829,,0.379232947175766
boson,large,ss,3s_s,15,0.47692307692307695,18485,3797,0,0.005,0.0003662109375,0.005,2.0,3.0,3.4656930202437546,,M1,3.3948105683845626,,2.0,0.0,-2.0452605422683012,,0.464795566159286
boson,large,ss,3s_s,15,0.47692307692307695,18485,3797,0,0.005,0.0003662109375,0.005,2.0,3.0,3.4656930202437546,,M2,3.4311915837563607,-9.679965499440543,2.0,0.0,-0.9955133442536512,,0.3748966637838473
boson,large,ss,3s_s,15,0.47692307692307695,18485,3797,0,0.005,0.0003662109375,0.005,2.0,3.0,3.4656930202437546,,free,3.2417039221371193,,1.9918006679794193,-0.4099666010290326,-6.463039190091957,,0.3803166018375167
boson,large,ss,3s_s,16,0.48205128205128206,18485,3797,0,0.005,0.0003662109375,0.005,2.0,3.0,3.425880442061602,,M1,3.3556894986150945,,2.0,0.0,-2.048843928840327,,0.46580001150497297
boson,large,ss,3s_s,16,0.48205128205128206,18485,3797,0,0.005,0.0003662109375,0.005,2.0,3.0,3.425880442061602,,M2,3.391676043417373,-9.57500796968352,2.0,0.0,-0.9984119184160867,,0.3760029195825544
boson,large,ss,3s_s,16,0.48205128205128206,18485,3797,0,0.005,0.0003662109375,0.005,2.0,3.0,3.425880442061602,,free,3.2042464844803993,,1.991795082810996,-0.41024585945019787,-6.469401408761044,,0.3814156048345258
boson,large,ss,3s_s,17,0.48717948717948717,18485,3797,0,0.005,0.0003662109375,0.005,2.0,3.0,3.3865012248241744,,M1,3.316994091238241,,2.0,0.0,-2.0524762571004773,,0.46681945336157316
boson,large,ss,3s_s,17,0.48717948717948717,18485,3797,0,0.005,0.0003662109375,0.005,2.0,3.0,3.3865012248241744,,M2,3.3525905696934277,-9.471222279708636,2.0,0.0,-1.0013477887493516,,0.3771247398180789
boson,large,ss,3s_s,17,0.48717948717948717,18485,3797,0,0.005,0.0003662109375,0.005,2.0,3.0,3.3865012248241744,,free,3.167196151930605,,1.9917894030597647,-0.41052984701176465,-6.475859842777865,,0.38253013895669163
boson,large,ss,3s_s,18,0.49230769230769234,18485,3797,0,0.005,0.0003662109375,0.005,2.0,3.0,3.347542877740312,,M1,3.27871209902529,,2.0,0.0,-2.056158239905348,,0.46785408676017526
boson,large,ss,3s_s,18,0.49230769230769234,18485,3797,0,0.005,0.0003662109375,0.005,2.0,3.0,3.347542877740312,,M2,3.3139227832464817,-9.368573278937399,2.0,0.0,-1.0043215493187208,,0.37826231904407964
boson,large,ss,3s_s,18,0.49230769230769234,18485,3797,0,0.005,0.0003662109375,0.005,2.0,3.0,3.347542877740312,,free,3.1305412333065883,,1.9917836277322634,-0.4108186133868319,-6.482415680966747,,0.38366039904859756
boson,large,ss,3s_s,19,0.49743589743589745,18485,3797,0,0.005,0.0003662109375,0.005,2.0,3.0,3.308993305545458,,M1,3.2408316624724227,,2.0,0.0,-2.059890630748773,,0.4689041186092897
boson,large,ss,3s_s,19,0.49743589743589745,18485,3797,0,0.005,0.0003662109375,0.005,2.0,3.0,3.308993305545458,,M2,3.2756606966913324,-9.267026941728236,2.0,0.0,-1.0073338256159081,,0.37941586414840617
boson,large,ss,3s_s,19,0.49743589743589745,18485,3797,0,0.005,0.0003662109375,0.005,2.0,3.0,3.308993305545458,,free,3.094270407363568,,1.9917777557598058,-0.41111221200971215,-6.489070190079904,,0.38480659225588065
boson,large,ss,3s_s,20,0.5025641025641026,18485,3797,0,0.005,0.0003662109375,0.005,2.0,3.0,3.27084078941864,,M1,3.203341291116821,,2.0,0.0,-2.063674224688161,,0.4699697679704045
boson,large,ss,3s_s,20,0.5025641025641026,18485,3797,0,0.005,0.0003662109375,0.005,2.0,3.0,3.27084078941864,,M2,3.2377926957022414,-9.166550311640096,2.0,0.0,-1.0103852753491127,,0.3805855946290841
boson,large,ss,3s_s,20,0.5025641025641026,18485,3797,0,0.005,0.0003662109375,0.005,2.0,3.0,3.27084078941864,,free,3.0583727049899765,,1.9917717859973234,-0.41141070013382963,-6.495824716262866,,0.3859689383016261
boson,large,ss,3s_s,21,0.5076923076923077,18485,3797,0,0.005,0.0003662109375,0.005,2.0,3.0,3.2330739688785464,,M1,3.1662298458111926,,2.0,0.0,-2.0675098593720076,,0.47105126636224476
boson,large,ss,3s_s,21,0.5076923076923077,18485,3797,0,0.005,0.0003662109375,0.005,2.0,3.0,3.2330739688785464,,M2,3.2003075210887277,-9.067111448554934,2.0,0.0,-1.01347658931491,,0.38177174290025345
boson,large,ss,3s_s,21,0.5076923076923077,18485,3797,0,0.005,0.0003662109375,0.005,2.0,3.0,3.2330739688785464,,free,3.0228374923175507,,1.9917657172220393,-0.4117141388980339,-6.502680686700158,,0.3871476697925481
boson,large,ss,3s_s,22,0.5128205128205128,18485,3797,0,0.005,0.0003662109375,0.005,2.0,3.0,3.1956818245927785,,M1,3.1294865218923142,,2.0,0.0,-2.0713984161705334,,0.47214885809626206
boson,large,ss,3s_s,22,0.5128205128205128,18485,3797,0,0.005,0.0003662109375,0.005,2.0,3.0,3.1956818245927785,,M2,3.1631942517755274,-8.9686793785007,2.0,0.0,-1.016608492348603,,0.38297455463013025
boson,large,ss,3s_s,22,0.5128205128205128,18485,3797,0,0.005,0.0003662109375,0.005,2.0,3.0,3.1956818245927785,,free,2.98765445468271,,1.991759548131946,-0.41202259340270553,-6.509639611464668,,0.388343032557192
boson,large,ss,3s_s,23,0.517948717948718,18485,3797,0,0.005,0.0003662109375,0.005,2.0,3.0,3.1586536620390464,,M1,3.093100833183753,,2.0,0.0,-2.07534082141112,,0.47326280064356097
boson,large,ss,3s_s,23,0.517948717948718,18485,3797,0,0.005,0.0003662109375,0.005,2.0,3.0,3.1586536620390464,,M2,3.1264422886260177,-8.871224045947018,2.0,0.0,-1.0197817443598711,,0.384194289111914
boson,large,ss,3s_s,23,0.517948717948718,18485,3797,0,0.005,0.0003662109375,0.005,2.0,3.0,3.1586536620390464,,free,2.952813581383162,,1.9917532773441187,-0.41233613279406667,-6.516703085548348,,0.3895552860169439
boson,large,ss,3s_s,24,0.5230769230769231,18485,3797,0,0.005,0.0003662109375,0.005,2.0,3.0,3.121979095961273,,M1,3.0570625967768565,,2.0,0.0,-2.0793380477273304,,0.4743933650348031
boson,large,ss,3s_s,24,0.5230769230769231,18485,3797,0,0.005,0.0003662109375,0.005,2.0,3.0,3.121979095961273,,M2,3.090041339052747,-8.774716268447849,2.0,0.0,-1.0229971414556283,,0.3854312196682727
boson,large,ss,3s_s,24,0.5230769230769231,18485,3797,0,0.005,0.0003662109375,0.005,2.0,3.0,3.121979095961273,,free,2.918305151175581,,1.9917469033928163,-0.4126548303591826,-6.523872791114249,,0.3907847035906071
boson,large,ss,3s_s,25,0.5282051282051282,18485,3797,0,0.005,0.0003662109375,0.005,2.0,3.0,3.085648035567377,,M1,3.0213619185381,,2.0,0.0,-2.0833911155215823,,0.47554083629524657
boson,large,ss,3s_s,25,0.5282051282051282,18485,3797,0,0.005,0.0003662109375,0.005,2.0,3.0,3.085648035567377,,M2,3.0539814023624077,-8.679127693440671,2.0,0.0,-1.026255517154162,,0.38668563409240175
boson,large,ss,3s_s,25,0.5282051282051282,18485,3797,0,0.005,0.0003662109375,0.005,2.0,3.0,3.085648035567377,,free,2.884119718465632,,1.991740424727393,-0.412978763630345,-6.531150499952886,,0.39203157313545994
boson,large,ss,3s_s,26,0.5333333333333333,18485,3797,0,0.005,0.0003662109375,0.005,2.0,3.0,3.04965067041907,,M1,2.9859891792941076,,2.0,0.0,-2.0875010945504147,,0.4767055139157932
boson,large,ss,3s_s,26,0.5333333333333333,18485,3797,0,0.005,0.0003662109375,0.005,2.0,3.0,3.04965067041907,,M2,3.0182527557860745,-8.584430757062043,2.0,0.0,-1.0295577436966186,,0.3879578351261801
boson,large,ss,3s_s,26,0.5333333333333333,18485,3797,0,0.005,0.0003662109375,0.005,2.0,3.0,3.04965067041907,,free,2.8502481001438116,,1.9917338397100055,-0.41330801449972476,-6.538538076161271,,0.39329619742531696
boson,large,ss,3s_s,27,0.5384615384615384,18485,3797,0,0.005,0.0003662109375,0.005,2.0,3.0,3.013977456967198,,M1,2.950935021648991,,2.0,0.0,-2.091669105635685,,0.47788771236249267
boson,large,ss,3s_s,27,0.5384615384615384,18485,3797,0,0.005,0.0003662109375,0.005,2.0,3.0,3.013977456967198,,M2,2.9828459411488195,-8.49059864484224,2.0,0.0,-1.0329047334582397,,0.3892481409779917
boson,large,ss,3s_s,27,0.5384615384615384,18485,3797,0,0.005,0.0003662109375,0.005,2.0,3.0,3.013977456967198,,free,2.816681363023861,,1.9917271466131015,-0.4136426693449269,-6.546037479054845,,0.3945788946682019
boson,large,ss,3s_s,28,0.5435897435897435,18485,3797,0,0.005,0.0003662109375,0.005,2.0,3.0,2.9786191056890945,,M1,2.9161903373913693,,2.0,0.0,-2.095896322510238,,0.4790877616264654
boson,large,ss,3s_s,28,0.5435897435897435,18485,3797,0,0.005,0.0003662109375,0.005,2.0,3.0,2.9786191056890945,,M2,2.947751752135573,-8.397605254147567,2.0,0.0,-1.0362974404671377,,0.3905568858821892
boson,large,ss,3s_s,28,0.5435897435897435,18485,3797,0,0.005,0.0003662109375,0.005,2.0,3.0,2.9786191056890945,,free,2.7834108118433263,,1.9917203436166881,-0.41398281916559254,-6.553650766320707,,0.3958799990655777
boson,large,ss,3s_s,29,0.5487179487179488,18485,3797,0,0.005,0.0003662109375,0.005,2.0,3.0,2.9435665687871104,,M1,2.881746255451172,,2.0,0.0,-2.100183973804659,,0.48030600781652855
boson,large,ss,3s_s,29,0.5487179487179488,18485,3797,0,0.005,0.0003662109375,0.005,2.0,3.0,2.9435665687871104,,M2,2.912961222112874,-8.305425158245951,2.0,0.0,-1.0397368620356118,,0.391884420702603
boson,large,ss,3s_s,29,0.5487179487179488,18485,3797,0,0.005,0.0003662109375,0.005,2.0,3.0,2.9435665687871104,,free,2.750427977788112,,1.9917134288053633,-0.4143285597318358,-6.561380097429925,,0.3971998614155435
boson,large,ss,3s_s,30,0.5538461538461539,18485,3797,0,0.005,0.0003662109375,0.005,2.0,3.0,2.908811028409913,,M1,2.847594130368678,,2.0,0.0,-2.10453334518258,,0.48154281379721375
boson,large,ss,3s_s,30,0.5538461538461539,18485,3797,0,0.005,0.0003662109375,0.005,2.0,3.0,2.908811028409913,,M2,2.8784656124685224,-8.214033571881632,2.0,0.0,-1.0432240405104265,,0.39323111358277485
boson,large,ss,3s_s,30,0.5538461538461539,18485,3797,0,0.005,0.0003662109375,0.005,2.0,3.0,2.908811028409913,,free,2.717724607505585,,1.9917064001651006,-0.4146799917449706,-6.569227737313154,,0.3985388497626795
boson,large,ss,3s_s,31,0.558974358974359,18485,3797,0,0.005,0.0003662109375,0.005,2.0,3.0,2.8743438853604015,,M1,2.8137255312404115,,2.0,0.0,-2.108945781634941,,0.4827985598748775
boson,large,ss,3s_s,31,0.558974358974359,18485,3797,0,0.005,0.0003662109375,0.005,2.0,3.0,2.8743438853604015,,M2,2.844256401433358,-8.12340631825032,2.0,0.0,-1.046760065150354,,0.39459735064573526
boson,large,ss,3s_s,31,0.558974358974359,18485,3797,0,0.005,0.0003662109375,0.005,2.0,3.0,2.8743438853604015,,free,2.68529265257227,,1.991699255579777,-0.4150372210111497,-6.577196060325507,,0.39989735009734034
boson,large,ss,3s_s,32,0.5641025641025641,18485,3797,0,0.005,0.0003662109375,0.005,2.0,3.0,2.8401567482560988,,M1,2.780132231108561,,2.0,0.0,-2.1134226899411135,,0.48407364453512725
boson,large,ss,3s_s,32,0.5641025641025641,18485,3797,0,0.005,0.0003662109375,0.005,2.0,3.0,2.8401567482560988,,M2,2.810325273351435,-8.033519797271444,2.0,0.0,-1.0503460741376647,,0.39598353674658704
boson,large,ss,3s_s,32,0.5641025641025641,18485,3797,0,0.005,0.0003662109375,0.005,2.0,3.0,2.8401567482560988,,free,2.6531242593845925,,1.9916919928274217,-0.41540035862891456,-6.585287554510755,,0.40127576710768104
boson,large,ss,3s_s,33,0.5692307692307692,18485,3797,0,0.005,0.0003662109375,0.005,2.0,3.0,2.8062414231097343,,M1,2.7468061967623094,,2.0,0.0,-2.117965541309763,,0.48536848523489134
boson,large,ss,3s_s,33,0.5692307692307692,18485,3797,0,0.005,0.0003662109375,0.005,2.0,3.0,2.8062414231097343,,M2,2.776664108366611,-7.944350955059712,2.0,0.0,-1.0539832567344587,,0.3973900962813332
boson,large,ss,3s_s,33,0.5692307692307692,18485,3797,0,0.005,0.0003662109375,0.005,2.0,3.0,2.8062414231097343,,free,2.62121175944263,,1.99168460957618,-0.41576952119100063,-6.5935048261836275,,0.40267452498782136
boson,large,ss,3s_s,34,0.5743589743589743,18485,3797,0,0.005,0.0003662109375,0.005,2.0,3.0,2.7725899032993855,,M1,2.713739578921197,,2.0,0.0,-2.1225758742090317,,0.4866835192529586
boson,large,ss,3s_s,34,0.5743589743589743,18485,3797,0,0.005,0.0003662109375,0.005,2.0,3.0,2.7725899032993855,,M2,2.7432649724953397,-7.855877254504976,2.0,0.0,-1.0576728555906856,,0.3988174740558422
boson,large,ss,3s_s,34,0.5743589743589743,18485,3797,0,0.005,0.0003662109375,0.005,2.0,3.0,2.7725899032993855,,free,2.589547659998267,,1.9916771033799634,-0.4161448310018301,-6.601850604854964,,0.40409406830606376
boson,large,ss,3s_s,35,0.5794871794871795,18485,3797,0,0.005,0.0003662109375,0.005,2.0,3.0,2.739194359899068,,M1,2.680924702772003,,2.0,0.0,-2.1272552974010983,,0.48801920460307613
boson,large,ss,3s_s,35,0.5794871794871795,18485,3797,0,0.005,0.0003662109375,0.005,2.0,3.0,2.739194359899068,,M2,2.7101201080568083,-7.768076646870643,2.0,0.0,-1.0614161692173885,,0.4002661362191607
boson,large,ss,3s_s,35,0.5794871794871795,18485,3797,0,0.005,0.0003662109375,0.005,2.0,3.0,2.739194359899068,,free,2.558124635040873,,1.9916694716737762,-0.41652641631119147,-6.610327748516054,,0.4055348629373521
boson,large,ss,3s_s,36,0.5846153846153846,18485,3797,0,0.005,0.0003662109375,0.005,2.0,3.0,2.706047132342,,M1,2.648354058832067,,2.0,0.0,-2.1320054931933563,,0.48937602101406247
boson,large,ss,3s_s,36,0.5846153846153846,18485,3797,0,0.005,0.0003662109375,0.005,2.0,3.0,2.706047132342,,M2,2.6772219244330273,-7.680927544325846,2.0,0.0,-1.0652145546343528,,0.401736571265739
boson,large,ss,3s_s,36,0.5846153846153846,18485,3797,0,0.005,0.0003662109375,0.005,2.0,3.0,2.706047132342,,free,2.526935516594556,,1.99166171176869,-0.41691441156550546,-6.618939249311162,,0.4069973970645371
boson,large,ss,3s_s,37,0.5897435897435898,18485,3797,0,0.005,0.0003662109375,0.005,2.0,3.0,2.6731407193899566,,M1,2.616020294113033,,2.0,0.0,-2.136828220923559,,0.4907544709820267
boson,large,ss,3s_s,37,0.5897435897435898,18485,3797,0,0.005,0.0003662109375,0.005,2.0,3.0,2.6731407193899566,,M2,2.644562989132548,-7.594408793332909,2.0,0.0,-1.0690694302068149,,0.4032292911117813
boson,large,ss,3s_s,37,0.5897435897435898,18485,3797,0,0.005,0.0003662109375,0.005,2.0,3.0,2.6731407193899566,,free,2.4959732863023674,,1.9916538208464472,-0.4173089576776423,-6.627688239623275,,0.4084821822536553
boson,large,ss,3s_s,38,0.5948717948717949,18485,3797,0,0.005,0.0003662109375,0.005,2.0,3.0,2.6404677703832347,,M1,2.583916203560163,,2.0,0.0,-2.1417253206943654,,0.49215508090002014
boson,large,ss,3s_s,38,0.5948717948717949,18485,3797,0,0.005,0.0003662109375,0.005,2.0,3.0,2.6404677703832347,,M2,2.6121360191326697,-7.508499648808561,2.0,0.0,-1.0729822786836318,,0.40474483225118385
boson,large,ss,3s_s,38,0.5948717948717949,18485,3797,0,0.005,0.0003662109375,0.005,2.0,3.0,2.6404677703832347,,free,2.4652310672737965,,1.9916457959536642,-0.41771020231679,-6.636577998602289,,0.4099897546086816
boson,large,ss,3s_s,39,0.6,18485,3797,0,0.005,0.0003662109375,0.005,2.0,3.0,2.608021076746622,,M1,2.552034721743168,,2.0,0.0,-2.146698717377482,,0.49357840227116684
boson,large,ss,3s_s,39,0.6,18485,3797,0,0.005,0.0003662109375,0.005,2.0,3.0,2.608021076746622,,M2,2.579933872475793,-7.4231797489866675,2.0,0.0,-1.0769546504534544,,0.40628375699727365
boson,large,ss,3s_s,39,0.6,18485,3797,0,0.005,0.0003662109375,0.005,2.0,3.0,2.608021076746622,,free,2.4347021161727094,,1.9916376339956077,-0.4181183002196165,-6.645611959168651,,0.41152067601194764
boson,small,00,3s_s,-1,0.5,19984,4022,0,0.02,0.0003662109375,0.02,2.0,4.0,4.112335167120565,,M1,3.967811538945866,,2.0,0.0,-3.5143932170269565,,0.7769263372157712
boson,small,00,3s_s,-1,0.5,19984,4022,0,0.02,0.0003662109375,0.02,2.0,4.0,4.112335167120565,,M2,3.972093793046731,-17.735841908164467,2.0,0.0,-3.4102612840293034,,0.7754975134451305
boson,small,00,3s_s,-1,0.5,19984,4022,0,0.02,0.0003662109375,0.02,2.0,4.0,4.112335167120565,,free,3.9464335813020512,,1.9987265570187922,-0.06367214906038976,-4.034242810385457,,0.7757669246426401
boson,small,00,3s_s,0,0.4,19984,4022,0,0.02,0.0003662109375,0.02,2.0,4.0,5.921762640653614,,M1,5.711855937473565,,2.0,0.0,-3.544665936777236,,0.7772167839514078
boson,small,00,3s_s,0,0.4,19984,4022,0,0.02,0.0003662109375,0.02,2.0,4.0,5.921762640653614,,M2,5.719805908408286,-32.92645049817073,2.0,0.0,-3.410415859272542,,0.7748398605762763
boson,small,00,3s_s,0,0.4,19984,4022,0,0.02,0.0003662109375,0.02,2.0,4.0,5.921762640653614,,free,5.672039110764967,,1.9983510893055725,-0.08244553472137595,-4.217047271943408,,0.7752719573288578
boson,small,00,3s_s,1,0.40512820512820513,19984,4022,0,0.02,0.0003662109375,0.02,2.0,4.0,5.820968521633065,,M1,5.614687661547488,,2.0,0.0,-3.5437549493517184,,0.7772101131155859
boson,small,00,3s_s,1,0.40512820512820513,19984,4022,0,0.02,0.0003662109375,0.02,2.0,4.0,5.820968521633065,,M2,5.6224495275611055,-32.14737502431477,2.0,0.0,-3.410411743925146,,0.7748652665624375
boson,small,00,3s_s,1,0.40512820512820513,19984,4022,0,0.02,0.0003662109375,0.02,2.0,4.0,5.820968521633065,,free,5.5758156010359645,,1.9983623942414839,-0.08188028792580626,-4.211548639818508,,0.7752918989581921
boson,small,00,3s_s,2,0.41025641025641024,19984,4022,0,0.02,0.0003662109375,0.02,2.0,4.0,5.721039588183509,,M1,5.51835604843457,,2.0,0.0,-3.5427746413006944,,0.7772021496357842
boson,small,00,3s_s,2,0.41025641025641024,19984,4022,0,0.02,0.0003662109375,0.02,2.0,4.0,5.721039588183509,,M2,5.525928842035235,-31.36429248265891,2.0,0.0,-3.410407202062804,,0.7748915695737865
boson,small,00,3s_s,2,0.41025641025641024,19984,4022,0,0.02,0.0003662109375,0.02,2.0,4.0,5.721039588183509,,free,5.4804337325130925,,1.9983745582652481,-0.08127208673759378,-4.2056317206294995,,0.7753123627982379
boson,small,00,3s_s,3,0.4153846153846154,19984,4022,0,0.02,0.0003662109375,0.02,2.0,4.0,5.621975840304942,,M1,5.422860915812407,,2.0,0.0,-3.5417250117840138,,0.7771929471727688
boson,small,00,3s_s,3,0.4153846153846154,19984,4022,0,0.02,0.0003662109375,0.02,2.0,4.0,5.621975840304942,,M2,5.430243850643039,-30.577953080351957,2.0,0.0,-3.410402234163701,,0.7749187698740946
boson,small,00,3s_s,3,0.4153846153846154,19984,4022,0,0.02,0.0003662109375,0.02,2.0,4.0,5.621975840304942,,free,5.385892409063891,,1.998387581376613,-0.08062093116935065,-4.1992964386030724,,0.7753333576073597
boson,small,00,3s_s,4,0.4205128205128205,19984,4022,0,0.02,0.0003662109375,0.02,2.0,4.0,5.523777277997369,,M1,5.328202085003096,,2.0,0.0,-3.5406060590693844,,0.7771825631411234
boson,small,00,3s_s,4,0.4205128205128205,19984,4022,0,0.02,0.0003662109375,0.02,2.0,4.0,5.523777277997369,,M2,5.33539455219415,-29.789091918772545,2.0,0.0,-3.410396841190466,,0.7749468677633536
boson,small,00,3s_s,4,0.4205128205128205,19984,4022,0,0.02,0.0003662109375,0.02,2.0,4.0,5.523777277997369,,free,5.29219055664393,,1.9984014635900107,-0.0799268204994652,-4.192542705802227,,0.7753548927644995
boson,small,00,3s_s,5,0.4256410256410256,19984,4022,0,0.02,0.0003662109375,0.02,2.0,4.0,5.426443901260788,,M1,5.234379380968989,,2.0,0.0,-3.5394177805316285,,0.7771710587118694
boson,small,00,3s_s,5,0.4256410256410256,19984,4022,0,0.02,0.0003662109375,0.02,2.0,4.0,5.426443901260788,,M2,5.241380945497786,-28.998429020711697,2.0,0.0,-3.410391024589854,,0.7749758635781144
boson,small,00,3s_s,5,0.4256410256410256,19984,4022,0,0.02,0.0003662109375,0.02,2.0,4.0,5.426443901260788,,free,5.199327123244603,,1.9984162049345666,-0.079189753271669,-4.185370422117806,,0.7753769782695732
boson,small,00,3s_s,6,0.4307692307692308,19984,4022,0,0.02,0.0003662109375,0.02,2.0,4.0,5.329975710095199,,M1,5.141392632308503,,2.0,0.0,-3.538160172653537,,0.7771584988146101
boson,small,00,3s_s,6,0.4307692307692308,19984,4022,0,0.02,0.0003662109375,0.02,2.0,4.0,5.329975710095199,,M2,5.148203029364948,-28.206669356812405,2.0,0.0,-3.410384786293963,,0.7750057576910322
boson,small,00,3s_s,6,0.4307692307692308,19984,4022,0,0.02,0.0003662109375,0.02,2.0,4.0,5.329975710095199,,free,5.10730107884225,,1.9984318054540984,-0.07840972729508122,-4.177779475264664,,0.7753996247430908
boson,small,00,3s_s,7,0.4358974358974359,19984,4022,0,0.02,0.0003662109375,0.02,2.0,4.0,5.234372704500601,,M1,5.049241671252096,,2.0,0.0,-3.5368332310255046,,0.7771449521407375
boson,small,00,3s_s,7,0.4358974358974359,19984,4022,0,0.02,0.0003662109375,0.02,2.0,4.0,5.234372704500601,,M2,5.055860802610631,-27.414502871437918,2.0,0.0,-3.4103781287198487,,0.7750365505111028
boson,small,00,3s_s,7,0.4358974358974359,19984,4022,0,0.02,0.0003662109375,0.02,2.0,4.0,5.234372704500601,,free,5.016111415348888,,1.9984482652071163,-0.0775867396441865,-4.169769740776164,,0.7754228434265729
boson,small,00,3s_s,8,0.441025641025641,19984,4022,0,0.02,0.0003662109375,0.02,2.0,4.0,5.139634884476995,,M1,4.957926333658321,,2.0,0.0,-3.535436950346027,,0.77713049114656
boson,small,00,3s_s,8,0.441025641025641,19984,4022,0,0.02,0.0003662109375,0.02,2.0,4.0,5.139634884476995,,M2,4.964354264056029,-26.622604508083093,2.0,0.0,-3.41037105476808,,0.7750682424834764
boson,small,00,3s_s,8,0.441025641025641,19984,4022,0,0.02,0.0003662109375,0.02,2.0,4.0,5.139634884476995,,free,4.9257571465640995,,1.9984655842668042,-0.07672078665978965,-4.161341082006831,,0.7754466461825767
boson,small,00,3s_s,9,0.4461538461538462,19984,4022,0,0.02,0.0003662109375,0.02,2.0,4.0,5.0457622500243815,,M1,4.867446459010044,,2.0,0.0,-3.5339713244213145,,0.7771151920574285
boson,small,00,3s_s,9,0.4461538461538462,19984,4022,0,0.02,0.0003662109375,0.02,2.0,4.0,5.0457622500243815,,M2,4.8736834125304975,-25.831634233241143,2.0,0.0,-3.4103635678247146,,0.7751008340900851
boson,small,00,3s_s,9,0.4461538461538462,19984,4022,0,0.02,0.0003662109375,0.02,2.0,4.0,5.0457622500243815,,free,4.836237308129428,,1.9984837627210406,-0.07581186394797212,-4.152493350116537,,0.7754710454955718
boson,small,00,3s_s,10,0.4512820512820513,19984,4022,0,0.02,0.0003662109375,0.02,2.0,4.0,4.95275480114276,,M1,4.77780189041075,,2.0,0.0,-3.532436346165224,,0.777099134870894
boson,small,00,3s_s,10,0.4512820512820513,19984,4022,0,0.02,0.0003662109375,0.02,2.0,4.0,4.95275480114276,,M2,4.783848246873649,-25.0422370603266,2.0,0.0,-3.4103556717594463,,0.7751343258488831
boson,small,00,3s_s,10,0.4512820512820513,19984,4022,0,0.02,0.0003662109375,0.02,2.0,4.0,4.95275480114276,,free,4.747550957483606,,1.998502800672387,-0.07485996638064707,-4.143226384068255,,0.7754960544715235
boson,small,00,3s_s,11,0.4564102564102564,19984,4022,0,0.02,0.0003662109375,0.02,2.0,4.0,4.86061253783213,,M1,4.6889924745809815,,2.0,0.0,-3.5308320075990274,,0.7770824033612329
boson,small,00,3s_s,11,0.4564102564102564,19984,4022,0,0.02,0.0003662109375,0.02,2.0,4.0,4.86061253783213,,M2,4.6948487659371585,-24.25504307190808,2.0,0.0,-3.410347370928335,,0.775168718314335
boson,small,00,3s_s,11,0.4564102564102564,19984,4022,0,0.02,0.0003662109375,0.02,2.0,4.0,4.86061253783213,,free,4.6596971738199615,,1.9985226982381075,-0.07386508809462677,-4.1335400106131015,,0.775521686838694
boson,small,00,3s_s,12,0.46153846153846156,19984,4022,0,0.02,0.0003662109375,0.02,2.0,4.0,4.769335460092489,,M1,4.601018061854835,,2.0,0.0,-3.5291582998523308,,0.7770650850833767
boson,small,00,3s_s,12,0.46153846153846156,19984,4022,0,0.02,0.0003662109375,0.02,2.0,4.0,4.769335460092489,,M2,4.606684968586779,-23.470667442598685,2.0,0.0,-3.4103386701709537,,0.7752040120768144
boson,small,00,3s_s,12,0.46153846153846156,19984,4022,0,0.02,0.0003662109375,0.02,2.0,4.0,4.769335460092489,,free,4.572675058044392,,1.998543455550137,-0.07282722249315476,-4.123434044295216,,0.7755479569475268
boson,small,00,3s_s,13,0.4666666666666667,19984,4022,0,0.02,0.0003662109375,0.02,2.0,4.0,4.678923567923843,,M1,4.513878506176718,,2.0,0.0,-3.527415213161078,,0.77704727137893
boson,small,00,3s_s,13,0.4666666666666667,19984,4022,0,0.02,0.0003662109375,0.02,2.0,4.0,4.678923567923843,,M2,4.5193568537040685,-22.68971045960854,2.0,0.0,-3.4103295748124096,,0.7752402077641036
boson,small,00,3s_s,13,0.4666666666666667,19984,4022,0,0.02,0.0003662109375,0.02,2.0,4.0,4.678923567923843,,free,4.486483732736414,,1.9985650727551216,-0.0717463622439185,-4.1129082874251655,,0.7755748797725733
boson,small,00,3s_s,14,0.4717948717948718,19984,4022,0,0.02,0.0003662109375,0.02,2.0,4.0,4.589376861326189,,M1,4.427573665098071,,2.0,0.0,-3.5256027368683385,,0.7770290573788604
boson,small,00,3s_s,14,0.4717948717948718,19984,4022,0,0.02,0.0003662109375,0.02,2.0,4.0,4.589376861326189,,M2,4.432864420188109,-21.912757543460916,2.0,0.0,-3.410320090663743,,0.7752773060391761
boson,small,00,3s_s,14,0.4717948717948718,19984,4022,0,0.02,0.0003662109375,0.02,2.0,4.0,4.589376861326189,,free,4.4011223421106855,,1.9985875500144128,-0.07062249927936026,-4.101962530074365,,0.7756024709107984
boson,small,00,3s_s,15,0.47692307692307695,19984,4022,0,0.02,0.0003662109375,0.02,2.0,4.0,4.500695340299523,,M1,4.342103399774278,,2.0,0.0,-3.5237208594236957,,0.7770105420112695
boson,small,00,3s_s,15,0.47692307692307695,19984,4022,0,0.02,0.0003662109375,0.02,2.0,4.0,4.500695340299523,,M2,4.347207666957282,-21.14037926813328,2.0,0.0,-3.4103102240203187,,0.7753153076028229
boson,small,00,3s_s,15,0.47692307692307695,19984,4022,0,0.02,0.0003662109375,0.02,2.0,4.0,4.500695340299523,,free,4.31659005198017,,1.9986108875040587,-0.06945562479706568,-4.090596550067771,,0.7756307465848098
boson,small,00,3s_s,16,0.48205128205128206,19984,4022,0,0.02,0.0003662109375,0.02,2.0,4.0,4.412879004843853,,M1,4.25746757496168,,2.0,0.0,-3.521769568383437,,0.7769918280044213
boson,small,00,3s_s,16,0.48205128205128206,19984,4022,0,0.02,0.0003662109375,0.02,2.0,4.0,4.412879004843853,,M2,4.262386592950754,-20.37313137957849,2.0,0.0,-3.4102999816652324,,0.7753542131914704
boson,small,00,3s_s,16,0.48205128205128206,19984,4022,0,0.02,0.0003662109375,0.02,2.0,4.0,4.412879004843853,,free,4.232886049721486,,1.9986350854148327,-0.06824572925836492,-4.078810112962417,,0.775659723641249
boson,small,00,3s_s,17,0.48717948717948717,19984,4022,0,0.02,0.0003662109375,0.02,2.0,4.0,4.325927854959174,,M1,4.17366605901473,,2.0,0.0,-3.519748850408899,,0.776973021893602
boson,small,00,3s_s,17,0.48717948717948717,19984,4022,0,0.02,0.0003662109375,0.02,2.0,4.0,4.325927854959174,,M2,4.178401197130126,-19.611554814327135,2.0,0.0,-3.4102893708670146,,0.7753940235785071
boson,small,00,3s_s,17,0.48717948717948717,19984,4022,0,0.02,0.0003662109375,0.02,2.0,4.0,4.325927854959174,,free,4.150009544241334,,1.9986601439522345,-0.0669928023882771,-4.06660297203455,,0.7756894195528266
boson,small,00,3s_s,18,0.49230769230769234,19984,4022,0,0.02,0.0003662109375,0.02,2.0,4.0,4.2398418906454864,,M1,4.0906987238832135,,2.0,0.0,-3.517658691267067,,0.7769542340264473
boson,small,00,3s_s,18,0.49230769230769234,19984,4022,0,0.02,0.0003662109375,0.02,2.0,4.0,4.2398418906454864,,M2,4.095251478480878,-18.8561757170248,2.0,0.0,-3.410278399381428,,0.7754347395739637
boson,small,00,3s_s,18,0.49230769230769234,19984,4022,0,0.02,0.0003662109375,0.02,2.0,4.0,4.2398418906454864,,free,4.067959765944447,,1.9986860633364936,-0.0656968331753216,-4.053974868267362,,0.7757198524187126
boson,small,00,3s_s,19,0.49743589743589745,19984,4022,0,0.02,0.0003662109375,0.02,2.0,4.0,4.154621111902791,,M1,4.008565445109636,,2.0,0.0,-3.515499075829376,,0.7769355785687305
boson,small,00,3s_s,19,0.49743589743589745,19984,4022,0,0.02,0.0003662109375,0.02,2.0,4.0,4.154621111902791,,M2,4.012937436013815,-18.10750545718634,2.0,0.0,-3.4102670754514453,,0.7754763620245129
boson,small,00,3s_s,19,0.49743589743589745,19984,4022,0,0.02,0.0003662109375,0.02,2.0,4.0,4.154621111902791,,free,3.9867359667034226,,1.9987128438025887,-0.06435780987056328,-4.040925530330197,,0.7757510409652999
boson,small,00,3s_s,20,0.5025641025641026,19984,4022,0,0.02,0.0003662109375,0.02,2.0,4.0,4.070265518731087,,M1,3.9272661018266954,,2.0,0.0,-3.513269988071255,,0.7769171735105679
boson,small,00,3s_s,20,0.5025641025641026,19984,4022,0,0.02,0.0003662109375,0.02,2.0,4.0,4.070265518731087,,M2,3.9314590687663977,-17.366040645206873,2.0,0.0,-3.410255407808449,,0.7755188918137463
boson,small,00,3s_s,20,0.5025641025641026,19984,4022,0,0.02,0.0003662109375,0.02,2.0,4.0,4.070265518731087,,free,3.9063374198299345,,1.9987404856002609,-0.06297571998695739,-4.027454674560338,,0.7757830045473013
boson,small,00,3s_s,21,0.5076923076923077,19984,4022,0,0.02,0.0003662109375,0.02,2.0,4.0,3.9867751111303757,,M1,3.846800576754851,,2.0,0.0,-3.5109714110720835,,0.7768991406721449
boson,small,00,3s_s,21,0.5076923076923077,19984,4022,0,0.02,0.0003662109375,0.02,2.0,4.0,3.9867751111303757,,M2,3.8508163758040985,-16.632263148056133,2.0,0.0,-3.4102434056715203,,0.7755623298617929
boson,small,00,3s_s,21,0.5076923076923077,19984,4022,0,0.02,0.0003662109375,0.02,2.0,4.0,3.9867751111303757,,free,3.826763420047146,,1.9987689889940057,-0.06155055029971601,-4.013562004952453,,0.7758157631482462
boson,small,00,3s_s,22,0.5128205128205128,19984,4022,0,0.02,0.0003662109375,0.02,2.0,4.0,3.904149889100656,,M1,3.767168756200082,,2.0,0.0,-3.50860332701336,,0.7768816057106116
boson,small,00,3s_s,22,0.5128205128205128,19984,4022,0,0.02,0.0003662109375,0.02,2.0,4.0,3.904149889100656,,M2,3.7710093562215734,-15.906640103377157,2.0,0.0,-3.4102310787497037,,0.77560667712615
boson,small,00,3s_s,22,0.5128205128205128,19984,4022,0,0.02,0.0003662109375,0.02,2.0,4.0,3.904149889100656,,free,3.748013283464582,,1.9987983542631202,-0.06008228684398764,-3.9992472131248347,,0.7758493373822112
boson,small,00,3s_s,23,0.517948717948718,19984,4022,0,0.02,0.0003662109375,0.02,2.0,4.0,3.822389852641926,,M1,3.6883705300516927,,2.0,0.0,-3.5061657171783,,0.7768646981255184
boson,small,00,3s_s,23,0.517948717948718,19984,4022,0,0.02,0.0003662109375,0.02,2.0,4.0,3.822389852641926,,M2,3.692038009143873,-15.189623933641167,2.0,0.0,-3.410218437241763,,0.7756519346008567
boson,small,00,3s_s,23,0.517948717948718,19984,4022,0,0.02,0.0003662109375,0.02,2.0,4.0,3.822389852641926,,free,3.6700863475536494,,1.9988285817017,-0.05857091491500155,-3.9845099783060833,,0.7758837484939547
boson,small,00,3s_s,24,0.5230769230769231,19984,4022,0,0.02,0.0003662109375,0.02,2.0,4.0,3.7414950017541897,,M1,3.610405791780216,,2.0,0.0,-3.503658561952183,,0.7768485512659842
boson,small,00,3s_s,24,0.5230769230769231,19984,4022,0,0.02,0.0003662109375,0.02,2.0,4.0,3.7414950017541897,,M2,3.6139023337275678,-14.481652359435905,2.0,0.0,-3.4102054918368374,,0.7756981033173606
boson,small,00,3s_s,24,0.5230769230769231,19984,4022,0,0.02,0.0003662109375,0.02,2.0,4.0,3.7414950017541897,,free,3.5929819711248534,,1.9988596716186429,-0.057016419067856816,-3.9693499673180477,,0.7759190183608063
boson,small,00,3s_s,25,0.5282051282051282,19984,4022,0,0.02,0.0003662109375,0.02,2.0,4.0,3.661465336437445,,M1,3.5332744384355506,,2.0,0.0,-3.5010818408190314,,0.7768333023369202
boson,small,00,3s_s,25,0.5282051282051282,19984,4022,0,0.02,0.0003662109375,0.02,2.0,4.0,3.661465336437445,,M2,3.536602329161766,-13.7831484114614,2.0,0.0,-3.4101922537158047,,0.7757451843444982
boson,small,00,3s_s,25,0.5282051282051282,19984,4022,0,0.02,0.0003662109375,0.02,2.0,4.0,3.661465336437445,,free,3.5166995343072864,,1.998891624337701,-0.055418783114946635,-3.9537668345377197,,0.7759551694936901
boson,small,00,3s_s,26,0.5333333333333333,19984,4022,0,0.02,0.0003662109375,0.02,2.0,4.0,3.5823008566916927,,M1,3.4569763706450347,,2.0,0.0,-3.498435532363331,,0.7768190924046858
boson,small,00,3s_s,26,0.5333333333333333,19984,4022,0,0.02,0.0003662109375,0.02,2.0,4.0,3.5823008566916927,,M2,3.460137994669136,-13.094520442683452,2.0,0.0,-3.4101787345515167,,0.7757931787877634
boson,small,00,3s_s,26,0.5333333333333333,19984,4022,0,0.02,0.0003662109375,0.02,2.0,4.0,3.5823008566916927,,free,3.441238438528476,,1.9989244401974617,-0.05377799012691309,-3.93776022188963,,0.7759922250375023
boson,small,00,3s_s,27,0.5384615384615384,19984,4022,0,0.02,0.0003662109375,0.02,2.0,4.0,3.504001562516932,,M1,3.3815114926117933,,2.0,0.0,-3.4957196142673452,,0.7768060664043857
boson,small,00,3s_s,27,0.5384615384615384,19984,4022,0,0.02,0.0003662109375,0.02,2.0,4.0,3.504001562516932,,M2,3.3845093295068143,-12.416162138960477,2.0,0.0,-3.4101649465100747,,0.7758420877903497
boson,small,00,3s_s,27,0.5384615384615384,19984,4022,0,0.02,0.0003662109375,0.02,2.0,4.0,3.504001562516932,,free,3.3665981064968267,,1.9989581195513912,-0.052094022430437814,-3.9213297588089002,,0.776030208773294
boson,small,00,3s_s,28,0.5435897435897435,19984,4022,0,0.02,0.0003662109375,0.02,2.0,4.0,3.426567453913163,,M1,3.306879712113117,,2.0,0.0,-3.49293406331056,,0.7767943731457703
boson,small,00,3s_s,28,0.5435897435897435,19984,4022,0,0.02,0.0003662109375,0.02,2.0,4.0,3.426567453913163,,M2,3.3097163329672883,-11.748452529437731,2.0,0.0,-3.410150902251463,,0.7758919125327535
boson,small,00,3s_s,28,0.5435897435897435,19984,4022,0,0.02,0.0003662109375,0.02,2.0,4.0,3.426567453913163,,free,3.2927779821849525,,1.9989926627678443,-0.050366861607786806,-3.9044750622207025,,0.7760691451190731
boson,small,00,3s_s,29,0.5487179487179488,19984,4022,0,0.02,0.0003662109375,0.02,2.0,4.0,3.349998530880384,,M1,3.233080940498973,,2.0,0.0,-3.4900788553684725,,0.7767841653201499
boson,small,00,3s_s,29,0.5487179487179488,19984,4022,0,0.02,0.0003662109375,0.02,2.0,4.0,3.349998530880384,,M2,3.2357590043791906,-11.091755995966047,2.0,0.0,-3.4101366149307255,,0.7759426542334971
boson,small,00,3s_s,29,0.5487179487179488,19984,4022,0,0.02,0.0003662109375,0.02,2.0,4.0,3.349998530880384,,free,3.219777530814882,,1.9990280702300924,-0.04859648849537823,-3.8871957365091636,,0.7761090591317611
boson,small,00,3s_s,30,0.5538461538461539,19984,4022,0,0.02,0.0003662109375,0.02,2.0,4.0,3.274294793418599,,M1,3.1601150926906354,,2.0,0.0,-3.487153965411649,,0.7767755995055855
boson,small,00,3s_s,30,0.5538461538461539,19984,4022,0,0.02,0.0003662109375,0.02,2.0,4.0,3.274294793418599,,M2,3.1626373431080315,-10.446422281834582,2.0,0.0,-3.4101220981996305,,0.7759943141481983
boson,small,00,3s_s,30,0.5538461538461539,19984,4022,0,0.02,0.0003662109375,0.02,2.0,4.0,3.274294793418599,,free,3.147596238844694,,1.9990643423363479,-0.046782883182605595,-3.8694913734881764,,0.7761499765075376
boson,small,00,3s_s,31,0.558974358974359,19984,4022,0,0.02,0.0003662109375,0.02,2.0,4.0,3.1994562415278054,,M1,3.0879820871794053,,2.0,0.0,-3.484159367504558,,0.7767688361741276
boson,small,00,3s_s,31,0.558974358974359,19984,4022,0,0.02,0.0003662109375,0.02,2.0,4.0,3.1994562415278054,,M2,3.0903513485569185,-9.812786500040206,2.0,0.0,-3.410107366206294,,0.7760468935707712
boson,small,00,3s_s,31,0.558974358974359,19984,4022,0,0.02,0.0003662109375,0.02,2.0,4.0,3.1994562415278054,,free,3.0762336139564193,,1.9991014794997735,-0.04492602501132703,-3.851361552378818,,0.7761919235843845
boson,small,00,3s_s,32,0.5641025641025641,19984,4022,0,0.02,0.0003662109375,0.02,2.0,4.0,3.1254828752080037,,M1,3.0166818460254916,,2.0,0.0,-3.481095034803905,,0.7767640396969167
boson,small,00,3s_s,32,0.5641025641025641,19984,4022,0,0.02,0.0003662109375,0.02,2.0,4.0,3.1254828752080037,,M2,3.018901020167143,-9.191169140354203,2.0,0.0,-3.4100924335977223,,0.7761003938326881
boson,small,00,3s_s,32,0.5641025641025641,19984,4022,0,0.02,0.0003662109375,0.02,2.0,4.0,3.1254828752080037,,free,3.005689185046062,,1.9991394821485267,-0.04302589257366707,-3.8328058397686604,,0.7762349273426954
boson,small,00,3s_s,33,0.5692307692307692,19984,4022,0,0.02,0.0003662109375,0.02,2.0,4.0,3.0523746944591936,,M1,2.9462142948569667,,2.0,0.0,-3.477960939557456,,0.7767613783506349
boson,small,00,3s_s,33,0.5692307692307692,19984,4022,0,0.02,0.0003662109375,0.02,2.0,4.0,3.0523746944591936,,M2,2.948286357418777,-8.581876076127148,2.0,0.0,-3.4100773155196884,,0.776154816303696
boson,small,00,3s_s,33,0.5692307692307692,19984,4022,0,0.02,0.0003662109375,0.02,2.0,4.0,3.0523746944591936,,free,2.9359625022145814,,1.999178350725772,-0.0410824637113949,-3.813823789586801,,0.7762790154074213
boson,small,00,3s_s,34,0.5743589743589743,19984,4022,0,0.02,0.0003662109375,0.02,2.0,4.0,2.9801316992813756,,M1,2.8765793628688496,,2.0,0.0,-3.474757053102595,,0.7767610243231763
boson,small,00,3s_s,34,0.5743589743589743,19984,4022,0,0.02,0.0003662109375,0.02,2.0,4.0,2.9801316992813756,,M2,2.8785073598311226,-7.985198569930842,2.0,0.0,-3.4100620276197313,,0.7762101623920016
boson,small,00,3s_s,34,0.5743589743589743,19984,4022,0,0.02,0.0003662109375,0.02,2.0,4.0,2.9801316992813756,,free,2.8670531158504393,,1.9992180839619778,-0.03909580190111228,-3.7944156447248245,,0.776324216049695
boson,small,00,3s_s,35,0.5794871794871795,19984,4022,0,0.02,0.0003662109375,0.02,2.0,4.0,2.908753889674548,,M1,2.8077769828222734,,2.0,0.0,-3.471483345865767,,0.776763153718301
boson,small,00,3s_s,35,0.5794871794871795,19984,4022,0,0.02,0.0003662109375,0.02,2.0,4.0,2.908753889674548,,M2,2.8095640269632036,-7.40141327906426,2.0,0.0,-3.4100465860466,,0.7762664335435865
boson,small,00,3s_s,35,0.5794871794871795,19984,4022,0,0.02,0.0003662109375,0.02,2.0,4.0,2.908753889674548,,free,2.7989606667738864,,1.9992586863064143,-0.03706568467928273,-3.7745793238267433,,0.7763705581876481
boson,small,00,3s_s,36,0.5846153846153846,19984,4022,0,0.02,0.0003662109375,0.02,2.0,4.0,2.838241265638714,,M1,2.7398070910438483,,2.0,0.0,-3.468139787359281,,0.7767679465615828
boson,small,00,3s_s,36,0.5846153846153846,19984,4022,0,0.02,0.0003662109375,0.02,2.0,4.0,2.838241265638714,,M2,2.741456358414107,-6.830782259583605,2.0,0.0,-3.410031007453007,,0.776323631243161
boson,small,00,3s_s,36,0.5846153846153846,19984,4022,0,0.02,0.0003662109375,0.02,2.0,4.0,2.838241265638714,,free,2.731684749137664,,1.9993001566859192,-0.034992165704039735,-3.754314962264882,,0.7764180713889047
boson,small,00,3s_s,37,0.5897435897435898,19984,4022,0,0.02,0.0003662109375,0.02,2.0,4.0,2.7685938271738713,,M1,2.672669627425026,,2.0,0.0,-3.4647263461814015,,0.7767755868051786
boson,small,00,3s_s,37,0.5897435897435898,19984,4022,0,0.02,0.0003662109375,0.02,2.0,4.0,2.7685938271738713,,M2,2.674184353823334,-6.273552970409062,2.0,0.0,-3.4100153089956398,,0.7763817570141199
boson,small,00,3s_s,37,0.5897435897435898,19984,4022,0,0.02,0.0003662109375,0.02,2.0,4.0,2.7685938271738713,,free,2.665224963531827,,1.9993424926553518,-0.032875367232410024,-3.733623279351206,,0.7764667858721199
boson,small,00,3s_s,38,0.5948717948717949,19984,4022,0,0.02,0.0003662109375,0.02,2.0,4.0,2.699811574280021,,M1,2.606364535421676,,2.0,0.0,-3.4612429900136688,,0.7767862623325216
boson,small,00,3s_s,38,0.5948717948717949,19984,4022,0,0.02,0.0003662109375,0.02,2.0,4.0,2.699811574280021,,M2,2.6077480128710264,-5.729958276004013,2.0,0.0,-3.4099995083377466,,0.7764408124188182
boson,small,00,3s_s,38,0.5948717948717949,19984,4022,0,0.02,0.0003662109375,0.02,2.0,4.0,2.699811574280021,,free,2.5995810163436173,,1.9993856991046675,-0.03071504476662712,-3.712501972036064,,0.776516732508851
boson,small,00,3s_s,39,0.6,19984,4022,0,0.02,0.0003662109375,0.02,2.0,4.0,2.6318945069571624,,M1,2.540891762053707,,2.0,0.0,-3.4576896856199357,,0.7768001649622603
boson,small,00,3s_s,39,0.6,19984,4022,0,0.02,0.0003662109375,0.02,2.0,4.0,2.6318945069571624,,M2,2.5421473352781656,-5.200216448771746,2.0,0.0,-3.4099836236505143,,0.7765007990583883
boson,small,00,3s_s,39,0.6,19984,4022,0,0.02,0.0003662109375,0.02,2.0,4.0,2.6318945069571624,,free,2.5347525488683305,,1.9994297734036581,-0.02851132981709359,-3.6909518155855636,,0.7765679428250603
boson,small,00,ss,-1,0.5,19984,4022,0,0.02,0.0003662109375,0.02,2.0,4.0,0.8224670334241132,,M1,0.7810253203587555,,2.0,0.0,-5.038708103937816,,1.0434897826405616
boson,small,00,ss,-1,0.5,19984,4022,0,0.02,0.0003662109375,0.02,2.0,4.0,0.8224670334241132,,M2,0.7811516774545925,-0.5233340719532074,2.0,0.0,-5.023344923323636,,1.0434659000783122
boson,small,00,ss,-1,0.5,19984,4022,0,0.02,0.0003662109375,0.02,2.0,4.0,0.8224670334241132,,free,0.7804816662866951,,1.9998358628979465,-0.008206855102677046,-5.104808512825576,,1.043475467420696
boson,small,00,ss,0,0.4,19984,4022,0,0.02,0.0003662109375,0.02,2.0,4.0,1.184352528130723,,M1,1.1246033052484024,,2.0,0.0,-5.044884986788823,,1.0434677483458163
boson,small,00,ss,0,0.4,19984,4022,0,0.02,0.0003662109375,0.02,2.0,4.0,1.184352528130723,,M2,1.1248583319987961,-1.0562460846101498,2.0,0.0,-5.0233519766135215,,1.043420823959097
boson,small,00,ss,0,0.4,19984,4022,0,0.02,0.0003662109375,0.02,2.0,4.0,1.184352528130723,,free,1.1234481951695512,,1.9997577606044779,-0.0121119697761074,-5.142415920477483,,1.0434365653799218
boson,small,00,ss,1,0.40512820512820513,19984,4022,0,0.02,0.0003662109375,0.02,2.0,4.0,1.1641937043266133,,M1,1.1054636542570457,,2.0,0.0,-5.044697446078173,,1.0434685414011684
boson,small,00,ss,1,0.40512820512820513,19984,4022,0,0.02,0.0003662109375,0.02,2.0,4.0,1.1641937043266133,,M2,1.1057121595280628,-1.029236027638468,2.0,0.0,-5.023351748184989,,1.0434224300746282
boson,small,00,ss,1,0.40512820512820513,19984,4022,0,0.02,0.0003662109375,0.02,2.0,4.0,1.1641937043266133,,free,1.1043393164606639,,1.9997601327847654,-0.011993360761730631,-5.141273968713833,,1.0434379660249478
boson,small,00,ss,2,0.41025641025641024,19984,4022,0,0.02,0.0003662109375,0.02,2.0,4.0,1.144207917636702,,M1,1.0864883957264868,,2.0,0.0,-5.044495936493043,,1.0434693579968606
boson,small,00,ss,2,0.41025641025641024,19984,4022,0,0.02,0.0003662109375,0.02,2.0,4.0,1.144207917636702,,M2,1.0867303319889052,-1.0020291185533763,2.0,0.0,-5.023351504725948,,1.0434241123738377
boson,small,00,ss,2,0.41025641025641024,19984,4022,0,0.02,0.0003662109375,0.02,2.0,4.0,1.144207917636702,,free,1.085395084394641,,1.9997626796328658,-0.011866018356709862,-5.140047742680864,,1.0434394288059978
boson,small,00,ss,3,0.4153846153846154,19984,4022,0,0.02,0.0003662109375,0.02,2.0,4.0,1.1243951680609885,,M1,1.0676775223278383,,2.0,0.0,-5.044280457995864,,1.0434701998509381
boson,small,00,ss,3,0.4153846153846154,19984,4022,0,0.02,0.0003662109375,0.02,2.0,4.0,1.1243951680609885,,M2,1.0679128493733363,-0.97465567837915,2.0,0.0,-5.023351246257624,,1.0434258708680222
boson,small,00,ss,3,0.4153846153846154,19984,4022,0,0.02,0.0003662109375,0.02,2.0,4.0,1.1243951680609885,,free,1.066615467957653,,1.9997654041034654,-0.011729794826731421,-5.138736072921435,,1.0434409540054328
boson,small,00,ss,4,0.4205128205128205,19984,4022,0,0.02,0.0003662109375,0.02,2.0,4.0,1.104755455599474,,M1,1.0490310268776215,,2.0,0.0,-5.044051010512074,,1.0434710687990485
boson,small,00,ss,4,0.4205128205128205,19984,4022,0,0.02,0.0003662109375,0.02,2.0,4.0,1.104755455599474,,M2,1.0492597116733442,-0.947145425799885,2.0,0.0,-5.023350972819252,,1.0434277055680032
boson,small,00,ss,4,0.4205128205128205,19984,4022,0,0.02,0.0003662109375,0.02,2.0,4.0,1.104755455599474,,free,1.0480004199332527,,1.9997683054592972,-0.011584727035141018,-5.137339252642514,,1.043442541923854
boson,small,00,ss,5,0.4256410256410256,19984,4022,0,0.02,0.0003662109375,0.02,2.0,4.0,1.0852887802521578,,M1,1.0305489023377448,,2.0,0.0,-5.0438075939285625,,1.04347196679691
boson,small,00,ss,5,0.4256410256410256,19984,4022,0,0.02,0.0003662109375,0.02,2.0,4.0,1.0852887802521578,,M2,1.0307709188808367,-0.9195274770097163,2.0,0.0,-5.023350684474437,,1.0434296164866264
boson,small,00,ss,5,0.4256410256410256,19984,4022,0,0.02,0.0003662109375,0.02,2.0,4.0,1.0852887802521578,,free,1.0295498945073558,,1.9997713829741657,-0.01143085129171606,-5.13585754861039,,1.0434441928825942
boson,small,00,ss,6,0.4307692307692308,19984,4022,0,0.02,0.0003662109375,0.02,2.0,4.0,1.0659951420190399,,M1,1.0122311418154517,,2.0,0.0,-5.043550208095404,,1.0434728959196646
boson,small,00,ss,6,0.4307692307692308,19984,4022,0,0.02,0.0003662109375,0.02,2.0,4.0,1.0659951420190399,,M2,1.0124464709877163,-0.8918303462503062,2.0,0.0,-5.023350381306624,,1.0434316036380777
boson,small,00,ss,6,0.4307692307692308,19984,4022,0,0.02,0.0003662109375,0.02,2.0,4.0,1.0659951420190399,,free,1.01126385659701,,1.999774638289821,-0.011268085508953085,-5.134290323159119,,1.0434459072230347
boson,small,00,ss,7,0.4358974358974359,19984,4022,0,0.02,0.0003662109375,0.02,2.0,4.0,1.0468745409001203,,M1,0.9940777385633132,,2.0,0.0,-5.043278852823341,,1.0434738583595589
boson,small,00,ss,7,0.4358974358974359,19984,4022,0,0.02,0.0003662109375,0.02,2.0,4.0,1.0468745409001203,,M2,0.9942863679859039,-0.8640819459356197,2.0,0.0,-5.023350063418319,,1.043433667035557
boson,small,00,ss,7,0.4358974358974359,19984,4022,0,0.02,0.0003662109375,0.02,2.0,4.0,1.0468745409001203,,free,0.9931422533609612,,1.9997780686234987,-0.011096568825064157,-5.13263867253465,,1.0434476853042916
boson,small,00,ss,8,0.441025641025641,19984,4022,0,0.02,0.0003662109375,0.02,2.0,4.0,1.0279269768953991,,M1,0.9760886859791632,,2.0,0.0,-5.042993527886653,,1.0434748564300937
boson,small,00,ss,8,0.441025641025641,19984,4022,0,0.02,0.0003662109375,0.02,2.0,4.0,1.0279269768953991,,M2,0.9762906098673002,-0.8363095867574453,2.0,0.0,-5.023349730936522,,1.0434358066954346
boson,small,00,ss,8,0.441025641025641,19984,4022,0,0.02,0.0003662109375,0.02,2.0,4.0,1.0279269768953991,,free,0.9751850536508108,,1.999781676065723,-0.010916196713850468,-5.130901749838534,,1.0434495275073545
boson,small,00,ss,9,0.4461538461538462,19984,4022,0,0.02,0.0003662109375,0.02,2.0,4.0,1.0091524500048765,,M1,0.9582639776060865,,2.0,0.0,-5.042694233021394,,1.0434758925618988
boson,small,00,ss,9,0.4461538461538462,19984,4022,0,0.02,0.0003662109375,0.02,2.0,4.0,1.0091524500048765,,M2,0.9584591966238848,-0.8085399781479524,2.0,0.0,-5.023349384005038,,1.0434380226330748
boson,small,00,ss,9,0.4461538461538462,19984,4022,0,0.02,0.0003662109375,0.02,2.0,4.0,1.0091524500048765,,free,0.9573922172060344,,1.9997854604525012,-0.010726977374941882,-5.129079634954259,,1.0434514342309387
boson,small,00,ss,10,0.4512820512820513,19984,4022,0,0.02,0.0003662109375,0.02,2.0,4.0,0.990550960228552,,M1,0.9406036071323834,,2.0,0.0,-5.042380967925586,,1.0434769693056531
boson,small,00,ss,10,0.4512820512820513,19984,4022,0,0.02,0.0003662109375,0.02,2.0,4.0,0.990550960228552,,M2,0.9407921282476572,-0.7807992281855476,2.0,0.0,-5.023349022791701,,1.0434403148657798
boson,small,00,ss,10,0.4512820512820513,19984,4022,0,0.02,0.0003662109375,0.02,2.0,4.0,0.990550960228552,,free,0.9397637049910419,,1.999789421615567,-0.010528919221652888,-5.127172379479794,,1.0434534058944074
boson,small,00,ss,11,0.4564102564102564,19984,4022,0,0.02,0.0003662109375,0.02,2.0,4.0,0.972122507566426,,M1,0.9231075683915412,,2.0,0.0,-5.042053732259211,,1.0434780893305167
boson,small,00,ss,11,0.4564102564102564,19984,4022,0,0.02,0.0003662109375,0.02,2.0,4.0,0.972122507566426,,M2,0.9232894047307061,-0.7531128439898631,2.0,0.0,-5.023348647483417,,1.043442683411176
boson,small,00,ss,11,0.4564102564102564,19984,4022,0,0.02,0.0003662109375,0.02,2.0,4.0,0.972122507566426,,free,0.9222994775216103,,1.999793559035186,-0.010322048240696269,-5.125180176060395,,1.0434554429361798
boson,small,00,ss,12,0.46153846153846156,19984,4022,0,0.02,0.0003662109375,0.02,2.0,4.0,0.9538670920184981,,M1,0.905775855362198,,2.0,0.0,-5.041712525644771,,1.0434792554253143
boson,small,00,ss,12,0.46153846153846156,19984,4022,0,0.02,0.0003662109375,0.02,2.0,4.0,0.9538670920184981,,M2,0.9059510260651826,-0.7255057317717482,2.0,0.0,-5.023348258290284,,1.043445128288394
boson,small,00,ss,12,0.46153846153846156,19984,4022,0,0.02,0.0003662109375,0.02,2.0,4.0,0.9538670920184981,,free,0.9049995006680335,,1.9997978734012891,-0.010106329935544167,-5.1231027634106585,,1.0434575458148971
boson,small,00,ss,13,0.4666666666666667,19984,4022,0,0.02,0.0003662109375,0.02,2.0,4.0,0.9357847135847688,,M1,0.8886084621681181,,2.0,0.0,-5.0413573476670415,,1.0434804704974165
boson,small,00,ss,13,0.4666666666666667,19984,4022,0,0.02,0.0003662109375,0.02,2.0,4.0,0.9357847135847688,,M2,0.888776992243373,-0.6980021972299177,2.0,0.0,-5.023347855439986,,1.0434476495169103
boson,small,00,ss,13,0.4666666666666667,19984,4022,0,0.02,0.0003662109375,0.02,2.0,4.0,0.9357847135847688,,free,0.8878637373525402,,1.9998023643373544,-0.009881783132281718,-5.120940269333396,,1.0434597150082896
boson,small,00,ss,14,0.4717948717948718,19984,4022,0,0.02,0.0003662109375,0.02,2.0,4.0,0.9178753722652379,,M1,0.8716053830781634,,2.0,0.0,-5.040988197873109,,1.0434817375741092
boson,small,00,ss,14,0.4717948717948718,19984,4022,0,0.02,0.0003662109375,0.02,2.0,4.0,0.9178753722652379,,M2,0.8717673032576524,-0.6706259454765748,2.0,0.0,-5.0233474391838895,,1.0434502471179066
boson,small,00,ss,14,0.4717948717948718,19984,4022,0,0.02,0.0003662109375,0.02,2.0,4.0,0.9178753722652379,,free,0.8708921532025082,,1.9998070320051204,-0.009648399743977798,-5.118692633268839,,1.043461951014526
boson,small,00,ss,15,0.47692307692307695,19984,4022,0,0.02,0.0003662109375,0.02,2.0,4.0,0.9001390680599048,,M1,0.8547666125062764,,2.0,0.0,-5.040605075771342,,1.0434830598005953
boson,small,00,ss,15,0.47692307692307695,19984,4022,0,0.02,0.0003662109375,0.02,2.0,4.0,0.9001390680599048,,M2,0.8549219591005363,-0.643400081329132,2.0,0.0,-5.02334700979331,,1.0434529211122454
boson,small,00,ss,15,0.47692307692307695,19984,4022,0,0.02,0.0003662109375,0.02,2.0,4.0,0.9001390680599048,,free,0.8540847169877419,,1.9998118771841524,-0.009406140792378448,-5.116359538912718,,1.0434642543501929
boson,small,00,ss,16,0.48205128205128206,19984,4022,0,0.02,0.0003662109375,0.02,2.0,4.0,0.8825758009687708,,M1,0.8380921450114412,,2.0,0.0,-5.040207980833089,,1.043484440441835
boson,small,00,ss,16,0.48205128205128206,19984,4022,0,0.02,0.0003662109375,0.02,2.0,4.0,0.8825758009687708,,M2,0.8382409597646855,-0.6163471094849323,2.0,0.0,-5.023346567560605,,1.0434556715222798
boson,small,00,ss,16,0.48205128205128206,19984,4022,0,0.02,0.0003662109375,0.02,2.0,4.0,0.8825758009687708,,free,0.8374413896597809,,1.999816898219966,-0.009155089001700034,-5.113941630786556,,1.0434666255521172
boson,small,00,ss,17,0.48717948717948717,19984,4022,0,0.02,0.0003662109375,0.02,2.0,4.0,0.8651855709918348,,M1,0.8215819752976631,,2.0,0.0,-5.0397969124918784,,1.043485882882939
boson,small,00,ss,17,0.48717948717948717,19984,4022,0,0.02,0.0003662109375,0.02,2.0,4.0,0.8651855709918348,,M2,0.8217243052429207,-0.5894889346668084,2.0,0.0,-5.023346112798754,,1.043458498372211
boson,small,00,ss,17,0.48717948717948717,19984,4022,0,0.02,0.0003662109375,0.02,2.0,4.0,0.8651855709918348,,free,0.8209621420287951,,1.9998220959600979,-0.008895201995107183,-5.111438568299587,,1.0434690651777279
boson,small,00,ss,18,0.49230769230769234,19984,4022,0,0.02,0.0003662109375,0.02,2.0,4.0,0.8479683781290974,,M1,0.8052360982139571,,2.0,0.0,-5.039371870142373,,1.0434873906259503
boson,small,00,ss,18,0.49230769230769234,19984,4022,0,0.02,0.0003662109375,0.02,2.0,4.0,0.8479683781290974,,M2,0.8053719955282352,-0.5628468617254464,2.0,0.0,-5.023345645841659,,1.0434614016848518
boson,small,00,ss,18,0.49230769230769234,19984,4022,0,0.02,0.0003662109375,0.02,2.0,4.0,0.8479683781290974,,free,0.8046469427560822,,1.999827470414148,-0.008626479292594968,-5.108850340456906,,1.0434715738018252
boson,small,00,ss,19,0.49743589743589745,19984,4022,0,0.02,0.0003662109375,0.02,2.0,4.0,0.8309242223805584,,M1,0.789054508754304,,2.0,0.0,-5.038932853142686,,1.04348896729474
boson,small,00,ss,19,0.49743589743589745,19984,4022,0,0.02,0.0003662109375,0.02,2.0,4.0,0.8309242223805584,,M2,0.7891840306137996,-0.5364415958410365,2.0,0.0,-5.023345167044857,,1.0434643814864841
boson,small,00,ss,19,0.49743589743589745,19984,4022,0,0.02,0.0003662109375,0.02,2.0,4.0,0.8309242223805584,,free,0.788495759497178,,1.9998330210275883,-0.008348948620584551,-5.106177162801306,,1.043474152021438
boson,small,00,ss,20,0.5025641025641026,19984,4022,0,0.02,0.0003662109375,0.02,2.0,4.0,0.8140531037462176,,M1,0.7730372020576494,,2.0,0.0,-5.038479860812006,,1.0434906166305713
boson,small,00,ss,20,0.5025641025641026,19984,4022,0,0.02,0.0003662109375,0.02,2.0,4.0,0.8140531037462176,,M2,0.7731604104929847,-0.5102932426218996,2.0,0.0,-5.0233446767842915,,1.0434674378023856
boson,small,00,ss,20,0.5025641025641026,19984,4022,0,0.02,0.0003662109375,0.02,2.0,4.0,0.8140531037462176,,free,0.7725085683347295,,1.9998387495055565,-0.008062524722174391,-5.103418342157662,,1.043476800451368
boson,small,00,ss,21,0.5076923076923077,19984,4022,0,0.02,0.0003662109375,0.02,2.0,4.0,0.7973550222260752,,M1,0.7571841734078659,,2.0,0.0,-5.038012892432708,,1.043492342495239
boson,small,00,ss,21,0.5076923076923077,19984,4022,0,0.02,0.0003662109375,0.02,2.0,4.0,0.7973550222260752,,M2,0.757301135159369,-0.48442130828826324,2.0,0.0,-5.023344175456845,,1.0434705706599312
boson,small,00,ss,21,0.5076923076923077,19984,4022,0,0.02,0.0003662109375,0.02,2.0,4.0,0.7973550222260752,,free,0.7566853326459576,,1.9998446534412364,-0.00776732793817958,-5.100574831343629,,1.0434795197272952
boson,small,00,ss,22,0.5128205128205128,19984,4022,0,0.02,0.0003662109375,0.02,2.0,4.0,0.7808299778201313,,M1,0.7414954182337509,,2.0,0.0,-5.037531947248242,,1.0434941488685756
boson,small,00,ss,22,0.5128205128205128,19984,4022,0,0.02,0.0003662109375,0.02,2.0,4.0,0.7808299778201313,,M2,0.7416062046067479,-0.45884469972500647,2.0,0.0,-5.023343663480462,,1.0434737800860774
boson,small,00,ss,22,0.5128205128205128,19984,4022,0,0.02,0.0003662109375,0.02,2.0,4.0,0.7808299778201313,,free,0.7410260316506001,,1.999850735058198,-0.007463247090100378,-5.097645748777879,,1.043482310503261
boson,small,00,ss,23,0.517948717948718,19984,4022,0,0.02,0.0003662109375,0.02,2.0,4.0,0.7644779705283854,,M1,0.7259709321089932,,2.0,0.0,-5.037037024464841,,1.0434960398518365
boson,small,00,ss,23,0.517948717948718,19984,4022,0,0.02,0.0003662109375,0.02,2.0,4.0,0.7644779705283854,,M2,0.7260756188291452,-0.43358172466398776,2.0,0.0,-5.023343141293868,,1.0434770661106865
boson,small,00,ss,23,0.517948717948718,19984,4022,0,0.02,0.0003662109375,0.02,2.0,4.0,0.7644779705283854,,free,0.7255306349883354,,1.999856993261809,-0.007150336909544919,-5.094631505618241,,1.0434851734550148
boson,small,00,ss,24,0.5230769230769231,19984,4022,0,0.02,0.0003662109375,0.02,2.0,4.0,0.7482990003508381,,M1,0.7106107107521666,,2.0,0.0,-5.036528123250383,,1.0434980196637846
boson,small,00,ss,24,0.5230769230769231,19984,4022,0,0.02,0.0003662109375,0.02,2.0,4.0,0.7482990003508381,,M2,0.7107093778208243,-0.4086500917607274,2.0,0.0,-5.023342609356685,,1.0434804287625823
boson,small,00,ss,24,0.5230769230769231,19984,4022,0,0.02,0.0003662109375,0.02,2.0,4.0,0.7482990003508381,,free,0.7101991166792702,,1.9998634280804533,-0.006828595977337315,-5.091532081922456,,1.0434881092760704
boson,small,00,ss,25,0.5282051282051282,19984,4022,0,0.02,0.0003662109375,0.02,2.0,4.0,0.7322930672874891,,M1,0.6954147500267013,,2.0,0.0,-5.0360052427356745,,1.0435000926434292
boson,small,00,ss,25,0.5282051282051282,19984,4022,0,0.02,0.0003662109375,0.02,2.0,4.0,0.7322930672874891,,M2,0.69550748157629,-0.3840669107133229,2.0,0.0,-5.023342068150082,,1.0434838680722467
boson,small,00,ss,25,0.5282051282051282,19984,4022,0,0.02,0.0003662109375,0.02,2.0,4.0,0.7322930672874891,,free,0.6950314524955488,,1.9998700398737794,-0.006498006311028703,-5.088347337489118,,1.0434911186804074
boson,small,00,ss,26,0.5333333333333333,19984,4022,0,0.02,0.0003662109375,0.02,2.0,4.0,0.7164601713383386,,M1,0.680383045940882,,2.0,0.0,-5.035468382012787,,1.0435022632488244
boson,small,00,ss,26,0.5333333333333333,19984,4022,0,0.02,0.0003662109375,0.02,2.0,4.0,0.7164601713383386,,M2,0.6804699300903023,-0.35984869233657196,2.0,0.0,-5.023341518176361,,1.0434873840705698
boson,small,00,ss,26,0.5333333333333333,19984,4022,0,0.02,0.0003662109375,0.02,2.0,4.0,0.7164601713383386,,free,0.6800276176561707,,1.999876828483175,-0.006158575841253011,-5.08507732036414,,1.0434942024012392
boson,small,00,ss,27,0.5384615384615384,19984,4022,0,0.02,0.0003662109375,0.02,2.0,4.0,0.7008003125033865,,M1,0.6655155946478277,,2.0,0.0,-5.034917540135697,,1.0435045360594948
boson,small,00,ss,27,0.5384615384615384,19984,4022,0,0.02,0.0003662109375,0.02,2.0,4.0,0.7008003125033865,,M2,0.6655967233578872,-0.3360113486821154,2.0,0.0,-5.023340959958422,,1.0434909767912306
boson,small,00,ss,27,0.5384615384615384,19984,4022,0,0.02,0.0003662109375,0.02,2.0,4.0,0.7008003125033865,,free,0.6651875887301496,,1.9998837939180634,-0.005810304096831587,-5.081722016650037,,1.043497361193399
boson,small,00,ss,28,0.5435897435897435,19984,4022,0,0.02,0.0003662109375,0.02,2.0,4.0,0.6853134907826327,,M1,0.6508123924454743,,2.0,0.0,-5.034352716120905,,1.0435069157717123
boson,small,00,ss,28,0.5435897435897435,19984,4022,0,0.02,0.0003662109375,0.02,2.0,4.0,0.6853134907826327,,M2,0.6508878613743506,-0.31257019317521306,2.0,0.0,-5.023340394038911,,1.0434946462659227
boson,small,00,ss,28,0.5435897435897435,19984,4022,0,0.02,0.0003662109375,0.02,2.0,4.0,0.6853134907826327,,free,0.6505113435557693,,1.9998909363486945,-0.005453182565273718,-5.078281355167702,,1.0435005958285755
boson,small,00,ss,29,0.5487179487179488,19984,4022,0,0.02,0.0003662109375,0.02,2.0,4.0,0.669999706176077,,M1,0.6362734357765593,,2.0,0.0,-5.033773908947714,,1.0435094072038893
boson,small,00,ss,29,0.5487179487179488,19984,4022,0,0.02,0.0003662109375,0.02,2.0,4.0,0.669999706176077,,M2,0.6363433441352659,-0.28953994061948596,2.0,0.0,-5.023339820982853,,1.043498392529701
boson,small,00,ss,29,0.5487179487179488,19984,4022,0,0.02,0.0003662109375,0.02,2.0,4.0,0.669999706176077,,free,0.6359988608511826,,1.9998982559098082,-0.005087204509590659,-5.074755259065567,,1.043503907100674
boson,small,00,ss,30,0.5538461538461539,19984,4022,0,0.02,0.0003662109375,0.02,2.0,4.0,0.6548589586837199,,M1,0.6218987212286246,,2.0,0.0,-5.033181117556385,,1.0435120152929436
boson,small,00,ss,30,0.5538461538461539,19984,4022,0,0.02,0.0003662109375,0.02,2.0,4.0,0.6548589586837199,,M2,0.6219631716364873,-0.26693470724739327,2.0,0.0,-5.023339241377078,,1.0435022156173013
boson,small,00,ss,30,0.5538461538461539,19984,4022,0,0.02,0.0003662109375,0.02,2.0,4.0,0.6548589586837199,,free,0.6216501178845302,,1.9999057519115702,-0.0047124044214919,-5.071144001135785,,1.0435072958221365
boson,small,00,ss,31,0.558974358974359,19984,4022,0,0.02,0.0003662109375,0.02,2.0,4.0,0.6398912483055612,,M1,0.6076882455339935,,2.0,0.0,-5.032574340849583,,1.0435147450952134
boson,small,00,ss,31,0.558974358974359,19984,4022,0,0.02,0.0003662109375,0.02,2.0,4.0,0.6398912483055612,,M2,0.6077473438741681,-0.24476801088528793,2.0,0.0,-5.023338655827936,,1.0435061155639953
boson,small,00,ss,31,0.558974358974359,19984,4022,0,0.02,0.0003662109375,0.02,2.0,4.0,0.6398912483055612,,free,0.6074650959584751,,1.9999134248101011,-0.004328759494942602,-5.067447387810187,,1.0435107628248195
boson,small,00,ss,32,0.5641025641025641,19984,4022,0,0.02,0.0003662109375,0.02,2.0,4.0,0.6250965750416009,,M1,0.5936420055697683,,2.0,0.0,-5.03195357769145,,1.0435176017883756
boson,small,00,ss,32,0.5641025641025641,19984,4022,0,0.02,0.0003662109375,0.02,2.0,4.0,0.6250965750416009,,M2,0.5936958608447588,-0.22305277096087806,2.0,0.0,-5.023338064962579,,1.0435100924074543
boson,small,00,ss,32,0.5641025641025641,19984,4022,0,0.02,0.0003662109375,0.02,2.0,4.0,0.6250965750416009,,free,0.5934437760494282,,1.9999212746239492,-0.003936268802540166,-5.063665400832839,,1.0435143089618655
boson,small,00,ss,33,0.5692307692307692,19984,4022,0,0.02,0.0003662109375,0.02,2.0,4.0,0.6104749388918388,,M1,0.5797599983578117,,2.0,0.0,-5.031318826909137,,1.0435205906688592
boson,small,00,ss,33,0.5692307692307692,19984,4022,0,0.02,0.0003662109375,0.02,2.0,4.0,0.6104749388918388,,M2,0.5798087225449982,-0.20180130853779182,2.0,0.0,-5.023337469431144,,1.0435141461851136
boson,small,00,ss,33,0.5692307692307692,19984,4022,0,0.02,0.0003662109375,0.02,2.0,4.0,0.6104749388918388,,free,0.5795861400124717,,1.9999293013723034,-0.0035349313848298536,-5.059798021428663,,1.0435179351050752
boson,small,00,ss,34,0.5743589743589743,19984,4022,0,0.02,0.0003662109375,0.02,2.0,4.0,0.5960263398562753,,M1,0.5660422210647498,,2.0,0.0,-5.030670087291078,,1.0435237171523586
boson,small,00,ss,34,0.5743589743589743,19984,4022,0,0.02,0.0003662109375,0.02,2.0,4.0,0.5960263398562753,,M2,0.5660859289719399,-0.18102534641858883,2.0,0.0,-5.023336869903295,,1.043518276934622
boson,small,00,ss,34,0.5743589743589743,19984,4022,0,0.02,0.0003662109375,0.02,2.0,4.0,0.5960263398562753,,free,0.5658921695781154,,1.9999375046457173,-0.0031247677141355013,-5.055845398615499,,1.043521642145374
boson,small,00,ss,35,0.5794871794871795,19984,4022,0,0.02,0.0003662109375,0.02,2.0,4.0,0.5817507779349097,,M1,0.5524886710019599,,2.0,0.0,-5.0300073575877295,,1.0435269867773813
boson,small,00,ss,35,0.5794871794871795,19984,4022,0,0.02,0.0003662109375,0.02,2.0,4.0,0.5817507779349097,,M2,0.5525274801229388,-0.1607360091362301,2.0,0.0,-5.02333626707081,,1.0435224846973359
boson,small,00,ss,35,0.5794871794871795,19984,4022,0,0.02,0.0003662109375,0.02,2.0,4.0,0.5817507779349097,,free,0.5523618513682521,,1.9999458857524979,-0.002705712375106195,-5.051807007629961,,1.0435254309963171
boson,small,00,ss,36,0.5846153846153846,19984,4022,0,0.02,0.0003662109375,0.02,2.0,4.0,0.5676482531277429,,M1,0.5390993456255591,,2.0,0.0,-5.0293306365128965,,1.0435304051988146
boson,small,00,ss,36,0.5846153846153846,19984,4022,0,0.02,0.0003662109375,0.02,2.0,4.0,0.5676482531277429,,M2,0.5391333759956786,-0.14094382311282558,2.0,0.0,-5.023335661643868,,1.0435267695118198
boson,small,00,ss,36,0.5846153846153846,19984,4022,0,0.02,0.0003662109375,0.02,2.0,4.0,0.5676482531277429,,free,0.5389951668640328,,1.9999544434258965,-0.0022778287051772317,-5.0476833330907915,,1.0435293025876062
boson,small,00,ss,37,0.5897435897435898,19984,4022,0,0.02,0.0003662109375,0.02,2.0,4.0,0.5537187654347744,,M1,0.5258742425364175,,2.0,0.0,-5.028639922740141,,1.043533978193976
boson,small,00,ss,37,0.5897435897435898,19984,4022,0,0.02,0.0003662109375,0.02,2.0,4.0,0.5537187654347744,,M2,0.5259036165881361,-0.12165871646423124,2.0,0.0,-5.023335054357081,,1.0435311314198443
boson,small,00,ss,37,0.5897435897435898,19984,4022,0,0.02,0.0003662109375,0.02,2.0,4.0,0.5537187654347744,,free,0.5257921016578752,,1.9999631777553029,-0.0018411122348571674,-5.04347432671376,,1.043533257871096
boson,small,00,ss,38,0.5948717948717949,19984,4022,0,0.02,0.0003662109375,0.02,2.0,4.0,0.5399623148560042,,M1,0.5128133594801362,,2.0,0.0,-5.027935214906254,,1.043537711661045
boson,small,00,ss,38,0.5948717948717949,19984,4022,0,0.02,0.0003662109375,0.02,2.0,4.0,0.5399623148560042,,M2,0.5128382018986073,-0.10289001919240404,2.0,0.0,-5.023334445965977,,1.0435355704647478
boson,small,00,ss,38,0.5948717948717949,19984,4022,0,0.02,0.0003662109375,0.02,2.0,4.0,0.5399623148560042,,free,0.5127526443382715,,1.9999720898481195,-0.0013955075940264017,-5.039179544407446,,1.0435372978191693
boson,small,00,ss,39,0.6,19984,4022,0,0.02,0.0003662109375,0.02,2.0,4.0,0.5263789013914325,,M1,0.49991669434705194,,2.0,0.0,-5.027216511609844,,1.0435416116160157
boson,small,00,ss,39,0.6,19984,4022,0,0.02,0.0003662109375,0.02,2.0,4.0,0.5263789013914325,,M2,0.4999371319257219,-0.08464646322696696,2.0,0.0,-5.023333837244293,,1.043540086688326
boson,small,00,ss,39,0.6,19984,4022,0,0.02,0.0003662109375,0.02,2.0,4.0,0.5263789013914325,,free,0.4998767796909875,,1.9999811786423716,-0.0009410678814214535,-5.034799386979449,,1.043541423421651
boson,small,3s_s,00,-1,0.5,19984,4022,0,0.02,0.0003662109375,0.02,2.0,4.0,4.112335167120565,,M1,3.9679297909318487,,2.0,0.0,-3.511517673541875,,0.7755628317246758
boson,small,3s_s,00,-1,0.5,19984,4022,0,0.02,0.0003662109375,0.02,2.0,4.0,4.112335167120565,,M2,3.9720901836940987,-17.231127945500727,2.0,0.0,-3.410349052960715,,0.7742119467016289
boson,small,3s_s,00,-1,0.5,19984,4022,0,0.02,0.0003662109375,0.02,2.0,4.0,4.112335167120565,,free,3.9471650223683183,,1.998763215851322,-0.061839207433900256,-4.01645629648174,,0.7744673690582939
boson,small,3s_s,00,0,0.4,19984,4022,0,0.02,0.0003662109375,0.02,2.0,4.0,5.921762640653614,,M1,5.711958341491425,,2.0,0.0,-3.542936654060691,,0.7763831880885859
boson,small,3s_s,00,0,0.4,19984,4022,0,0.02,0.0003662109375,0.02,2.0,4.0,5.921762640653614,,M2,5.719802659393198,-32.48886658901751,2.0,0.0,-3.410470724948278,,0.7740667068516586
boson,small,3s_s,00,0,0.4,19984,4022,0,0.02,0.0003662109375,0.02,2.0,4.0,5.921762640653614,,free,5.6726719046878475,,1.99837315880138,-0.08134205993099997,-4.206361367065414,,0.7744881377285224
boson,small,3s_s,00,1,0.40512820512820513,19984,4022,0,0.02,0.0003662109375,0.02,2.0,4.0,5.820968521633065,,M1,5.614791736897353,,2.0,0.0,-3.5419670106353607,,0.7763486686629179
boson,small,3s_s,00,1,0.40512820512820513,19984,4022,0,0.02,0.0003662109375,0.02,2.0,4.0,5.820968521633065,,M2,5.622446239743433,-31.702708238703316,2.0,0.0,-3.41046822623835,,0.7740658834328433
boson,small,3s_s,00,1,0.40512820512820513,19984,4022,0,0.02,0.0003662109375,0.02,2.0,4.0,5.820968521633065,,free,5.576458701610549,,1.9983852098618062,-0.08073950690968834,-4.200500640294125,,0.7744815613235249
boson,small,3s_s,00,2,0.41025641025641024,19984,4022,0,0.02,0.0003662109375,0.02,2.0,4.0,5.721039588183509,,M1,5.518461693247384,,2.0,0.0,-3.5409280396265452,,0.776312913712602
boson,small,3s_s,00,2,0.41025641025641024,19984,4022,0,0.02,0.0003662109375,0.02,2.0,4.0,5.721039588183509,,M2,5.525925517947169,-30.912975219969407,2.0,0.0,-3.4104653049305544,,0.7740659545698487
boson,small,3s_s,00,2,0.41025641025641024,19984,4022,0,0.02,0.0003662109375,0.02,2.0,4.0,5.721039588183509,,free,5.481086516538878,,1.9983981201170122,-0.08009399414938834,-4.194221486252969,,0.7744755144583743
boson,small,3s_s,00,3,0.4153846153846154,19984,4022,0,0.02,0.0003662109375,0.02,2.0,4.0,5.621975840304942,,M1,5.422968029785694,,2.0,0.0,-3.5398197390413166,,0.7762759795134645
boson,small,3s_s,00,3,0.4153846153846154,19984,4022,0,0.02,0.0003662109375,0.02,2.0,4.0,5.621975840304942,,M2,5.430240492750593,-30.12041097757682,2.0,0.0,-3.410461962140865,,0.7740669200568464
boson,small,3s_s,00,3,0.4153846153846154,19984,4022,0,0.02,0.0003662109375,0.02,2.0,4.0,5.621975840304942,,free,5.386554263092963,,1.9984118895863252,-0.07940552068373963,-4.187523815456484,,0.7744700059210692
boson,small,3s_s,00,4,0.4205128205128205,19984,4022,0,0.02,0.0003662109375,0.02,2.0,4.0,5.523777277997369,,M1,5.328310569396827,,2.0,0.0,-3.538642105993972,,0.7762379261114369
boson,small,3s_s,00,4,0.4205128205128205,19984,4022,0,0.02,0.0003662109375,0.02,2.0,4.0,5.523777277997369,,M2,5.335391162899418,-29.325743876948422,2.0,0.0,-3.410458199470523,,0.7740687797244272
boson,small,3s_s,00,4,0.4205128205128205,19984,4022,0,0.02,0.0003662109375,0.02,2.0,4.0,5.523777277997369,,free,5.292860876935199,,1.9984265183037737,-0.07867408481131433,-4.180407526240593,,0.7744650451227493
boson,small,3s_s,00,5,0.4256410256410256,19984,4022,0,0.02,0.0003662109375,0.02,2.0,4.0,5.426443901260788,,M1,5.234489138601447,,2.0,0.0,-3.5373951367071554,,0.7761988173261191
boson,small,3s_s,00,5,0.4256410256410256,19984,4022,0,0.02,0.0003662109375,0.02,2.0,4.0,5.426443901260788,,M2,5.2413775271411795,-28.529687231320715,2.0,0.0,-3.410454019005149,,0.7740715334397714
boson,small,3s_s,00,5,0.4256410256410256,19984,4022,0,0.02,0.0003662109375,0.02,2.0,4.0,5.426443901260788,,free,5.200005315718377,,1.998442006318068,-0.07789968409660508,-4.172872504768732,,0.7744606420981063
boson,small,3s_s,00,6,0.4307692307692308,19984,4022,0,0.02,0.0003662109375,0.02,2.0,4.0,5.329975710095199,,M1,5.141503567552388,,2.0,0.0,-3.5360788265101473,,0.7761587207535564
boson,small,3s_s,00,6,0.4307692307692308,19984,4022,0,0.02,0.0003662109375,0.02,2.0,4.0,5.329975710095199,,M2,5.148199584227446,-27.732939327282832,2.0,0.0,-3.4104494233146543,,0.7740751811058365
boson,small,3s_s,00,6,0.4307692307692308,19984,4022,0,0.02,0.0003662109375,0.02,2.0,4.0,5.329975710095199,,free,5.10798655903654,,1.998458353692613,-0.07708231536934784,-4.16491862501741,,0.774456807504835
boson,small,3s_s,00,7,0.4358974358974359,19984,4022,0,0.02,0.0003662109375,0.02,2.0,4.0,5.234372704500601,,M1,5.049353690030593,,2.0,0.0,-3.5346931698410855,,0.7761177077709585
boson,small,3s_s,00,7,0.4358974358974359,19984,4022,0,0.02,0.0003662109375,0.02,2.0,4.0,5.234372704500601,,M2,5.055857332915883,-26.936183450058255,2.0,0.0,-3.410444415454561,,0.7740797226620945
boson,small,3s_s,00,7,0.4358974358974359,19984,4022,0,0.02,0.0003662109375,0.02,2.0,4.0,5.234372704500601,,free,5.016803608376424,,1.9984755605054976,-0.07622197472512138,-4.156545748779172,,0.7744535526246884
boson,small,3s_s,00,8,0.441025641025641,19984,4022,0,0.02,0.0003662109375,0.02,2.0,4.0,5.139634884476995,,M1,4.958039343441406,,2.0,0.0,-3.5332381602446783,,0.7760758535407447
boson,small,3s_s,00,8,0.441025641025641,19984,4022,0,0.02,0.0003662109375,0.02,2.0,4.0,5.139634884476995,,M2,4.964350771972394,-26.14008790783916,2.0,0.0,-3.41043899896476,,0.774085158084329
boson,small,3s_s,00,8,0.441025641025641,19984,4022,0,0.02,0.0003662109375,0.02,2.0,4.0,5.139634884476995,,free,4.926455487071559,,1.9984936268495117,-0.07531865752441469,-4.147753725644831,,0.7744508893636802
boson,small,3s_s,00,9,0.4461538461538462,19984,4022,0,0.02,0.0003662109375,0.02,2.0,4.0,5.0457622500243815,,M1,4.867560368810818,,2.0,0.0,-3.5317137903733364,,0.7760332370151113
boson,small,3s_s,00,9,0.4461538461538462,19984,4022,0,0.02,0.0003662109375,0.02,2.0,4.0,5.0457622500243815,,M2,4.873679900173123,-25.34530605551238,2.0,0.0,-3.410433177869754,,0.7740914873846252
boson,small,3s_s,00,9,0.4461538461538462,19984,4022,0,0.02,0.0003662109375,0.02,2.0,4.0,5.0457622500243815,,free,4.836941240256918,,1.9985125528321344,-0.07437235839328205,-4.138542393004241,,0.774448830252497
boson,small,3s_s,00,10,0.4512820512820513,19984,4022,0,0.02,0.0003662109375,0.02,2.0,4.0,4.95275480114276,,M1,4.777916610781828,,2.0,0.0,-3.5301200519878506,,0.7759899409405812
boson,small,3s_s,00,10,0.4512820512820513,19984,4022,0,0.02,0.0003662109375,0.02,2.0,4.0,4.95275480114276,,M2,4.783844716306356,-24.552476317728665,2.0,0.0,-3.4104269566793577,,0.7740987106110582
boson,small,3s_s,00,10,0.4512820512820513,19984,4022,0,0.02,0.0003662109375,0.02,2.0,4.0,4.95275480114276,,free,4.748259934825453,,1.9985323385755258,-0.07338307122370935,-4.1289115760409505,,0.7744473884466733
boson,small,3s_s,00,11,0.4564102564102564,19984,4022,0,0.02,0.0003662109375,0.02,2.0,4.0,4.86061253783213,,M1,4.689107917611098,,2.0,0.0,-3.5284569359549045,,0.7759460518634271
boson,small,3s_s,00,11,0.4564102564102564,19984,4022,0,0.02,0.0003662109375,0.02,2.0,4.0,4.86061253783213,,M2,4.694845219174431,-23.762222210541843,2.0,0.0,-3.4104203403884537,,0.7741068278480864
boson,small,3s_s,00,11,0.4564102564102564,19984,4022,0,0.02,0.0003662109375,0.02,2.0,4.0,4.86061253783213,,free,4.66041065938702,,1.9985529842165612,-0.07235078917193771,-4.118861087709758,,0.774446577727517
boson,small,3s_s,00,12,0.46153846153846156,19984,4022,0,0.02,0.0003662109375,0.02,2.0,4.0,4.769335460092489,,M1,4.601134141165507,,2.0,0.0,-3.5267244322486957,,0.7759016601351337
boson,small,3s_s,00,12,0.46153846153846156,19984,4022,0,0.02,0.0003662109375,0.02,2.0,4.0,4.769335460092489,,M2,4.606681407595538,-22.975152363245275,2.0,0.0,-3.410413334477358,,0.7741158392165924
boson,small,3s_s,00,12,0.46153846153846156,19984,4022,0,0.02,0.0003662109375,0.02,2.0,4.0,4.769335460092489,,free,4.573392524227752,,1.998574489906812,-0.07127550465939603,-4.108390728735555,,0.7744464125027588
boson,small,3s_s,00,13,0.4666666666666667,19984,4022,0,0.02,0.0003662109375,0.02,2.0,4.0,4.678923567923843,,M1,4.513995136918944,,2.0,0.0,-3.5249225299502362,,0.7758568599173276
boson,small,3s_s,00,13,0.4666666666666667,19984,4022,0,0.02,0.0003662109375,0.02,2.0,4.0,4.678923567923843,,M2,4.519353280405499,-22.19186053897138,2.0,0.0,-3.4104059449115764,,0.7741257448732201
boson,small,3s_s,00,13,0.4666666666666667,19984,4022,0,0.02,0.0003662109375,0.02,2.0,4.0,4.678923567923843,,free,4.487204661271443,,1.9985968558125502,-0.07015720937249004,-4.097500287602918,,0.77444690780652
boson,small,3s_s,00,14,0.4717948717948718,19984,4022,0,0.02,0.0003662109375,0.02,2.0,4.0,4.589376861326189,,M1,4.427690763949208,,2.0,0.0,-3.5230512172464867,,0.7758117491883667
boson,small,3s_s,00,14,0.4717948717948718,19984,4022,0,0.02,0.0003662109375,0.02,2.0,4.0,4.589376861326189,,M2,4.432860836459398,-21.412925654264452,2.0,0.0,-3.410398178143126,,0.7741365450111932
boson,small,3s_s,00,14,0.4717948717948718,19984,4022,0,0.02,0.0003662109375,0.02,2.0,4.0,4.589376861326189,,free,4.401846224042978,,1.9986200821147744,-0.06899589426128117,-4.086189540534269,,0.7744480793008216
boson,small,3s_s,00,15,0.47692307692307695,19984,4022,0,0.02,0.0003662109375,0.02,2.0,4.0,4.500695340299523,,M1,4.342220884934974,,2.0,0.0,-3.521110481430678,,0.7757664297489445
boson,small,3s_s,00,15,0.47692307692307695,19984,4022,0,0.02,0.0003662109375,0.02,2.0,4.0,4.500695340299523,,M2,4.347204074633236,-20.6389117985641,2.0,0.0,-3.410390041110223,,0.7741482398598466
boson,small,3s_s,00,15,0.47692307692307695,19984,4022,0,0.02,0.0003662109375,0.02,2.0,4.0,4.500695340299523,,free,4.317316387632493,,1.9986441690091978,-0.06779154954010824,-4.0744582514848915,,0.774449943275863
boson,small,3s_s,00,16,0.48205128205128206,19984,4022,0,0.02,0.0003662109375,0.02,2.0,4.0,4.412879004843853,,M1,4.257585366152982,,2.0,0.0,-3.5191003089006134,,0.775721007228983
boson,small,3s_s,00,16,0.48205128205128206,19984,4022,0,0.02,0.0003662109375,0.02,2.0,4.0,4.412879004843853,,M2,4.262382993825467,-19.87036825214244,2.0,0.0,-3.4103815412385385,,0.7741608296853698
boson,small,3s_s,00,16,0.48205128205128206,19984,4022,0,0.02,0.0003662109375,0.02,2.0,4.0,4.412879004843853,,free,4.233614348662058,,1.9986691167062833,-0.06654416468583335,-4.06230617211627,,0.774452516651548
boson,small,3s_s,00,17,0.48717948717948717,19984,4022,0,0.02,0.0003662109375,0.02,2.0,4.0,4.325927854959174,,M1,4.173784077475165,,2.0,0.0,-3.5170206851599106,,0.7756755910925375
boson,small,3s_s,00,17,0.48717948717948717,19984,4022,0,0.02,0.0003662109375,0.02,2.0,4.0,4.325927854959174,,M2,4.178397592958582,-19.107829504613196,2.0,0.0,-3.410372686439167,,0.7741743147891854
boson,small,3s_s,00,17,0.48717948717948717,19984,4022,0,0.02,0.0003662109375,0.02,2.0,4.0,4.325927854959174,,free,4.1507393252524425,,1.998694925431208,-0.06525372843959598,-4.049733041800452,,0.7744558169767409
boson,small,3s_s,00,18,0.49230769230769234,19984,4022,0,0.02,0.0003662109375,0.02,2.0,4.0,4.2398418906454864,,M1,4.090816892366069,,2.0,0.0,-3.5148715948162157,,0.7756302946459384
boson,small,3s_s,00,18,0.49230769230769234,19984,4022,0,0.02,0.0003662109375,0.02,2.0,4.0,4.2398418906454864,,M2,4.095247870980409,-18.351815270967204,2.0,0.0,-3.4103634851124998,,0.7741886955096815
boson,small,3s_s,00,18,0.49230769230769234,19984,4022,0,0.02,0.0003662109375,0.02,2.0,4.0,4.2398418906454864,,free,4.06869055699327,,1.9987215954239177,-0.06392022880411519,-4.0367385875835,,0.7744598624318508
boson,small,3s_s,00,19,0.49743589743589745,19984,4022,0,0.02,0.0003662109375,0.02,2.0,4.0,4.154621111902791,,M1,4.00868368788033,,2.0,0.0,-3.512653021580159,,0.7755852350440221
boson,small,3s_s,00,19,0.49743589743589745,19984,4022,0,0.02,0.0003662109375,0.02,2.0,4.0,4.154621111902791,,M2,4.012933826865561,-17.602830508019967,2.0,0.0,-3.4103539461469157,,0.7742039722217136
boson,small,3s_s,00,19,0.49743589743589745,19984,4022,0,0.02,0.0003662109375,0.02,2.0,4.0,4.154621111902791,,free,3.987467304913692,,1.9987491269391342,-0.0625436530432899,-4.023322524169792,,0.7744646718292959
boson,small,3s_s,00,20,0.5025641025641026,19984,4022,0,0.02,0.0003662109375,0.02,2.0,4.0,4.070265518731087,,M1,3.927384344660189,,2.0,0.0,-3.5103649482661314,,0.7755405332966685
boson,small,3s_s,00,20,0.5025641025641026,19984,4022,0,0.02,0.0003662109375,0.02,2.0,4.0,4.070265518731087,,M2,3.931455459616767,-16.861365430245538,2.0,0.0,-3.4103440789188255,,0.7742201453362676
boson,small,3s_s,00,20,0.5025641025641026,19984,4022,0,0.02,0.0003662109375,0.02,2.0,4.0,4.070265518731087,,free,3.9070688514541856,,1.998777520246337,-0.06112398768315375,-4.009484553916243,,0.7744702646141662
boson,small,3s_s,00,21,0.5076923076923077,19984,4022,0,0.02,0.0003662109375,0.02,2.0,4.0,3.9867751111303757,,M1,3.846918746933227,,2.0,0.0,-3.5080073567905656,,0.7754963142761523
boson,small,3s_s,00,21,0.5076923076923077,19984,4022,0,0.02,0.0003662109375,0.02,2.0,4.0,3.9867751111303757,,M2,3.850812768265994,-16.127895523773372,2.0,0.0,-3.4103338932963356,,0.7742372153010183
boson,small,3s_s,00,21,0.5076923076923077,19984,4022,0,0.02,0.0003662109375,0.02,2.0,4.0,3.9867751111303757,,free,3.8274945004412118,,1.9988067756298216,-0.05966121850892181,-3.9952243667941145,,0.7744766608657931
boson,small,3s_s,00,22,0.5128205128205128,19984,4022,0,0.02,0.0003662109375,0.02,2.0,4.0,3.904149889100656,,M1,3.7672867825101743,,2.0,0.0,-3.5055802281712345,,0.7754527067239416
boson,small,3s_s,00,22,0.5128205128205128,19984,4022,0,0.02,0.0003662109375,0.02,2.0,4.0,3.904149889100656,,M2,3.771005751875805,-15.402881561093357,2.0,0.0,-3.4103233996357063,,0.7742551826000208
boson,small,3s_s,00,22,0.5128205128205128,19984,4022,0,0.02,0.0003662109375,0.02,2.0,4.0,3.904149889100656,,free,3.748743577062044,,1.9988368933886762,-0.05815533056618971,-3.9805416403828398,,0.7744838812985644
boson,small,3s_s,00,23,0.517948717948718,19984,4022,0,0.02,0.0003662109375,0.02,2.0,4.0,3.822389852641926,,M1,3.6884883427828297,,2.0,0.0,-3.503083542526353,,0.7754098432574887
boson,small,3s_s,00,23,0.517948717948718,19984,4022,0,0.02,0.0003662109375,0.02,2.0,4.0,3.822389852641926,,M2,3.6920344095403776,-14.68676961392287,2.0,0.0,-3.4103126087845492,,0.7742740477535156
boson,small,3s_s,00,23,0.517948717948718,19984,4022,0,0.02,0.0003662109375,0.02,2.0,4.0,3.822389852641926,,free,3.670815427842043,,1.9988678738368157,-0.05660630815921275,-3.965436039840875,,0.774491947262846
boson,small,3s_s,00,24,0.5230769230769231,19984,4022,0,0.02,0.0003662109375,0.02,2.0,4.0,3.7414950017541897,,M1,3.6105233227220945,,2.0,0.0,-3.500517279073989,,0.7753678603783467
boson,small,3s_s,00,24,0.5230769230769231,19984,4022,0,0.02,0.0003662109375,0.02,2.0,4.0,3.7414950017541897,,M2,3.6138987403865226,-13.979991065509196,2.0,0.0,-3.410301532083937,,0.774293811318982
boson,small,3s_s,00,24,0.5230769230769231,19984,4022,0,0.02,0.0003662109375,0.02,2.0,4.0,3.7414950017541897,,free,3.593709420623464,,1.9988997173030174,-0.05501413484912954,-3.949907217875115,,0.774500880747213
boson,small,3s_s,00,25,0.5282051282051282,19984,4022,0,0.02,0.0003662109375,0.02,2.0,4.0,3.661465336437445,,M1,3.533391620876115,,2.0,0.0,-3.4978814161311766,,0.7753268984784185
boson,small,3s_s,00,25,0.5282051282051282,19984,4022,0,0.02,0.0003662109375,0.02,2.0,4.0,3.661465336437445,,M2,3.536598743574805,-13.282962623023025,2.0,0.0,-3.4102901813658493,,0.7743144738902018
boson,small,3s_s,00,25,0.5282051282051282,19984,4022,0,0.02,0.0003662109375,0.02,2.0,4.0,3.661465336437445,,free,3.517424944544862,,1.9989324241308972,-0.05337879345513885,-3.93395481473362,,0.7745107043787621
boson,small,3s_s,00,26,0.5333333333333333,19984,4022,0,0.02,0.0003662109375,0.02,2.0,4.0,3.5823008566916927,,M1,3.4570931393685687,,2.0,0.0,-3.495175931112471,,0.7752871018476444
boson,small,3s_s,00,26,0.5333333333333333,19984,4022,0,0.02,0.0003662109375,0.02,2.0,4.0,3.5823008566916927,,M2,3.460134418300376,-12.596086328059117,2.0,0.0,-3.410278568956915,,0.7743360360979304
boson,small,3s_s,00,26,0.5333333333333333,19984,4022,0,0.02,0.0003662109375,0.02,2.0,4.0,3.5823008566916927,,free,3.4419614100232794,,1.9989659946789653,-0.051700266051735166,-3.917578458164983,,0.7745214414250363
boson,small,3s_s,00,27,0.5384615384615384,19984,4022,0,0.02,0.0003662109375,0.02,2.0,4.0,3.504001562516932,,M1,3.3816277838970628,,2.0,0.0,-3.4924008005284057,,0.7752486186802272
boson,small,3s_s,00,27,0.5384615384615384,19984,4022,0,0.02,0.0003662109375,0.02,2.0,4.0,3.504001562516932,,M2,3.3845057637939107,-11.919749567189074,2.0,0.0,-3.4102667076777005,,0.7743584986090241
boson,small,3s_s,00,27,0.5384615384615384,19984,4022,0,0.02,0.0003662109375,0.02,2.0,4.0,3.504001562516932,,free,3.367318248737287,,1.9990004293206407,-0.04997853396796481,-3.900777763394181,,0.7745331157945005
boson,small,3s_s,00,28,0.5435897435897435,19984,4022,0,0.02,0.0003662109375,0.02,2.0,4.0,3.426567453913163,,M1,3.3069954637315515,,2.0,0.0,-3.4895559999865045,,0.7752116010835771
boson,small,3s_s,00,28,0.5435897435897435,19984,4022,0,0.02,0.0003662109375,0.02,2.0,4.0,3.426567453913163,,M2,3.309712779322377,-11.254325081678521,2.0,0.0,-3.4102546108449427,,0.7743818621283619
boson,small,3s_s,00,28,0.5435897435897435,19984,4022,0,0.02,0.0003662109375,0.02,2.0,4.0,3.426567453913163,,free,3.2934949136113314,,1.9990357284442541,-0.04821357778729274,-3.8835523331041344,,0.7745457520398115
boson,small,3s_s,00,29,0.5487179487179488,19984,4022,0,0.02,0.0003662109375,0.02,2.0,4.0,3.349998530880384,,M1,3.23319609171305,,2.0,0.0,-3.4866415041871046,,0.7751762050830661
boson,small,3s_s,00,29,0.5487179487179488,19984,4022,0,0.02,0.0003662109375,0.02,2.0,4.0,3.349998530880384,,M2,3.235755464189831,-10.600170976107451,2.0,0.0,-3.4102422922713815,,0.7744061273967116
boson,small,3s_s,00,29,0.5487179487179488,19984,4022,0,0.02,0.0003662109375,0.02,2.0,4.0,3.349998530880384,,free,3.2204908788024253,,1.9990718924530977,-0.04640537734511563,-3.8659017573934196,,0.7745593753571053
boson,small,3s_s,00,30,0.5538461538461539,19984,4022,0,0.02,0.0003662109375,0.02,2.0,4.0,3.274294793418599,,M1,3.1602295842522774,,2.0,0.0,-3.4836572869246574,,0.7751425906307775
boson,small,3s_s,00,30,0.5538461538461539,19984,4022,0,0.02,0.0003662109375,0.02,2.0,4.0,3.274294793418599,,M2,3.1626338177380506,-9.957630726629366,2.0,0.0,-3.4102297662687353,,0.7744312951926413
boson,small,3s_s,00,30,0.5538461538461539,19984,4022,0,0.02,0.0003662109375,0.02,2.0,4.0,3.274294793418599,,free,3.148305639687667,,1.9991089217654392,-0.04455391172804024,-3.847825613752709,,0.7745740115893641
boson,small,3s_s,00,31,0.558974358974359,19984,4022,0,0.02,0.0003662109375,0.02,2.0,4.0,3.1994562415278054,,M1,3.0880958613285245,,2.0,0.0,-3.480603321085085,,0.7751109216112924
boson,small,3s_s,00,31,0.558974358974359,19984,4022,0,0.02,0.0003662109375,0.02,2.0,4.0,3.1994562415278054,,M2,3.0903478393472628,-9.32703318865291,2.0,0.0,-3.410217047645603,,0.7744573663315818
boson,small,3s_s,00,31,0.558974358974359,19984,4022,0,0.02,0.0003662109375,0.02,2.0,4.0,3.1994562415278054,,free,3.076938712853298,,1.999146816814528,-0.04265915927359476,-3.8293234670402243,,0.7745896872269915
boson,small,3s_s,00,32,0.5641025641025641,19984,4022,0,0.02,0.0003662109375,0.02,2.0,4.0,3.1254828752080037,,M1,3.0167948464886054,,2.0,0.0,-3.477479578644793,,0.7750813658483204
boson,small,3s_s,00,32,0.5641025641025641,19984,4022,0,0.02,0.0003662109375,0.02,2.0,4.0,3.1254828752080037,,M2,3.0188975284365935,-8.708692603071155,2.0,0.0,-3.4102041517126147,,0.7744843416660034
boson,small,3s_s,00,32,0.5641025641025641,19984,4022,0,0.02,0.0003662109375,0.02,2.0,4.0,3.1254828752080037,,free,3.0063896360859923,,1.9991855780486576,-0.04072109756712017,-3.8103948694355183,,0.7746064294095136
boson,small,3s_s,00,33,0.5692307692307692,19984,4022,0,0.02,0.0003662109375,0.02,2.0,4.0,3.0523746944591936,,M1,2.946326466845916,,2.0,0.0,-3.4742860306692047,,0.7750540951116469
boson,small,3s_s,00,33,0.5692307692307692,19984,4022,0,0.02,0.0003662109375,0.02,2.0,4.0,3.0523746944591936,,M2,2.94828288446468,-8.102908602679085,2.0,0.0,-3.4101910942803237,,0.7745122220859599
boson,small,3s_s,00,33,0.5692307692307692,19984,4022,0,0.02,0.0003662109375,0.02,2.0,4.0,3.0523746944591936,,free,2.9366579683648024,,1.9992252059311628,-0.038739703441859064,-3.791039360418147,,0.7746242659277378
boson,small,3s_s,00,34,0.5743589743589743,19984,4022,0,0.02,0.0003662109375,0.02,2.0,4.0,2.9801316992813756,,M1,2.8766906530796015,,2.0,0.0,-3.4710226473117833,,0.7750292851231426
boson,small,3s_s,00,34,0.5743589743589743,19984,4022,0,0.02,0.0003662109375,0.02,2.0,4.0,2.9801316992813756,,M2,2.8785039069300424,-7.509966217163482,2.0,0.0,-3.4101778916629577,,0.7745410085190156
boson,small,3s_s,00,34,0.5743589743589743,19984,4022,0,0.02,0.0003662109375,0.02,2.0,4.0,2.9801316992813756,,free,2.86774328985098,,1.9992657009401156,-0.03671495299422123,-3.771256466870132,,0.7746432252252962
boson,small,3s_s,00,35,0.5794871794871795,19984,4022,0,0.02,0.0003662109375,0.02,2.0,4.0,2.908753889674548,,M1,2.8078873394338775,,2.0,0.0,-3.467689397811391,,0.7750071155624597
boson,small,3s_s,00,35,0.5794871794871795,19984,4022,0,0.02,0.0003662109375,0.02,2.0,4.0,2.908753889674548,,M2,2.8095605953715226,-6.930135877734439,2.0,0.0,-3.4101645606780417,,0.7745707019300578
boson,small,3s_s,00,35,0.5794871794871795,19984,4022,0,0.02,0.0003662109375,0.02,2.0,4.0,2.908753889674548,,free,2.799645201904718,,1.9993070635701045,-0.03464682149477705,-3.7510457023243626,,0.7746633364001347
boson,small,3s_s,00,36,0.5846153846153846,19984,4022,0,0.02,0.0003662109375,0.02,2.0,4.0,2.838241265638714,,M1,2.7399164637174054,,2.0,0.0,-3.464286250491888,,0.7749877700730929
boson,small,3s_s,00,36,0.5846153846153846,19984,4022,0,0.02,0.0003662109375,0.02,2.0,4.0,2.838241265638714,,M2,2.7414529493685786,-6.363673420941418,2.0,0.0,-3.410151118648974,,0.7746013033217635
boson,small,3s_s,00,36,0.5846153846153846,19984,4022,0,0.02,0.0003662109375,0.02,2.0,4.0,2.838241265638714,,free,2.732363327039335,,1.9993492943287547,-0.03253528356226276,-3.7304065683631205,,0.7746846292066989
boson,small,3s_s,00,37,0.5897435897435898,19984,4022,0,0.02,0.0003662109375,0.02,2.0,4.0,2.7685938271738713,,M1,2.6727779673028196,,2.0,0.0,-3.4608131727599356,,0.7749714362679112
boson,small,3s_s,00,37,0.5897435897435898,19984,4022,0,0.02,0.0003662109375,0.02,2.0,4.0,2.7685938271738713,,M2,2.6741809685415565,-5.810820091732517,2.0,0.0,-3.4101375834060033,,0.7746328137348409
boson,small,3s_s,00,37,0.5897435897435898,19984,4022,0,0.02,0.0003662109375,0.02,2.0,4.0,2.7685938271738713,,free,2.665897294357469,,1.9993923924411847,-0.03038037794076409,-3.7093390806708926,,0.7747071340579333
boson,small,3s_s,00,38,0.5948717948717949,19984,4022,0,0.02,0.0003662109375,0.02,2.0,4.0,2.699811574280021,,M1,2.6064717951263647,,2.0,0.0,-3.457270131103418,,0.7749583057335772
boson,small,3s_s,00,38,0.5948717948717949,19984,4022,0,0.02,0.0003662109375,0.02,2.0,4.0,2.699811574280021,,M2,2.6077446525519195,-5.271802545936714,2.0,0.0,-3.410123973287049,,0.7746652342474941
boson,small,3s_s,00,38,0.5948717948717949,19984,4022,0,0.02,0.0003662109375,0.02,2.0,4.0,2.699811574280021,,free,2.600246800211194,,1.9994363612238708,-0.028181938806459694,-3.68784158929234,,0.7747308820265414
boson,small,3s_s,00,39,0.6,19984,4022,0,0.02,0.0003662109375,0.02,2.0,4.0,2.6318945069571624,,M1,2.5409978956876267,,2.0,0.0,-3.4536570910900566,,0.774948574036073
boson,small,3s_s,00,39,0.6,19984,4022,0,0.02,0.0003662109375,0.02,2.0,4.0,2.6318945069571624,,M2,2.5421440011023315,-4.746832851700802,2.0,0.0,-3.4101103071412675,,0.774698565976396
boson,small,3s_s,00,39,0.6,19984,4022,0,0.02,0.0003662109375,0.02,2.0,4.0,2.6318945069571624,,free,2.5354115238758976,,1.9994812006933924,-0.025939965330379344,-3.6659137676765208,,0.7747559048477983
boson,small,3s_s,ss,-1,0.5,19984,4022,0,0.02,0.0003662109375,0.02,2.0,4.0,1.6449340668482264,,M1,1.6281368426705665,,2.0,0.0,-1.0211487813517217,,0.39007079604373546
boson,small,3s_s,ss,-1,0.5,19984,4022,0,0.02,0.0003662109375,0.02,2.0,4.0,1.6449340668482264,,M2,1.6286432019432653,-2.0971917587793416,2.0,0.0,-0.9903658288368478,,0.3898346070898544
boson,small,3s_s,ss,-1,0.5,19984,4022,0,0.02,0.0003662109375,0.02,2.0,4.0,1.6449340668482264,,free,1.6256434574685867,,1.9996387331215189,-0.018063343924057396,-1.1727284253162495,,0.3898851868755376
boson,small,3s_s,ss,0,0.4,19984,4022,0,0.02,0.0003662109375,0.02,2.0,4.0,2.368705056261446,,M1,2.34419582755641,,2.0,0.0,-1.034710026064578,,0.39050953107868575
boson,small,3s_s,ss,0,0.4,19984,4022,0,0.02,0.0003662109375,0.02,2.0,4.0,2.368705056261446,,M2,2.3452459955703584,-4.3494882446708045,2.0,0.0,-0.9903749151493502,,0.3900198579126196
boson,small,3s_s,ss,0,0.4,19984,4022,0,0.02,0.0003662109375,0.02,2.0,4.0,2.368705056261446,,free,2.338972305478062,,1.999474164576946,-0.026291771152697763,-1.255232292631292,,0.3901165828104739
boson,small,3s_s,ss,1,0.40512820512820513,19984,4022,0,0.02,0.0003662109375,0.02,2.0,4.0,2.3283874086532266,,M1,2.304305417189731,,2.0,0.0,-1.0342776882402482,,0.3904860050906032
boson,small,3s_s,ss,1,0.40512820512820513,19984,4022,0,0.02,0.0003662109375,0.02,2.0,4.0,2.3283874086532266,,M2,2.3053276408528043,-4.2337509302393,2.0,0.0,-0.9903750430329095,,0.39000581942557644
boson,small,3s_s,ss,1,0.40512820512820513,19984,4022,0,0.02,0.0003662109375,0.02,2.0,4.0,2.3283874086532266,,free,2.299221995693607,,1.999479415098602,-0.026029245069902895,-1.2526013863169538,,0.39010084739763057
boson,small,3s_s,ss,2,0.41025641025641024,19984,4022,0,0.02,0.0003662109375,0.02,2.0,4.0,2.288415835273404,,M1,2.2647578053421724,,2.0,0.0,-1.033816912405916,,0.3904624477297173
boson,small,3s_s,ss,2,0.41025641025641024,19984,4022,0,0.02,0.0003662109375,0.02,2.0,4.0,2.288415835273404,,M2,2.2657519345835837,-4.11739206657535,2.0,0.0,-0.9903751031819064,,0.38999227197890085
boson,small,3s_s,ss,2,0.41025641025641024,19984,4022,0,0.02,0.0003662109375,0.02,2.0,4.0,2.288415835273404,,free,2.2598152679582135,,1.999485010274179,-0.025749486291049006,-1.2497976492883978,,0.3900855079518744
boson,small,3s_s,ss,3,0.4153846153846154,19984,4022,0,0.02,0.0003662109375,0.02,2.0,4.0,2.248790336121977,,M1,2.225552962707319,,2.0,0.0,-1.033327698069464,,0.39043887838767816
boson,small,3s_s,ss,3,0.4153846153846154,19984,4022,0,0.02,0.0003662109375,0.02,2.0,4.0,2.248790336121977,,M2,2.2265188766746653,-4.000532667665703,2.0,0.0,-0.9903750958712654,,0.38997921547263015
boson,small,3s_s,ss,3,0.4153846153846154,19984,4022,0,0.02,0.0003662109375,0.02,2.0,4.0,2.248790336121977,,free,2.220751946685172,,1.9994909503382667,-0.025452483086663147,-1.2468209679857067,,0.3900705674763698
boson,small,3s_s,ss,4,0.4205128205128205,19984,4022,0,0.02,0.0003662109375,0.02,2.0,4.0,2.209510911198948,,M1,2.1866908605716953,,2.0,0.0,-1.032810044593535,,0.39041531766959564
boson,small,3s_s,ss,4,0.4205128205128205,19984,4022,0,0.02,0.0003662109375,0.02,2.0,4.0,2.209510911198948,,M2,2.1876284670381074,-3.8832912920828737,2.0,0.0,-0.9903750214551588,,0.3899666498141475
boson,small,3s_s,ss,4,0.4205128205128205,19984,4022,0,0.02,0.0003662109375,0.02,2.0,4.0,2.209510911198948,,free,2.1820318533205656,,1.9994972348378572,-0.02513825810713799,-1.2436715174885316,,0.39005602917239857
boson,small,3s_s,ss,5,0.4256410256410256,19984,4022,0,0.02,0.0003662109375,0.02,2.0,4.0,2.1705775605043156,,M1,2.148171470814526,,2.0,0.0,-1.0322639511938791,,0.39039178739611685
boson,small,3s_s,ss,5,0.4256410256410256,19984,4022,0,0.02,0.0003662109375,0.02,2.0,4.0,2.1705775605043156,,M2,2.1490807055861514,-3.7657840443673503,2.0,0.0,-0.9903748803691492,,0.38995457491973295
boson,small,3s_s,ss,5,0.4256410256410256,19984,4022,0,0.02,0.0003662109375,0.02,2.0,4.0,2.1705775605043156,,free,2.1436548170181746,,1.9995038637369316,-0.024806813153421814,-1.240349295783083,,0.3900418964409344
boson,small,3s_s,ss,6,0.4307692307692308,19984,4022,0,0.02,0.0003662109375,0.02,2.0,4.0,2.1319902840380798,,M1,2.1099947659074396,,2.0,0.0,-1.031689416941417,,0.3903683106013873
boson,small,3s_s,ss,6,0.4307692307692308,19984,4022,0,0.02,0.0003662109375,0.02,2.0,4.0,2.1319902840380798,,M2,2.11087559223141,-3.648124577040373,2.0,0.0,-0.9903746731283136,,0.389942990711821
boson,small,3s_s,ss,6,0.4307692307692308,19984,4022,0,0.02,0.0003662109375,0.02,2.0,4.0,2.1319902840380798,,free,2.105620678447597,,1.999510837884083,-0.024458105795854834,-1.2368539288339475,,0.3900281728799688
boson,small,3s_s,ss,7,0.4358974358974359,19984,4022,0,0.02,0.0003662109375,0.02,2.0,4.0,2.0937490818002407,,M1,2.072160718914261,,2.0,0.0,-1.0310864407600318,,0.39034491153633816
boson,small,3s_s,ss,7,0.4358974358974359,19984,4022,0,0.02,0.0003662109375,0.02,2.0,4.0,2.0937490818002407,,M2,2.073013126886975,-3.530424091898151,2.0,0.0,-0.9903744003286419,,0.38993189712170645
boson,small,3s_s,ss,7,0.4358974358974359,19984,4022,0,0.02,0.0003662109375,0.02,2.0,4.0,2.0937490818002407,,free,2.067929266644422,,1.9995181564586986,-0.024092177065071496,-1.2331857422771209,,0.39001486228725507
boson,small,3s_s,ss,8,0.441025641025641,19984,4022,0,0.02,0.0003662109375,0.02,2.0,4.0,2.0558539537907983,,M1,2.034669303490731,,2.0,0.0,-1.0304550214282004,,0.39032161566763646
boson,small,3s_s,ss,8,0.441025641025641,19984,4022,0,0.02,0.0003662109375,0.02,2.0,4.0,2.0558539537907983,,M2,2.035493309466568,-3.4127913418063196,2.0,0.0,-0.9903740626461821,,0.3899212940877692
boson,small,3s_s,ss,8,0.441025641025641,19984,4022,0,0.02,0.0003662109375,0.02,2.0,4.0,2.0558539537907983,,free,2.030580421965564,,1.99952581947465,-0.023709026267504374,-1.2293447099504529,,0.3900019686586067
boson,small,3s_s,ss,9,0.4461538461538462,19984,4022,0,0.02,0.0003662109375,0.02,2.0,4.0,2.018304900009753,,M1,1.9975204938842859,,2.0,0.0,-1.0297951575783615,,0.3902984496792139
boson,small,3s_s,ss,9,0.4461538461538462,19984,4022,0,0.02,0.0003662109375,0.02,2.0,4.0,2.018304900009753,,M2,1.9983161398846556,-3.295332632078471,2.0,0.0,-0.9903736608379066,,0.3899111815563479
boson,small,3s_s,ss,9,0.4461538461538462,19984,4022,0,0.02,0.0003662109375,0.02,2.0,4.0,2.018304900009753,,free,1.9935739955242635,,1.9995338277985524,-0.023308610072381164,-1.2253304486041783,,0.3899894961888196
boson,small,3s_s,ss,10,0.4512820512820513,19984,4022,0,0.02,0.0003662109375,0.02,2.0,4.0,1.981101920457104,,M1,1.9607142649338258,,2.0,0.0,-1.02910684769687,,0.39027544147278637
boson,small,3s_s,ss,10,0.4512820512820513,19984,4022,0,0.02,0.0003662109375,0.02,2.0,4.0,1.981101920457104,,M2,1.9614816180566006,-3.178151822081953,2.0,0.0,-0.9903731957403017,,0.38990155948151484
boson,small,3s_s,ss,10,0.4512820512820513,19984,4022,0,0.02,0.0003662109375,0.02,2.0,4.0,1.981101920457104,,free,1.9569098274655223,,1.9995421806058964,-0.022890969705180453,-1.2211432810079637,,0.38997744927153705
boson,small,3s_s,ss,11,0.4564102564102564,19984,4022,0,0.02,0.0003662109375,0.02,2.0,4.0,1.944245015132852,,M1,1.9242505920694917,,2.0,0.0,-1.0283900901242204,,0.39025262016835427
boson,small,3s_s,ss,11,0.4564102564102564,19984,4022,0,0.02,0.0003662109375,0.02,2.0,4.0,1.944245015132852,,M2,1.924989743898758,-3.0613503265390616,2.0,0.0,-0.9903726682708447,,0.38989242782489225
boson,small,3s_s,ss,11,0.4564102564102564,19984,4022,0,0.02,0.0003662109375,0.02,2.0,4.0,1.944245015132852,,free,1.9205877690731694,,1.999550877938973,-0.022456103051349263,-1.2167831665015783,,0.3899658324991154
boson,small,3s_s,ss,12,0.46153846153846156,19984,4022,0,0.02,0.0003662109375,0.02,2.0,4.0,1.9077341840369961,,M1,1.8881294513124554,,2.0,0.0,-1.027644883054657,,0.39023001610491603
boson,small,3s_s,ss,12,0.46153846153846156,19984,4022,0,0.02,0.0003662109375,0.02,2.0,4.0,1.9077341840369961,,M2,1.8888405173286034,-2.9450271169404623,2.0,0.0,-0.9903720794273041,,0.3898837865556207
boson,small,3s_s,ss,12,0.46153846153846156,19984,4022,0,0.02,0.0003662109375,0.02,2.0,4.0,1.9077341840369961,,free,1.8846076813895496,,1.9995599206183385,-0.022003969083073116,-1.2122497379854047,,0.38995465066267926
boson,small,3s_s,ss,13,0.4666666666666667,19984,4022,0,0.02,0.0003662109375,0.02,2.0,4.0,1.8715694271695376,,M1,1.85235081927471,,2.0,0.0,-1.0268712245365519,,0.39020766084220837
boson,small,3s_s,ss,13,0.4666666666666667,19984,4022,0,0.02,0.0003662109375,0.02,2.0,4.0,1.8715694271695376,,M2,1.8530339382648486,-2.8292787228862815,2.0,0.0,-0.9903714302878397,,0.3898756356513611
boson,small,3s_s,ss,13,0.4666666666666667,19984,4022,0,0.02,0.0003662109375,0.02,2.0,4.0,1.8715694271695376,,free,1.8489694141639352,,1.9995693076278818,-0.02153461860591177,-1.207543395265942,,0.38994390875320617
boson,small,3s_s,ss,14,0.4717948717948718,19984,4022,0,0.02,0.0003662109375,0.02,2.0,4.0,1.8357507445304757,,M1,1.816914673158875,,2.0,0.0,-1.026069112471928,,0.3901855871594455
boson,small,3s_s,ss,14,0.4717948717948718,19984,4022,0,0.02,0.0003662109375,0.02,2.0,4.0,1.8357507445304757,,M2,1.817570006627544,-2.7141992333189466,2.0,0.0,-0.990370722011158,,0.3898679750963049
boson,small,3s_s,ss,14,0.4717948717948718,19984,4022,0,0.02,0.0003662109375,0.02,2.0,4.0,1.8357507445304757,,free,1.8136728353250595,,1.99957903977401,-0.02104801129949596,-1.2026637750901736,,0.38993361195961707
boson,small,3s_s,ss,15,0.47692307692307695,19984,4022,0,0.02,0.0003662109375,0.02,2.0,4.0,1.8002781361198097,,M1,1.7818209907579954,,2.0,0.0,-1.0252385446170798,,0.3901638290580157
boson,small,3s_s,ss,15,0.47692307692307695,19984,4022,0,0.02,0.0003662109375,0.02,2.0,4.0,1.8002781361198097,,M2,1.782448722338184,-2.5998802977962496,2.0,0.0,-0.9903699558366008,,0.3898608048831187
boson,small,3s_s,ss,15,0.47692307692307695,19984,4022,0,0.02,0.0003662109375,0.02,2.0,4.0,1.8002781361198097,,free,1.7787178085862916,,1.9995891168935285,-0.02054415532357634,-1.1976109191653928,,0.38992376567081477
boson,small,3s_s,ss,16,0.48205128205128206,19984,4022,0,0.02,0.0003662109375,0.02,2.0,4.0,1.7651516019375415,,M1,1.747069750455375,,2.0,0.0,-1.024379518581786,,0.3901424217613514
boson,small,3s_s,ss,16,0.48205128205128206,19984,4022,0,0.02,0.0003662109375,0.02,2.0,4.0,1.7651516019375415,,M2,1.747670085319829,-2.4864111276738763,2.0,0.0,-0.9903691330831688,,0.38985412501207944
boson,small,3s_s,ss,16,0.48205128205128206,19984,4022,0,0.02,0.0003662109375,0.02,2.0,4.0,1.7651516019375415,,free,1.744104203205583,,1.9995995390709775,-0.020023046451123072,-1.1923847622411388,,0.38991437547490737
boson,small,3s_s,ss,17,0.48717948717948717,19984,4022,0,0.02,0.0003662109375,0.02,2.0,4.0,1.7303711419836696,,M1,1.71266093122438,,2.0,0.0,-1.0234920318300644,,0.39012140171526294
boson,small,3s_s,ss,17,0.48717948717948717,19984,4022,0,0.02,0.0003662109375,0.02,2.0,4.0,1.7303711419836696,,M2,1.7132340954971501,-2.373878497124093,2.0,0.0,-0.9903682551521187,,0.3898479354907063
boson,small,3s_s,ss,17,0.48717948717948717,19984,4022,0,0.02,0.0003662109375,0.02,2.0,4.0,1.7303711419836696,,free,1.7098318878761014,,1.9996103058341468,-0.0194847082926608,-1.1869854743429387,,0.38990544715893244
boson,small,3s_s,ss,18,0.49230769230769234,19984,4022,0,0.02,0.0003662109375,0.02,2.0,4.0,1.6959367562581948,,M1,1.678594512628293,,2.0,0.0,-1.0225760816791607,,0.39010080659031543
boson,small,3s_s,ss,18,0.49230769230769234,19984,4022,0,0.02,0.0003662109375,0.02,2.0,4.0,1.6959367562581948,,M2,1.6791407527965825,-2.262366744355587,2.0,0.0,-0.9903673235238997,,0.3898422363353855
boson,small,3s_s,ss,18,0.49230769230769234,19984,4022,0,0.02,0.0003662109375,0.02,2.0,4.0,1.6959367562581948,,free,1.6759007434047133,,1.9996214178713643,-0.01892910643178647,-1.1814127372112404,,0.3898969867105939
boson,small,3s_s,ss,19,0.49743589743589745,19984,4022,0,0.02,0.0003662109375,0.02,2.0,4.0,1.6618484447611168,,M1,1.6448704748201344,,2.0,0.0,-1.0216316653004376,,0.3900806752793839
boson,small,3s_s,ss,19,0.49743589743589745,19984,4022,0,0.02,0.0003662109375,0.02,2.0,4.0,1.6618484447611168,,M2,1.6453900571463829,-2.151957772605866,2.0,0.0,-0.9903663397596851,,0.38983702756823607
boson,small,3s_s,ss,19,0.49743589743589745,19984,4022,0,0.02,0.0003662109375,0.02,2.0,4.0,1.6618484447611168,,free,1.642310648861694,,1.9996328751616375,-0.018356241918127125,-1.1756665272946276,,0.3898890003152274
boson,small,3s_s,ss,20,0.5025641025641026,19984,4022,0,0.02,0.0003662109375,0.02,2.0,4.0,1.6281062074924353,,M1,1.6114887985425177,,2.0,0.0,-1.0206587797187527,,0.39006104790229196
boson,small,3s_s,ss,20,0.5025641025641026,19984,4022,0,0.02,0.0003662109375,0.02,2.0,4.0,1.6281062074924353,,M2,1.6119820084767058,-2.042731051046824,2.0,0.0,-0.9903653055019945,,0.3898323092210819
boson,small,3s_s,ss,20,0.5025641025641026,19984,4022,0,0.02,0.0003662109375,0.02,2.0,4.0,1.6281062074924353,,free,1.6090614847089952,,1.9996446773667007,-0.017766131664964657,-1.1697469548238026,,0.38988149435987013
boson,small,3s_s,ss,21,0.5076923076923077,19984,4022,0,0.02,0.0003662109375,0.02,2.0,4.0,1.5947100444521505,,M1,1.5784494651274963,,2.0,0.0,-1.019657421813025,,0.3900419658031287
boson,small,3s_s,ss,21,0.5076923076923077,19984,4022,0,0.02,0.0003662109375,0.02,2.0,4.0,1.5947100444521505,,M2,1.5789166067196994,-1.9347636158212451,2.0,0.0,-0.9903642224738607,,0.3898280813320884
boson,small,3s_s,ss,21,0.5076923076923077,19984,4022,0,0.02,0.0003662109375,0.02,2.0,4.0,1.5947100444521505,,free,1.5761531378300477,,1.999656824543105,-0.01715877284474976,-1.163653962465494,,0.3898744754300214
boson,small,3s_s,ss,22,0.5128205128205128,19984,4022,0,0.02,0.0003662109375,0.02,2.0,4.0,1.5616599556402626,,M1,1.545752456496448,,2.0,0.0,-1.0186275883146911,,0.39002347155293265
boson,small,3s_s,ss,22,0.5128205128205128,19984,4022,0,0.02,0.0003662109375,0.02,2.0,4.0,1.5616599556402626,,M2,1.5461938518095848,-1.828130070849816,2.0,0.0,-0.99036309247853,,0.3898243439478333
boson,small,3s_s,ss,22,0.5128205128205128,19984,4022,0,0.02,0.0003662109375,0.02,2.0,4.0,1.5616599556402626,,free,1.543585501192891,,1.999669317137902,-0.016534143104895982,-1.1573873289183023,,0.3898679503118219
boson,small,3s_s,ss,23,0.517948717948718,19984,4022,0,0.02,0.0003662109375,0.02,2.0,4.0,1.5289559410567708,,M1,1.5133977551599105,,2.0,0.0,-1.017569275809671,,0.3900056089491777
boson,small,3s_s,ss,23,0.517948717948718,19984,4022,0,0.02,0.0003662109375,0.02,2.0,4.0,1.5289559410567708,,M2,1.5138137436827055,-1.722902588714527,2.0,0.0,-0.9903619174009282,,0.38982109712218593
boson,small,3s_s,ss,23,0.517948717948718,19984,4022,0,0.02,0.0003662109375,0.02,2.0,4.0,1.5289559410567708,,free,1.5113584672811966,,1.9996821550019326,-0.015892249903370903,-1.1509470811442268,,0.38986192599104713
boson,small,3s_s,ss,24,0.5230769230769231,19984,4022,0,0.02,0.0003662109375,0.02,2.0,4.0,1.4965980007016761,,M1,1.4813853442174765,,2.0,0.0,-1.0164824807374684,,0.38998842301734027
boson,small,3s_s,ss,24,0.5230769230769231,19984,4022,0,0.02,0.0003662109375,0.02,2.0,4.0,1.4965980007016761,,M2,1.4817762822776135,-1.619150911450521,2.0,0.0,-0.9903606992067049,,0.3898183409173101
boson,small,3s_s,ss,24,0.5230769230769231,19984,4022,0,0.02,0.0003662109375,0.02,2.0,4.0,1.4965980007016761,,free,1.479471934582297,,1.9996953383611842,-0.015233081940790871,-1.1443330882006775,,0.38985640965423546
boson,small,3s_s,ss,25,0.5282051282051282,19984,4022,0,0.02,0.0003662109375,0.02,2.0,4.0,1.4645861345749782,,M1,1.4497152073576933,,2.0,0.0,-1.0153671993897717,,0.38997196001018913
boson,small,3s_s,ss,25,0.5282051282051282,19984,4022,0,0.02,0.0003662109375,0.02,2.0,4.0,1.4645861345749782,,M2,1.450081467535143,-1.5169423512712952,2.0,0.0,-0.9903594399413351,,0.38981607540244245
boson,small,3s_s,ss,25,0.5282051282051282,19984,4022,0,0.02,0.0003662109375,0.02,2.0,4.0,1.4645861345749782,,free,1.4479258008717648,,1.99970886676168,-0.014556661915998692,-1.1375455024397185,,0.38985140868759666
boson,small,3s_s,ss,26,0.5333333333333333,19984,4022,0,0.02,0.0003662109375,0.02,2.0,4.0,1.4329203426766772,,M1,1.4183873288579185,,2.0,0.0,-1.0142234279130413,,0.38995626740917255
boson,small,3s_s,ss,26,0.5333333333333333,19984,4022,0,0.02,0.0003662109375,0.02,2.0,4.0,1.4329203426766772,,M2,1.4187292993984262,-1.4163417912249407,2.0,0.0,-0.9903581417332941,,0.3898143006548152
boson,small,3s_s,ss,26,0.5333333333333333,19984,4022,0,0.02,0.0003662109375,0.02,2.0,4.0,1.4329203426766772,,free,1.4167199748047594,,1.9997227409282015,-0.013862953589927063,-1.1305839821951102,,0.389846930678036
boson,small,3s_s,ss,27,0.5384615384615384,19984,4022,0,0.02,0.0003662109375,0.02,2.0,4.0,1.401600625006773,,M1,1.3874016935842561,,2.0,0.0,-1.0130511623058225,,0.38994139392483723
boson,small,3s_s,ss,27,0.5384615384615384,19984,4022,0,0.02,0.0003662109375,0.02,2.0,4.0,1.401600625006773,,M2,1.387719777813003,-1.317411685916083,2.0,0.0,-0.9903568067902935,,0.3898130167596331
boson,small,3s_s,ss,27,0.5384615384615384,19984,4022,0,0.02,0.0003662109375,0.02,2.0,4.0,1.401600625006773,,free,1.3858543614947105,,1.9997369604370259,-0.013151978148706611,-1.1234486651278686,,0.38984298341329293
boson,small,3s_s,ss,28,0.5435897435897435,19984,4022,0,0.02,0.0003662109375,0.02,2.0,4.0,1.3706269815652654,,M1,1.356758286991439,,2.0,0.0,-1.0118503984204552,,0.389927389496335
boson,small,3s_s,ss,28,0.5435897435897435,19984,4022,0,0.02,0.0003662109375,0.02,2.0,4.0,1.3706269815652654,,M2,1.3570529027268283,-1.2202120620241192,2.0,0.0,-0.9903554374024792,,0.3898122238092438
boson,small,3s_s,ss,28,0.5435897435897435,19984,4022,0,0.02,0.0003662109375,0.02,2.0,4.0,1.3706269815652654,,free,1.3553288727924995,,1.999751525377383,-0.012423731130850602,-1.1161394732865482,,0.3898395748812184
boson,small,3s_s,ss,29,0.5487179487179488,19984,4022,0,0.02,0.0003662109375,0.02,2.0,4.0,1.339999412352154,,M1,1.3264570951227528,,2.0,0.0,-1.0106211319622749,,0.38991430529310483
boson,small,3s_s,ss,29,0.5487179487179488,19984,4022,0,0.02,0.0003662109375,0.02,2.0,4.0,1.339999412352154,,M2,1.3267286740903523,-1.1248005189516184,2.0,0.0,-0.9903540359399776,,0.38981192190449576
boson,small,3s_s,ss,29,0.5487179487179488,19984,4022,0,0.02,0.0003662109375,0.02,2.0,4.0,1.339999412352154,,free,1.3251434262641875,,1.9997664362289143,-0.01167818855428715,-1.1086561644000348,,0.3898367132712791
boson,small,3s_s,ss,30,0.5538461538461539,19984,4022,0,0.02,0.0003662109375,0.02,2.0,4.0,1.3097179173674398,,M1,1.2964981046099677,,2.0,0.0,-1.0093633584889905,,0.3899021937135076
boson,small,3s_s,ss,30,0.5538461538461539,19984,4022,0,0.02,0.0003662109375,0.02,2.0,4.0,1.3097179173674398,,M2,1.2967470918565258,-1.0312322291244849,2.0,0.0,-0.9903526048559819,,0.38981211115317327
boson,small,3s_s,ss,30,0.5538461538461539,19984,4022,0,0.02,0.0003662109375,0.02,2.0,4.0,1.3097179173674398,,free,1.295297938300059,,1.9997816926485468,-0.010915367572661427,-1.1009988392283288,,0.3898344069731218
boson,small,3s_s,ss,31,0.558974358974359,19984,4022,0,0.02,0.0003662109375,0.02,2.0,4.0,1.2797824966111224,,M1,1.266881302673239,,2.0,0.0,-1.0080770734125388,,0.3898911083866113
boson,small,3s_s,ss,31,0.558974358974359,19984,4022,0,0.02,0.0003662109375,0.02,2.0,4.0,1.2797824966111224,,M2,1.2671081559808846,-0.9395599387572007,2.0,0.0,-0.9903511466830994,,0.38981279167157595
boson,small,3s_s,ss,31,0.558974358974359,19984,4022,0,0.02,0.0003662109375,0.02,2.0,4.0,1.2797824966111224,,free,1.265792331392049,,1.9997972947325813,-0.010135263370936176,-1.0931674136909653,,0.3898326645783016
boson,small,3s_s,ss,32,0.5641025641025641,19984,4022,0,0.02,0.0003662109375,0.02,2.0,4.0,1.2501931500832018,,M1,1.2376066771210839,,2.0,0.0,-1.0067622719961533,,0.3898811041708081
boson,small,3s_s,ss,32,0.5641025641025641,19984,4022,0,0.02,0.0003662109375,0.02,2.0,4.0,1.2501931500832018,,M2,1.2378118664215387,-0.8498339679069926,2.0,0.0,-0.990349664037038,,0.3898139635831127
boson,small,3s_s,ss,32,0.5641025641025641,19984,4022,0,0.02,0.0003662109375,0.02,2.0,4.0,1.2501931500832018,,free,1.236626532676554,,1.999813242791434,-0.009337860428304534,-1.085161713271654,,0.3898314948790022
boson,small,3s_s,ss,33,0.5692307692307692,19984,4022,0,0.02,0.0003662109375,0.02,2.0,4.0,1.2209498777836776,,M1,1.208674216350294,,2.0,0.0,-1.005418949356629,,0.38987223715458236
boson,small,3s_s,ss,33,0.5692307692307692,19984,4022,0,0.02,0.0003662109375,0.02,2.0,4.0,1.2209498777836776,,M2,1.2088582231392369,-0.7621022110906531,2.0,0.0,-0.9903481596140518,,0.3898156270190329
boson,small,3s_s,ss,33,0.5692307692307692,19984,4022,0,0.02,0.0003662109375,0.02,2.0,4.0,1.2209498777836776,,free,1.207800471369151,,1.9998295368714065,-0.00852315642967394,-1.0769816725315517,,0.38983090686892324
boson,small,3s_s,ss,34,0.5743589743589743,19984,4022,0,0.02,0.0003662109375,0.02,2.0,4.0,1.1920526797125506,,M1,1.1800839093458972,,2.0,0.0,-1.0040471004636675,,0.38986456465720476
boson,small,3s_s,ss,34,0.5743589743589743,19984,4022,0,0.02,0.0003662109375,0.02,2.0,4.0,1.1920526797125506,,M2,1.1802472260973802,-0.6764101375192749,2.0,0.0,-0.990346636192041,,0.3898177821192319
boson,small,3s_s,ss,34,0.5743589743589743,19984,4022,0,0.02,0.0003662109375,0.02,2.0,4.0,1.1920526797125506,,free,1.1793140794239365,,1.9998461768556768,-0.007691157216160871,-1.0686272935258034,,0.38983090974422535
boson,small,3s_s,ss,35,0.5794871794871795,19984,4022,0,0.02,0.0003662109375,0.02,2.0,4.0,1.1635015558698194,,M1,1.151835745681128,,2.0,0.0,-1.0026467201387002,,0.3898581452266121
boson,small,3s_s,ss,35,0.5794871794871795,19984,4022,0,0.02,0.0003662109375,0.02,2.0,4.0,1.1635015558698194,,M2,1.1519788752620348,-0.5928007912565169,2.0,0.0,-0.9903450966312066,,0.3898204290303403
boson,small,3s_s,ss,35,0.5794871794871795,19984,4022,0,0.02,0.0003662109375,0.02,2.0,4.0,1.1635015558698194,,free,1.1511672935107715,,1.999863162849067,-0.006841857546646679,-1.0600984843399663,,0.3898315129017617
boson,small,3s_s,ss,36,0.5846153846153846,19984,4022,0,0.02,0.0003662109375,0.02,2.0,4.0,1.1352965062554858,,M1,1.123929715517382,,2.0,0.0,-1.001217803056098,,0.38985303864035087
boson,small,3s_s,ss,36,0.5846153846153846,19984,4022,0,0.02,0.0003662109375,0.02,2.0,4.0,1.1352965062554858,,M2,1.1240531706019656,-0.5113147915479387,2.0,0.0,-0.9903435438732844,,0.3898235679069476
boson,small,3s_s,ss,36,0.5846153846153846,19984,4022,0,0.02,0.0003662109375,0.02,2.0,4.0,1.1352965062554858,,free,1.1233600548573002,,1.9998804951737936,-0.00597524131031868,-1.0513950613267764,,0.38983272594045315
boson,small,3s_s,ss,37,0.5897435897435898,19984,4022,0,0.02,0.0003662109375,0.02,2.0,4.0,1.1074375308695488,,M1,1.096365809604195,,2.0,0.0,-0.9997603437423952,,0.389849305905987
boson,small,3s_s,ss,37,0.5897435897435898,19984,4022,0,0.02,0.0003662109375,0.02,2.0,4.0,1.1074375308695488,,M2,1.0964701120886415,-0.43199033294127837,2.0,0.0,-0.9903419809418668,,0.3898271989124291
boson,small,3s_s,ss,37,0.5897435897435898,19984,4022,0,0.02,0.0003662109375,0.02,2.0,4.0,1.1074375308695488,,free,1.0958923059257828,,1.9998981736775163,-0.005091316124183898,-1.0425170379317672,,0.38983455866226596
boson,small,3s_s,ss,38,0.5948717948717949,19984,4022,0,0.02,0.0003662109375,0.02,2.0,4.0,1.0799246297120084,,M1,1.0691440192792259,,2.0,0.0,-0.998274336576388,,0.3898470092576605
boson,small,3s_s,ss,38,0.5948717948717949,19984,4022,0,0.02,0.0003662109375,0.02,2.0,4.0,1.0799246297120084,,M2,1.0692296996962474,-0.35486318539932676,2.0,0.0,-0.9903404109426694,,0.38983132221602534
boson,small,3s_s,ss,38,0.5948717948717949,19984,4022,0,0.02,0.0003662109375,0.02,2.0,4.0,1.0799246297120084,,free,1.0687639940439488,,1.9999161984772034,-0.004190076139831689,-1.0334643141749478,,0.3898370210694356
boson,small,3s_s,ss,39,0.6,19984,4022,0,0.02,0.0003662109375,0.02,2.0,4.0,1.052757802782865,,M1,1.0422643364682473,,2.0,0.0,-0.9967597757888136,,0.3898462121596997
boson,small,3s_s,ss,39,0.6,19984,4022,0,0.02,0.0003662109375,0.02,2.0,4.0,1.052757802782865,,M2,1.042331933401689,-0.27996669435395566,2.0,0.0,-0.9903388370635979,,0.38983593799710486
boson,small,3s_s,ss,39,0.6,19984,4022,0,0.02,0.0003662109375,0.02,2.0,4.0,1.052757802782865,,free,1.0419750704770476,,1.9999345697824404,-0.0032715108779779456,-1.0242367501161476,,0.3898401233688855
boson,small,ss,00,-1,0.5,19984,4022,0,0.02,0.0003662109375,0.02,2.0,4.0,0.8224670334241132,,M1,0.7810263095377602,,2.0,0.0,-5.038587834192699,,1.0434331555610057
boson,small,ss,00,-1,0.5,19984,4022,0,0.02,0.0003662109375,0.02,2.0,4.0,0.8224670334241132,,M2,0.7811515705824209,-0.5187945490925664,2.0,0.0,-5.023357917421545,,1.0434096843177734
boson,small,ss,00,-1,0.5,19984,4022,0,0.02,0.0003662109375,0.02,2.0,4.0,0.8224670334241132,,free,0.7804881317543773,,1.9998375170417368,-0.008124147913157742,-5.104022406219544,,1.0434191266823498
boson,small,ss,00,0,0.4,19984,4022,0,0.02,0.0003662109375,0.02,2.0,4.0,1.184352528130723,,M1,1.124604161543079,,2.0,0.0,-5.044812686130329,,1.043433601254847
boson,small,ss,00,0,0.4,19984,4022,0,0.02,0.0003662109375,0.02,2.0,4.0,1.184352528130723,,M2,1.1248582387195618,-1.0523132276683242,2.0,0.0,-5.02335985258221,,1.0433870242108811
boson,small,ss,00,0,0.4,19984,4022,0,0.02,0.0003662109375,0.02,2.0,4.0,1.184352528130723,,free,1.1234537976353027,,1.9997587566381674,-0.012062168091631076,-5.141942880093097,,1.0434026729636117
boson,small,ss,00,1,0.40512820512820513,19984,4022,0,0.02,0.0003662109375,0.02,2.0,4.0,1.1641937043266133,,M1,1.1054645245638357,,2.0,0.0,-5.044622689893985,,1.043433238279814
boson,small,ss,00,1,0.40512820512820513,19984,4022,0,0.02,0.0003662109375,0.02,2.0,4.0,1.1641937043266133,,M2,1.105712064810433,-1.025239179215425,2.0,0.0,-5.023359884084488,,1.043387482919043
boson,small,ss,00,1,0.40512820512820513,19984,4022,0,0.02,0.0003662109375,0.02,2.0,4.0,1.1641937043266133,,free,1.1043450056109465,,1.9997611615469983,-0.011941922650082759,-5.140785291420569,,1.0434029236170783
boson,small,ss,00,2,0.41025641025641024,19984,4022,0,0.02,0.0003662109375,0.02,2.0,4.0,1.144207917636702,,M1,1.086489279191741,,2.0,0.0,-5.044418724542254,,1.0434328991757
boson,small,ss,00,2,0.41025641025641024,19984,4022,0,0.02,0.0003662109375,0.02,2.0,4.0,1.144207917636702,,M2,1.0867302359215554,-0.9979721814820818,2.0,0.0,-5.023359900695635,,1.0433880176971633
boson,small,ss,00,2,0.41025641025641024,19984,4022,0,0.02,0.0003662109375,0.02,2.0,4.0,1.144207917636702,,free,1.0854008603951135,,1.9997637423746062,-0.01181288126969049,-5.13954293928075,,1.0434032363701038
boson,small,ss,00,3,0.4153846153846154,19984,4022,0,0.02,0.0003662109375,0.02,2.0,4.0,1.1243951680609885,,M1,1.0676784181109704,,2.0,0.0,-5.044200789996789,,1.0434325856626883
boson,small,ss,00,3,0.4153846153846154,19984,4022,0,0.02,0.0003662109375,0.02,2.0,4.0,1.1243951680609885,,M2,1.0679127520434515,-0.9705424952173727,2.0,0.0,-5.023359902456759,,1.0433886285359768
boson,small,ss,00,3,0.4153846153846154,19984,4022,0,0.02,0.0003662109375,0.02,2.0,4.0,1.1243951680609885,,free,1.0666213274658893,,1.9997665012892947,-0.011674935535266329,-5.138214947573083,,1.0434036114884044
boson,small,ss,00,4,0.4205128205128205,19984,4022,0,0.02,0.0003662109375,0.02,2.0,4.0,1.104755455599474,,M1,1.049031934151073,,2.0,0.0,-5.0439688861426575,,1.0434322995796366
boson,small,ss,00,4,0.4205128205128205,19984,4022,0,0.02,0.0003662109375,0.02,2.0,4.0,1.104755455599474,,M2,1.04925961316655,-0.94297977868654,2.0,0.0,-5.023359889434575,,1.0433893154268175
boson,small,ss,00,4,0.4205128205128205,19984,4022,0,0.02,0.0003662109375,0.02,2.0,4.0,1.104755455599474,,free,1.0480063532212385,,1.9997694361248994,-0.011528193755028227,-5.136802184646538,,1.0434040492570036
boson,small,ss,00,5,0.4256410256410256,19984,4022,0,0.02,0.0003662109375,0.02,2.0,4.0,1.0852887802521578,,M1,1.0305498202869674,,2.0,0.0,-5.043723012825419,,1.0434320428855648
boson,small,ss,00,5,0.4256410256410256,19984,4022,0,0.02,0.0003662109375,0.02,2.0,4.0,1.0852887802521578,,M2,1.0307708192812894,-0.9153130881168027,2.0,0.0,-5.023359861713628,,1.0433900783630772
boson,small,ss,00,5,0.4256410256410256,19984,4022,0,0.02,0.0003662109375,0.02,2.0,4.0,1.0852887802521578,,free,1.029555894417348,,1.9997725467177914,-0.011372664110431696,-5.135304708656507,,1.0434045499817068
boson,small,ss,00,6,0.4307692307692308,19984,4022,0,0.02,0.0003662109375,0.02,2.0,4.0,1.0659951420190399,,M1,1.0122320696388716,,2.0,0.0,-5.04346316985449,,1.0434318176570818
boson,small,ss,00,6,0.4307692307692308,19984,4022,0,0.02,0.0003662109375,0.02,2.0,4.0,1.0659951420190399,,M2,1.0124463703780866,-0.8875708778604379,2.0,0.0,-5.0233598194012075,,1.0433909173376286
boson,small,ss,00,6,0.4307692307692308,19984,4022,0,0.02,0.0003662109375,0.02,2.0,4.0,1.0659951420190399,,free,1.0112699169912083,,1.9997758348566115,-0.011208257169426084,-5.133721803288871,,1.0434051139865097
boson,small,ss,00,7,0.4358974358974359,19984,4022,0,0.02,0.0003662109375,0.02,2.0,4.0,1.0468745409001203,,M1,0.9940786754722971,,2.0,0.0,-5.043189357000544,,1.043431626090308
boson,small,ss,00,7,0.4358974358974359,19984,4022,0,0.02,0.0003662109375,0.02,2.0,4.0,1.0468745409001203,,M2,0.9942862664473963,-0.8597810006605693,2.0,0.0,-5.023359762623302,,1.0433918323447278
boson,small,ss,00,7,0.4358974358974359,19984,4022,0,0.02,0.0003662109375,0.02,2.0,4.0,1.0468745409001203,,free,0.993148379650455,,1.9997793005158389,-0.011034974208057324,-5.132053474475617,,1.0434057416155185
boson,small,ss,00,8,0.441025641025641,19984,4022,0,0.02,0.0003662109375,0.02,2.0,4.0,1.0279269768953991,,M1,0.9760896311980101,,2.0,0.0,-5.042901573996151,,1.0434314705010994
boson,small,ss,00,8,0.441025641025641,19984,4022,0,0.02,0.0003662109375,0.02,2.0,4.0,1.0279269768953991,,M2,0.9762905074796819,-0.8319707076978607,2.0,0.0,-5.023359691529105,,1.0433928233802379
boson,small,ss,00,8,0.441025641025641,19984,4022,0,0.02,0.0003662109375,0.02,2.0,4.0,1.0279269768953991,,free,0.9751912349680245,,1.99978294195188,-0.010852902406000009,-5.130300411674183,,1.0434064332331665
boson,small,ss,00,9,0.4461538461538462,19984,4022,0,0.02,0.0003662109375,0.02,2.0,4.0,1.0091524500048765,,M1,0.9582649303719859,,2.0,0.0,-5.0425998205369975,,1.0434313533230974
boson,small,ss,00,9,0.4461538461538462,19984,4022,0,0.02,0.0003662109375,0.02,2.0,4.0,1.0091524500048765,,M2,0.9584590934654696,-0.8041666489939635,2.0,0.0,-5.023359606287626,,1.0433938904396416
boson,small,ss,00,9,0.4461538461538462,19984,4022,0,0.02,0.0003662109375,0.02,2.0,4.0,1.0091524500048765,,free,0.9573984474766206,,1.9997867600478874,-0.010661997605632134,-5.128462258403655,,1.0434071892222356
boson,small,ss,00,10,0.4512820512820513,19984,4022,0,0.02,0.0003662109375,0.02,2.0,4.0,0.990550960228552,,M1,0.9406045666953934,,2.0,0.0,-5.042284096280558,,1.0434312771103464
boson,small,ss,00,10,0.4512820512820513,19984,4022,0,0.02,0.0003662109375,0.02,2.0,4.0,0.990550960228552,,M2,0.9407920243953478,-0.7763948734833376,2.0,0.0,-5.023359507089187,,1.0433950335206579
boson,small,ss,00,10,0.4512820512820513,19984,4022,0,0.02,0.0003662109375,0.02,2.0,4.0,0.990550960228552,,free,0.9397699762332764,,1.9997907541490394,-0.010462292548030216,-5.126539273008113,,1.0434080099864689
boson,small,ss,00,11,0.4564102564102564,19984,4022,0,0.02,0.0003662109375,0.02,2.0,4.0,0.972122507566426,,M1,0.9231085340145676,,2.0,0.0,-5.0419544008458494,,1.0434312445346052
boson,small,ss,00,11,0.4564102564102564,19984,4022,0,0.02,0.0003662109375,0.02,2.0,4.0,0.972122507566426,,M2,0.9232893002600021,-0.7486808292659283,2.0,0.0,-5.023359394143756,,1.0433962526205196
boson,small,ss,00,11,0.4564102564102564,19984,4022,0,0.02,0.0003662109375,0.02,2.0,4.0,0.972122507566426,,free,0.9223057917008906,,1.9997949262413222,-0.010253687933892142,-5.12453065100249,,1.043408895947862
boson,small,ss,00,12,0.46153846153846156,19984,4022,0,0.02,0.0003662109375,0.02,2.0,4.0,0.9538670920184981,,M1,0.9057768263209692,,2.0,0.0,-5.0416107338145055,,1.0434312583877692
boson,small,ss,00,12,0.46153846153846156,19984,4022,0,0.02,0.0003662109375,0.02,2.0,4.0,0.9538670920184981,,M2,0.9059509210501936,-0.7210493636868418,2.0,0.0,-5.023359267684569,,1.0433975477383846
boson,small,ss,00,12,0.46153846153846156,19984,4022,0,0.02,0.0003662109375,0.02,2.0,4.0,0.9538670920184981,,free,0.9050058463659276,,1.9997992735404688,-0.010036322976558765,-5.122437503234767,,1.0434098475490696
boson,small,ss,00,13,0.4666666666666667,19984,4022,0,0.02,0.0003662109375,0.02,2.0,4.0,0.9357847135847688,,M1,0.8886094377511582,,2.0,0.0,-5.041253094730869,,1.043431321581255
boson,small,ss,00,13,0.4666666666666667,19984,4022,0,0.02,0.0003662109375,0.02,2.0,4.0,0.9357847135847688,,M2,0.8887768867568248,-0.6935247237163519,2.0,0.0,-5.023359127963123,,1.04339891887468
boson,small,ss,00,13,0.4666666666666667,19984,4022,0,0.02,0.0003662109375,0.02,2.0,4.0,0.9357847135847688,,free,0.8878701132953574,,1.9998037982974226,-0.009810085128869606,-5.120258922146947,,1.0434108652527627
boson,small,ss,00,14,0.4717948717948718,19984,4022,0,0.02,0.0003662109375,0.02,2.0,4.0,0.9178753722652379,,M1,0.8716063625867811,,2.0,0.0,-5.040881483100346,,1.04343143714337
boson,small,ss,00,14,0.4717948717948718,19984,4022,0,0.02,0.0003662109375,0.02,2.0,4.0,0.9178753722652379,,M2,0.871767197370898,-0.6661305558353087,2.0,0.0,-5.023358975254865,,1.0434003660284696
boson,small,ss,00,14,0.4717948717948718,19984,4022,0,0.02,0.0003662109375,0.02,2.0,4.0,0.9178753722652379,,free,0.8708985578572741,,1.9998085006325004,-0.009574968374981285,-5.117994863728503,,1.0434119495389884
boson,small,ss,00,15,0.47692307692307695,19984,4022,0,0.02,0.0003662109375,0.02,2.0,4.0,0.9001390680599048,,M1,0.8547675952545235,,2.0,0.0,-5.040495898391761,,1.0434316082249517
boson,small,ss,00,15,0.47692307692307695,19984,4022,0,0.02,0.0003662109375,0.02,2.0,4.0,0.9001390680599048,,M2,0.8549218528835936,-0.6388899065488985,2.0,0.0,-5.0233588098524855,,1.0434018892030315
boson,small,ss,00,15,0.47692307692307695,19984,4022,0,0.02,0.0003662109375,0.02,2.0,4.0,0.9001390680599048,,free,0.8540911369536868,,1.9998133780022835,-0.009331099885823146,-5.115646319569988,,1.0434131009107745
boson,small,ss,00,16,0.48205128205128206,19984,4022,0,0.02,0.0003662109375,0.02,2.0,4.0,0.8825758009687708,,M1,0.8380931303261131,,2.0,0.0,-5.04009634003455,,1.0434318380927896
boson,small,ss,00,16,0.48205128205128206,19984,4022,0,0.02,0.0003662109375,0.02,2.0,4.0,0.8825758009687708,,M2,0.8382408532862144,-0.6118252221502272,2.0,0.0,-5.023358632073471,,1.0434034883992906
boson,small,ss,00,16,0.48205128205128206,19984,4022,0,0.02,0.0003662109375,0.02,2.0,4.0,0.8825758009687708,,free,0.8374478272652626,,1.9998184331208537,-0.009078343957313884,-5.113212219729213,,1.0434143198875392
boson,small,ss,00,17,0.48717948717948717,19984,4022,0,0.02,0.0003662109375,0.02,2.0,4.0,0.8651855709918348,,M1,0.8215829625182633,,2.0,0.0,-5.0396828074220075,,1.043432130135158
boson,small,ss,00,17,0.48717948717948717,19984,4022,0,0.02,0.0003662109375,0.02,2.0,4.0,0.8651855709918348,,M2,0.8217241985702604,-0.5849583492603762,2.0,0.0,-5.023358442253145,,1.0434051636212798
boson,small,ss,00,17,0.48717948717948717,19984,4022,0,0.02,0.0003662109375,0.02,2.0,4.0,0.8651855709918348,,free,0.8209685943195539,,1.9998236653352792,-0.008816733236038932,-5.110692798724237,,1.0434156070105867
boson,small,ss,00,18,0.49230769230769234,19984,4022,0,0.02,0.0003662109375,0.02,2.0,4.0,0.8479683781290974,,M1,0.8052370866926765,,2.0,0.0,-5.0392552999087625,,1.0434324878588335
boson,small,ss,00,18,0.49230769230769234,19984,4022,0,0.02,0.0003662109375,0.02,2.0,4.0,0.8479683781290974,,M2,0.8053718887273977,-0.5583105346864247,2.0,0.0,-5.023358240749709,,1.043406914873155
boson,small,ss,00,18,0.49230769230769234,19984,4022,0,0.02,0.0003662109375,0.02,2.0,4.0,0.8479683781290974,,free,0.8046534033998421,,1.9998290736825046,-0.00854631587476895,-5.108088443677894,,1.043416962840108
boson,small,ss,00,19,0.49743589743589745,19984,4022,0,0.02,0.0003662109375,0.02,2.0,4.0,0.8309242223805584,,M1,0.7890554978560265,,2.0,0.0,-5.038813816809917,,1.0434329148895114
boson,small,ss,00,19,0.49743589743589745,19984,4022,0,0.02,0.0003662109375,0.02,2.0,4.0,0.8309242223805584,,M2,0.7891839237494978,-0.5319024256558611,2.0,0.0,-5.023358027941061,,1.0434087421595624
boson,small,ss,00,19,0.49743589743589745,19984,4022,0,0.02,0.0003662109375,0.02,2.0,4.0,0.8309242223805584,,free,0.7885022243768866,,1.9998346582098687,-0.008267089506563963,-5.105399127989651,,1.0434183879555683
boson,small,ss,00,20,0.5025641025641026,19984,4022,0,0.02,0.0003662109375,0.02,2.0,4.0,0.8140531037462176,,M1,0.7730381911598967,,2.0,0.0,-5.038358357406059,,1.0434334149733728
boson,small,ss,00,20,0.5025641025641026,19984,4022,0,0.02,0.0003662109375,0.02,2.0,4.0,0.8140531037462176,,M2,0.7731603036286282,-0.505754070036017,2.0,0.0,-5.023357804227214,,1.043410645487164
boson,small,ss,00,20,0.5025641025641026,19984,4022,0,0.02,0.0003662109375,0.02,2.0,4.0,0.8140531037462176,,free,0.7725150333752164,,1.9998404206112739,-0.007978969436306382,-5.102624162950276,,1.0434198829572312
boson,small,ss,00,21,0.5076923076923077,19984,4022,0,0.02,0.0003662109375,0.02,2.0,4.0,0.7973550222260752,,M1,0.7571851619008081,,2.0,0.0,-5.0378889209376165,,1.0434339919751492
boson,small,ss,00,21,0.5076923076923077,19984,4022,0,0.02,0.0003662109375,0.02,2.0,4.0,0.7973550222260752,,M2,0.7573010283570895,-0.4798849163697111,2.0,0.0,-5.023357570027221,,1.043412624862674
boson,small,ss,00,21,0.5076923076923077,19984,4022,0,0.02,0.0003662109375,0.02,2.0,4.0,0.7973550222260752,,free,0.7566917961604143,,1.9998463592166453,-0.007682039167733468,-5.099764211948699,,1.0434214484642113
boson,small,ss,00,22,0.5128205128205128,19984,4022,0,0.02,0.0003662109375,0.02,2.0,4.0,0.7808299778201313,,M1,0.741496405520177,,2.0,0.0,-5.037405506607606,,1.0434346498788392
boson,small,ss,00,22,0.5128205128205128,19984,4022,0,0.02,0.0003662109375,0.02,2.0,4.0,0.7808299778201313,,M2,0.7416060979273797,-0.4543138139054116,2.0,0.0,-5.023357325784817,,1.0434146802935382
boson,small,ss,00,22,0.5128205128205128,19984,4022,0,0.02,0.0003662109375,0.02,2.0,4.0,0.7808299778201313,,free,0.7410324868710343,,1.9998524745996566,-0.007376270017167563,-5.096819036098099,,1.0434230851151507
boson,small,ss,00,23,0.517948717948718,19984,4022,0,0.02,0.0003662109375,0.02,2.0,4.0,0.7644779705283854,,M1,0.7259719176043015,,2.0,0.0,-5.03690811358104,,1.043435392788381
boson,small,ss,00,23,0.517948717948718,19984,4022,0,0.02,0.0003662109375,0.02,2.0,4.0,0.7644779705283854,,M2,0.7260755123322707,-0.4290590129662591,2.0,0.0,-5.023357071960099,,1.043416811788546
boson,small,ss,00,23,0.517948717948718,19984,4022,0,0.02,0.0003662109375,0.02,2.0,4.0,0.7644779705283854,,free,0.7255370786521713,,1.9998587667738164,-0.007061661309182288,-5.093788621443107,,1.0434247935688525
boson,small,ss,00,24,0.5230769230769231,19984,4022,0,0.02,0.0003662109375,0.02,2.0,4.0,0.7482990003508381,,M1,0.7106116938843421,,2.0,0.0,-5.0363967409854045,,1.0434362249272129
boson,small,ss,00,24,0.5230769230769231,19984,4022,0,0.02,0.0003662109375,0.02,2.0,4.0,0.7482990003508381,,M2,0.7107092715647584,-0.4041381648230927,2.0,0.0,-5.023356809037005,,1.0434190193573647
boson,small,ss,00,24,0.5230769230769231,19984,4022,0,0.02,0.0003662109375,0.02,2.0,4.0,0.7482990003508381,,free,0.7102055440458221,,1.999865235259937,-0.006738237003145464,-5.090673151662095,,1.0434265745038147
boson,small,ss,00,25,0.5282051282051282,19984,4022,0,0.02,0.0003662109375,0.02,2.0,4.0,0.7322930672874891,,M1,0.6954157302363079,,2.0,0.0,-5.0358713879102845,,1.0434371506382967
boson,small,ss,00,25,0.5282051282051282,19984,4022,0,0.02,0.0003662109375,0.02,2.0,4.0,0.7322930672874891,,M2,0.6955073756181009,-0.37956832191997664,2.0,0.0,-5.023356537519497,,1.04342130301051
boson,small,ss,00,25,0.5282051282051282,19984,4022,0,0.02,0.0003662109375,0.02,2.0,4.0,0.7322930672874891,,free,0.6950378624047253,,1.9998718815528713,-0.006405922356433891,-5.0874720172842895,,1.0434284286182127
boson,small,ss,00,26,0.5333333333333333,19984,4022,0,0.02,0.0003662109375,0.02,2.0,4.0,0.7164601713383386,,M1,0.6803840226810487,,2.0,0.0,-5.035332053406416,,1.0434381743837495
boson,small,ss,00,26,0.5333333333333333,19984,4022,0,0.02,0.0003662109375,0.02,2.0,4.0,0.7164601713383386,,M2,0.6804698244858097,-0.3553659378533291,2.0,0.0,-5.023356257933975,,1.0434236627589384
boson,small,ss,00,26,0.5333333333333333,19984,4022,0,0.02,0.0003662109375,0.02,2.0,4.0,0.7164601713383386,,free,0.680034003338142,,1.999878703573966,-0.006064821301698942,-5.084186038164962,,1.0434303566295033
boson,small,ss,00,27,0.5384615384615384,19984,4022,0,0.02,0.0003662109375,0.02,2.0,4.0,0.7008003125033865,,M1,0.6655165673842256,,2.0,0.0,-5.034778736487844,,1.0434393007459846
boson,small,ss,00,27,0.5384615384615384,19984,4022,0,0.02,0.0003662109375,0.02,2.0,4.0,0.7008003125033865,,M2,0.6655966181616871,-0.33154686766502156,2.0,0.0,-5.023355970825028,,1.0434260986151243
boson,small,ss,00,27,0.5384615384615384,19984,4022,0,0.02,0.0003662109375,0.02,2.0,4.0,0.7008003125033865,,free,0.6651939501696464,,1.999885703674806,-0.00571481625970538,-5.0808142774005915,,1.043432359275509
boson,small,ss,00,28,0.5435897435897435,19984,4022,0,0.02,0.0003662109375,0.02,2.0,4.0,0.6853134907826327,,M1,0.6508133606563097,,2.0,0.0,-5.034211436130298,,1.0434405344273763
boson,small,ss,00,28,0.5435897435897435,19984,4022,0,0.02,0.0003662109375,0.02,2.0,4.0,0.6853134907826327,,M2,0.650887756639795,-0.30812636770796537,2.0,0.0,-5.0233556767608984,,1.0434286105926889
boson,small,ss,00,28,0.5435897435897435,19984,4022,0,0.02,0.0003662109375,0.02,2.0,4.0,0.6853134907826327,,free,0.6505176752631703,,1.9998928800299467,-0.005355998502665216,-5.07735744115082,,1.0434344373140616
boson,small,ss,00,29,0.5487179487179488,19984,4022,0,0.02,0.0003662109375,0.02,2.0,4.0,0.669999706176077,,M1,0.6362743989525727,,2.0,0.0,-5.03363015127073,,1.043441880248439
boson,small,ss,00,29,0.5487179487179488,19984,4022,0,0.02,0.0003662109375,0.02,2.0,4.0,0.669999706176077,,M2,0.6363432399144832,-0.2851190958059789,2.0,0.0,-5.023355376330397,,1.0434311987045244
boson,small,ss,00,29,0.5487179487179488,19984,4022,0,0.02,0.0003662109375,0.02,2.0,4.0,0.669999706176077,,free,0.6360051587655983,,1.9999002332708227,-0.004988336458866538,-5.073815271427129,,1.043436591521132
boson,small,ss,00,30,0.5538461538461539,19984,4022,0,0.02,0.0003662109375,0.02,2.0,4.0,0.6548589586837199,,M1,0.6218996788730645,,2.0,0.0,-5.033034880809173,,1.0434433431517742
boson,small,ss,00,30,0.5538461538461539,19984,4022,0,0.02,0.0003662109375,0.02,2.0,4.0,0.6548589586837199,,M2,0.6219630679803995,-0.26253911139162706,2.0,0.0,-5.02335507014241,,1.0434338629666808
boson,small,ss,00,30,0.5538461538461539,19984,4022,0,0.02,0.0003662109375,0.02,2.0,4.0,0.6548589586837199,,free,0.6216563786066223,,1.9999077628784363,-0.004611856078184928,-5.0701879598372575,,1.043438822694732
boson,small,ss,00,31,0.558974358974359,19984,4022,0,0.02,0.0003662109375,0.02,2.0,4.0,0.6398912483055612,,M1,0.6076891971626096,,2.0,0.0,-5.032425623607606,,1.0434449281988476
boson,small,ss,00,31,0.558974358974359,19984,4022,0,0.02,0.0003662109375,0.02,2.0,4.0,0.6398912483055612,,M2,0.6077472408324903,-0.24039987551638545,2.0,0.0,-5.02335475882637,,1.043436603395092
boson,small,ss,00,31,0.558974358974359,19984,4022,0,0.02,0.0003662109375,0.02,2.0,4.0,0.6398912483055612,,free,0.6074713177931178,,1.9999154699677055,-0.004226501614723599,-5.06647506092508,,1.0434411316516539
boson,small,ss,00,32,0.5641025641025641,19984,4022,0,0.02,0.0003662109375,0.02,2.0,4.0,0.6250965750416009,,M1,0.5936429507108014,,2.0,0.0,-5.03180237848947,,1.0434466405694263
boson,small,ss,00,32,0.5641025641025641,19984,4022,0,0.02,0.0003662109375,0.02,2.0,4.0,0.6250965750416009,,M2,0.5936957584659946,-0.21871425085403734,2.0,0.0,-5.0233544430341,,1.0434394200049615
boson,small,ss,00,32,0.5641025641025641,19984,4022,0,0.02,0.0003662109375,0.02,2.0,4.0,0.6250965750416009,,free,0.5934499571165188,,1.9999233544910104,-0.003832275449477951,-5.062676582890557,,1.0434435192268623
boson,small,ss,00,33,0.5692307692307692,19984,4022,0,0.02,0.0003662109375,0.02,2.0,4.0,0.6104749388918388,,M1,0.5797609365519899,,2.0,0.0,-5.031165144240369,,1.0434484855668524
boson,small,ss,00,33,0.5692307692307692,19984,4022,0,0.02,0.0003662109375,0.02,2.0,4.0,0.6104749388918388,,M2,0.5798086208764526,-0.19749450178612565,2.0,0.0,-5.0233541234392165,,1.0434423128159749
boson,small,ss,00,33,0.5692307692307692,19984,4022,0,0.02,0.0003662109375,0.02,2.0,4.0,0.6104749388918388,,free,0.5795922760383191,,1.9999314154612198,-0.003429226939011265,-5.058792898129328,,1.0434459862787209
boson,small,ss,00,34,0.5743589743589743,19984,4022,0,0.02,0.0003662109375,0.02,2.0,4.0,0.5960263398562753,,M1,0.5660431518652753,,2.0,0.0,-5.030513919607992,,1.043450468611138
boson,small,ss,00,34,0.5743589743589743,19984,4022,0,0.02,0.0003662109375,0.02,2.0,4.0,0.5960263398562753,,M2,0.5660858280597272,-0.17675229451899666,2.0,0.0,-5.023353800734364,,1.0434452818453255
boson,small,ss,00,34,0.5743589743589743,19984,4022,0,0.02,0.0003662109375,0.02,2.0,4.0,0.5960263398562753,,free,0.5658982578536635,,1.9999396530777949,-0.0030173461102567245,-5.054823921016105,,1.0434485336820396
boson,small,ss,00,35,0.5794871794871795,19984,4022,0,0.02,0.0003662109375,0.02,2.0,4.0,0.5817507779349097,,M1,0.5524895939745013,,2.0,0.0,-5.0298487033020205,,1.0434525952443414
boson,small,ss,00,35,0.5794871794871795,19984,4022,0,0.02,0.0003662109375,0.02,2.0,4.0,0.5817507779349097,,M2,0.5525273800119865,-0.15649869703893038,2.0,0.0,-5.023353475634352,,1.0434483271130468
boson,small,ss,00,35,0.5794871794871795,19984,4022,0,0.02,0.0003662109375,0.02,2.0,4.0,0.5817507779349097,,free,0.5523678877092417,,1.9999480679477886,-0.0025966026105717077,-5.0507693913140805,,1.0434511623334064
boson,small,ss,00,36,0.5846153846153846,19984,4022,0,0.02,0.0003662109375,0.02,2.0,4.0,0.5676482531277429,,M1,0.53910026034825,,2.0,0.0,-5.029169493994468,,1.0434548711272875
boson,small,ss,00,36,0.5846153846153846,19984,4022,0,0.02,0.0003662109375,0.02,2.0,4.0,0.5676482531277429,,M2,0.5391332767297198,-0.1367441791956336,2.0,0.0,-5.0233531488744205,,1.0434514486386541
boson,small,ss,00,36,0.5846153846153846,19984,4022,0,0.02,0.0003662109375,0.02,2.0,4.0,0.5676482531277429,,free,0.5390011506173761,,1.9999566603502348,-0.00216698248826086,-5.04662920259531,,1.0434538731478546
boson,small,ss,00,37,0.5897435897435898,19984,4022,0,0.02,0.0003662109375,0.02,2.0,4.0,0.5537187654347744,,M1,0.5258751485998442,,2.0,0.0,-5.028476290318185,,1.043457302042811
boson,small,ss,00,37,0.5897435897435898,19984,4022,0,0.02,0.0003662109375,0.02,2.0,4.0,0.5537187654347744,,M2,0.5259035182097244,-0.1174986126421827,2.0,0.0,-5.023352821212368,,1.0434546464443366
boson,small,ss,00,37,0.5897435897435898,19984,4022,0,0.02,0.0003662109375,0.02,2.0,4.0,0.5537187654347744,,free,0.5257980299857705,,1.9999654293788842,-0.0017285310557890732,-5.042403687922836,,1.0434566670620602
boson,small,ss,00,38,0.5948717948717949,19984,4022,0,0.02,0.0003662109375,0.02,2.0,4.0,0.5399623148560042,,M1,0.5128142564873321,,2.0,0.0,-5.027769090869205,,1.0434598938923536
boson,small,ss,00,38,0.5948717948717949,19984,4022,0,0.02,0.0003662109375,0.02,2.0,4.0,0.5399623148560042,,M2,0.5128381044491261,-0.0987712709826175,2.0,0.0,-5.02335249342567,,1.0434579205514793
boson,small,ss,00,38,0.5948717948717949,19984,4022,0,0.02,0.0003662109375,0.02,2.0,4.0,0.5399623148560042,,free,0.5127585130901018,,1.999974375478378,-0.00128122608109571,-5.038092662662407,,1.0434595450308843
boson,small,ss,00,39,0.6,19984,4022,0,0.02,0.0003662109375,0.02,2.0,4.0,0.5263789013914325,,M1,0.4999175819134931,,2.0,0.0,-5.0270478942053725,,1.0434626526995645
boson,small,ss,00,39,0.6,19984,4022,0,0.02,0.0003662109375,0.02,2.0,4.0,0.5263789013914325,,M2,0.4999370354453698,-0.08057082970751175,2.0,0.0,-5.0233521663133,,1.0434612709842033
boson,small,ss,00,39,0.6,19984,4022,0,0.02,0.0003662109375,0.02,2.0,4.0,0.5263789013914325,,free,0.4998825866177405,,1.9999834984242566,-0.000825078787169975,-5.033696203182069,,1.043462508030926
boson,small,ss,3s_s,-1,0.5,19984,4022,0,0.02,0.0003662109375,0.02,2.0,4.0,1.6449340668482264,,M1,1.6280601812887747,,2.0,0.0,-1.0258092345173941,,0.3921704997031435
boson,small,ss,3s_s,-1,0.5,19984,4022,0,0.02,0.0003662109375,0.02,2.0,4.0,1.6449340668482264,,M2,1.6286443217026965,-2.419338458080211,2.0,0.0,-0.9902977556262682,,0.3918577999246563
boson,small,ss,3s_s,-1,0.5,19984,4022,0,0.02,0.0003662109375,0.02,2.0,4.0,1.6449340668482264,,free,1.6251725146981422,,1.9995815355023054,-0.020923224884727976,-1.2013583126737948,,0.3919227656522407
boson,small,ss,3s_s,0,0.4,19984,4022,0,0.02,0.0003662109375,0.02,2.0,4.0,2.368705056261446,,M1,2.344129548830774,,2.0,0.0,-1.0375081256194907,,0.3917871733758048
boson,small,ss,3s_s,0,0.4,19984,4022,0,0.02,0.0003662109375,0.02,2.0,4.0,2.368705056261446,,M2,2.345246987234528,-4.628102490951664,2.0,0.0,-0.9903330499045904,,0.39123449061829124
boson,small,ss,3s_s,0,0.4,19984,4022,0,0.02,0.0003662109375,0.02,2.0,4.0,2.368705056261446,,free,2.3385653339925523,,1.999439811726307,-0.02800941368464871,-1.272413472889844,,0.39134261709968043
boson,small,ss,3s_s,1,0.40512820512820513,19984,4022,0,0.02,0.0003662109375,0.02,2.0,4.0,2.3283874086532266,,M1,2.3042380442166652,,2.0,0.0,-1.0371712347701512,,0.3918067013740821
boson,small,ss,3s_s,1,0.40512820512820513,19984,4022,0,0.02,0.0003662109375,0.02,2.0,4.0,2.3283874086532266,,M2,2.3053286461715476,-4.516953782036605,2.0,0.0,-0.990331866423233,,0.3912618929962523
boson,small,ss,3s_s,1,0.40512820512820513,19984,4022,0,0.02,0.0003662109375,0.02,2.0,4.0,2.3283874086532266,,free,2.298808310272784,,1.999443891918641,-0.027805404067948736,-1.2703684219608213,,0.3913686240762395
boson,small,ss,3s_s,2,0.41025641025641024,19984,4022,0,0.02,0.0003662109375,0.02,2.0,4.0,2.288415835273404,,M1,2.264689404668696,,2.0,0.0,-1.0368059090918313,,0.3918261232853688
boson,small,ss,3s_s,2,0.41025641025641024,19984,4022,0,0.02,0.0003662109375,0.02,2.0,4.0,2.288415835273404,,M2,2.265752952694289,-4.404904332943187,2.0,0.0,-0.9903306134222523,,0.39128978772562306
boson,small,ss,3s_s,2,0.41025641025641024,19984,4022,0,0.02,0.0003662109375,0.02,2.0,4.0,2.288415835273404,,free,2.2593952725573483,,1.9994483163965786,-0.027584180171069672,-1.2681507560267535,,0.3913950160507614
boson,small,ss,3s_s,3,0.4153846153846154,19984,4022,0,0.02,0.0003662109375,0.02,2.0,4.0,2.248790336121977,,M1,2.22548359988122,,2.0,0.0,-1.0364121486287292,,0.3918454547496603
boson,small,ss,3s_s,3,0.4153846153846154,19984,4022,0,0.02,0.0003662109375,0.02,2.0,4.0,2.248790336121977,,M2,2.226519906732943,-4.292079371657073,2.0,0.0,-0.9903292908772898,,0.39131817492190846
boson,small,ss,3s_s,3,0.4153846153846154,19984,4022,0,0.02,0.0003662109375,0.02,2.0,4.0,2.248790336121977,,free,2.2203260370465063,,1.999453085150161,-0.027345742491946545,-1.265760467672461,,0.3914217956048139
boson,small,ss,3s_s,4,0.4205128205128205,19984,4022,0,0.02,0.0003662109375,0.02,2.0,4.0,2.209510911198948,,M1,2.18662060014233,,2.0,0.0,-1.0359899532787153,,0.39186471260748823
boson,small,ss,3s_s,4,0.4205128205128205,19984,4022,0,0.02,0.0003662109375,0.02,2.0,4.0,2.209510911198948,,M2,2.18762950821733,-4.178601665525739,2.0,0.0,-0.9903278988445785,,0.391347054708324
boson,small,ss,3s_s,4,0.4205128205128205,19984,4022,0,0.02,0.0003662109375,0.02,2.0,4.0,2.209510911198948,,free,2.181600432794117,,1.9994581991712987,-0.027090041435062773,-1.2631971294355893,,0.3914489655164967
boson,small,ss,3s_s,5,0.4256410256410256,19984,4022,0,0.02,0.0003662109375,0.02,2.0,4.0,2.1705775605043156,,M1,2.148100376333557,,2.0,0.0,-1.0355393227936993,,0.3918839148994911
boson,small,ss,3s_s,5,0.4256410256410256,19984,4022,0,0.02,0.0003662109375,0.02,2.0,4.0,2.1705775605043156,,M2,2.1490817570770515,-4.064591523148146,2.0,0.0,-0.9903264374607201,,0.39137642721551064
boson,small,ss,3s_s,5,0.4256410256410256,19984,4022,0,0.02,0.0003662109375,0.02,2.0,4.0,2.1705775605043156,,free,2.143218271547043,,1.9994636572249316,-0.026817138753421066,-1.2604612456656783,,0.3914765287600976
boson,small,ss,3s_s,6,0.4307692307692308,19984,4022,0,0.02,0.0003662109375,0.02,2.0,4.0,2.1319902840380798,,M1,2.109922899929604,,2.0,0.0,-1.0350602567793743,,0.39190308086758485
boson,small,ss,3s_s,6,0.4307692307692308,19984,4022,0,0.02,0.0003662109375,0.02,2.0,4.0,2.1319902840380798,,M2,2.1108766532416747,-3.9501667962372995,2.0,0.0,-0.990324906941642,,0.3914062925828141
boson,small,ss,3s_s,6,0.4307692307692308,19984,4022,0,0.02,0.0003662109375,0.02,2.0,4.0,2.1319902840380798,,free,2.1051793900513562,,1.9994694603787861,-0.026526981060692734,-1.2575523531909605,,0.39150448850729025
boson,small,ss,3s_s,7,0.4358974358974359,19984,4022,0,0.02,0.0003662109375,0.02,2.0,4.0,2.0937490818002407,,M1,2.0720881429980498,,2.0,0.0,-1.0345527546962052,,0.39192223095269146
boson,small,ss,3s_s,7,0.4358974358974359,19984,4022,0,0.02,0.0003662109375,0.02,2.0,4.0,2.0937490818002407,,M2,2.0730141966408095,-3.8354428811595422,2.0,0.0,-0.9903233075857831,,0.39143665095614477
boson,small,ss,3s_s,7,0.4358974358974359,19984,4022,0,0.02,0.0003662109375,0.02,2.0,4.0,2.0937490818002407,,free,2.067483610049129,,1.999475607668927,-0.026219616553646574,-1.2544708427300155,,0.39153284812491357
boson,small,ss,3s_s,8,0.441025641025641,19984,4022,0,0.02,0.0003662109375,0.02,2.0,4.0,2.0558539537907983,,M1,2.0345960781991153,,2.0,0.0,-1.0340168158582186,,0.39194138679660795
boson,small,ss,3s_s,8,0.441025641025641,19984,4022,0,0.02,0.0003662109375,0.02,2.0,4.0,2.0558539537907983,,M2,2.0354943872043405,-3.7205327208725536,2.0,0.0,-0.9903216397700199,,0.39146750248985973
boson,small,ss,3s_s,8,0.441025641025641,19984,4022,0,0.02,0.0003662109375,0.02,2.0,4.0,2.0558539537907983,,free,2.030130771536845,,1.9994820997517986,-0.025895012410070972,-1.2512164206276544,,0.39156161117681837
boson,small,ss,3s_s,9,0.4461538461538462,19984,4022,0,0.02,0.0003662109375,0.02,2.0,4.0,2.018304900009753,,M1,1.9974466787853977,,2.0,0.0,-1.0334524394334355,,0.39196057124091077
boson,small,ss,3s_s,9,0.4461538461538462,19984,4022,0,0.02,0.0003662109375,0.02,2.0,4.0,2.018304900009753,,M2,1.9983172248625107,-3.605546806373422,2.0,0.0,-0.9903199039523525,,0.3914988473457394
boson,small,ss,3s_s,9,0.4461538461538462,19984,4022,0,0.02,0.0003662109375,0.02,2.0,4.0,2.018304900009753,,free,1.9931207139541078,,1.9994889368538644,-0.025553157306779095,-1.2477889765576844,,0.39159078142276793
boson,small,ss,3s_s,10,0.4512820512820513,19984,4022,0,0.02,0.0003662109375,0.02,2.0,4.0,1.981101920457104,,M1,1.960639918601609,,2.0,0.0,-1.0328596244444488,,0.39197980832712215
boson,small,ss,3s_s,10,0.4512820512820513,19984,4022,0,0.02,0.0003662109375,0.02,2.0,4.0,1.981101920457104,,M2,1.9614827095460885,-3.4905931784642568,2.0,0.0,-0.9903181006703954,,0.3915306856931318
boson,small,ss,3s_s,10,0.4512820512820513,19984,4022,0,0.02,0.0003662109375,0.02,2.0,4.0,1.981101920457104,,free,1.9564532727435036,,1.9994961182981401,-0.025194085092994367,-1.2441887748972147,,0.39162036281853985
boson,small,ss,3s_s,11,0.4564102564102564,19984,4022,0,0.02,0.0003662109375,0.02,2.0,4.0,1.944245015132852,,M1,1.9241757720843657,,2.0,0.0,-1.0322383697671467,,0.3919991232970947
boson,small,ss,3s_s,11,0.4564102564102564,19984,4022,0,0.02,0.0003662109375,0.02,2.0,4.0,1.944245015132852,,M2,1.924990841186461,-3.3757774290137443,2.0,0.0,-0.9903162305433755,,0.39156301770938823
boson,small,ss,3s_s,11,0.4564102564102564,19984,4022,0,0.02,0.0003662109375,0.02,2.0,4.0,1.944245015132852,,free,1.9201282931040446,,1.999503644116087,-0.024817794195652887,-1.2404157830467444,,0.3916503595162933
boson,small,ss,3s_s,12,0.46153846153846156,19984,4022,0,0.02,0.0003662109375,0.02,2.0,4.0,1.9077341840369961,,M1,1.8880542142619174,,2.0,0.0,-1.0315886741324443,,0.3920185425929883
boson,small,ss,3s_s,12,0.46153846153846156,19984,4022,0,0.02,0.0003662109375,0.02,2.0,4.0,1.9077341840369961,,M2,1.8888416197158118,-3.261202702821653,2.0,0.0,-0.9903142942695231,,0.39159584357972166
boson,small,ss,3s_s,12,0.46153846153846156,19984,4022,0,0.02,0.0003662109375,0.02,2.0,4.0,1.9077341840369961,,free,1.8841456307265183,,1.999511515207156,-0.024424239642195644,-1.236469603986523,,0.39168077586441435
boson,small,ss,3s_s,13,0.4666666666666667,19984,4022,0,0.02,0.0003662109375,0.02,2.0,4.0,1.8715694271695376,,M1,1.8522752207539646,,2.0,0.0,-1.030910536124352,,0.39203809385656097
boson,small,ss,3s_s,13,0.4666666666666667,19984,4022,0,0.02,0.0003662109375,0.02,2.0,4.0,1.8715694271695376,,M2,1.8530350450671984,-3.1469696986879807,2.0,0.0,-0.9903122926286256,,0.3916291634965402
boson,small,ss,3s_s,13,0.4666666666666667,19984,4022,0,0.02,0.0003662109375,0.02,2.0,4.0,1.8715694271695376,,free,1.8485051288595897,,1.9995197304971482,-0.024013475142592444,-1.232350666511428,,0.3917116164067754
boson,small,ss,3s_s,14,0.4717948717948718,19984,4022,0,0.02,0.0003662109375,0.02,2.0,4.0,1.8357507445304757,,M1,1.8168387677714066,,2.0,0.0,-1.0302039541814856,,0.39205780593049705
boson,small,ss,3s_s,14,0.4717948717948718,19984,4022,0,0.02,0.0003662109375,0.02,2.0,4.0,1.8357507445304757,,M2,1.8175711171747162,-3.0331766711417263,2.0,0.0,-0.9903102264795405,,0.39166297766063346
boson,small,ss,3s_s,14,0.4717948717948718,19984,4022,0,0.02,0.0003662109375,0.02,2.0,4.0,1.8357507445304757,,free,1.8132066506350804,,1.9995282909432441,-0.02358545283779323,-1.2280585456693527,,0.39174288588391837
boson,small,ss,3s_s,15,0.47692307692307695,19984,4022,0,0.02,0.0003662109375,0.02,2.0,4.0,1.8002781361198097,,M1,1.781744832116145,,2.0,0.0,-1.0294689265965329,,0.3920777088572077
boson,small,ss,3s_s,15,0.47692307692307695,19984,4022,0,0.02,0.0003662109375,0.02,2.0,4.0,1.8002781361198097,,M2,1.7824498359735694,-2.919919431545373,2.0,0.0,-0.9903080967625377,,0.39169728627996103
boson,small,ss,3s_s,15,0.47692307692307695,19984,4022,0,0.02,0.0003662109375,0.02,2.0,4.0,1.8002781361198097,,free,1.778250050274793,,1.999537195930184,-0.02314020349080126,-1.2235934771998247,,0.3917745892317889
boson,small,ss,3s_s,16,0.48205128205128206,19984,4022,0,0.02,0.0003662109375,0.02,2.0,4.0,1.7651516019375415,,M1,1.7469933911808928,,2.0,0.0,-1.0287054515157323,,0.3920978338799992
boson,small,ss,3s_s,16,0.48205128205128206,19984,4022,0,0.02,0.0003662109375,0.02,2.0,4.0,1.7651516019375415,,M2,1.7476712014002167,-2.8072913494890774,2.0,0.0,-0.9903059044977902,,0.3917320895707132
boson,small,ss,3s_s,16,0.48205128205128206,19984,4022,0,0.02,0.0003662109375,0.02,2.0,4.0,1.7651516019375415,,free,1.7436351904582335,,1.9995464454485765,-0.022677727571174255,-1.2189554401837333,,0.39180673158277823
boson,small,ss,3s_s,17,0.48717948717948717,19984,4022,0,0.02,0.0003662109375,0.02,2.0,4.0,1.7303711419836696,,M1,1.7125844229489589,,2.0,0.0,-1.0279135269396833,,0.3921182134422104
boson,small,ss,3s_s,17,0.48717948717948717,19984,4022,0,0.02,0.0003662109375,0.02,2.0,4.0,1.7303711419836696,,M2,1.713235213392453,-2.6953833540209264,2.0,0.0,-0.9903036507862728,,0.39176738775637154
boson,small,ss,3s_s,17,0.48717948717948717,19984,4022,0,0.02,0.0003662109375,0.02,2.0,4.0,1.7303711419836696,,free,1.7093619431850868,,1.999556040279954,-0.022197986002303605,-1.2141440809338877,,0.3918393182647588
boson,small,ss,3s_s,18,0.49230769230769234,19984,4022,0,0.02,0.0003662109375,0.02,2.0,4.0,1.6959367562581948,,M1,1.6785179059940794,,2.0,0.0,-1.0270931507226355,,0.3921388811880775
boson,small,ss,3s_s,18,0.49230769230769234,19984,4022,0,0.02,0.0003662109375,0.02,2.0,4.0,1.6959367562581948,,M2,1.6791418718895335,-2.584283934863922,2.0,0.0,-0.9903013368090741,,0.3918031810684796
boson,small,ss,3s_s,18,0.49230769230769234,19984,4022,0,0.02,0.0003662109375,0.02,2.0,4.0,1.6959367562581948,,free,1.6754301710931325,,1.9995659794516054,-0.021701027419729346,-1.2091597808344456,,0.3918723548018433
boson,small,ss,3s_s,19,0.49743589743589745,19984,4022,0,0.02,0.0003662109375,0.02,2.0,4.0,1.6618484447611168,,M1,1.6447938194802245,,2.0,0.0,-1.0262443205730332,,0.3921598719626496
boson,small,ss,3s_s,19,0.49743589743589745,19984,4022,0,0.02,0.0003662109375,0.02,2.0,4.0,1.6618484447611168,,M2,1.6453911768322662,-2.474079143588994,2.0,0.0,-0.990298963827374,,0.39183946974647016
boson,small,ss,3s_s,19,0.49743589743589745,19984,4022,0,0.02,0.0003662109375,0.02,2.0,4.0,1.6618484447611168,,free,1.6418397550121837,,1.999576264009171,-0.02118679954145053,-1.2040020744376156,,0.39190584691418784
boson,small,ss,3s_s,20,0.5025641025641026,19984,4022,0,0.02,0.0003662109375,0.02,2.0,4.0,1.6281062074924353,,M1,1.611412143161436,,2.0,0.0,-1.0253670340530707,,0.3921812218112757
boson,small,ss,3s_s,20,0.5025641025641026,19984,4022,0,0.02,0.0003662109375,0.02,2.0,4.0,1.6281062074924353,,M2,1.6119831281630874,-2.364852594613843,2.0,0.0,-0.9902965331837987,,0.39187625403709514
boson,small,ss,3s_s,20,0.5025641025641026,19984,4022,0,0.02,0.0003662109375,0.02,2.0,4.0,1.6281062074924353,,free,1.6085905651628276,,1.9995868930046843,-0.020655349765785758,-1.1986713299045215,,0.3919398005174133
boson,small,ss,3s_s,21,0.5076923076923077,19984,4022,0,0.02,0.0003662109375,0.02,2.0,4.0,1.5947100444521505,,M1,1.5783728573816622,,2.0,0.0,-1.024461288578682,,0.3922029679807813
boson,small,ss,3s_s,21,0.5076923076923077,19984,4022,0,0.02,0.0003662109375,0.02,2.0,4.0,1.5947100444521505,,M2,1.5789177258261762,-2.2566854663520406,2.0,0.0,-0.9902940463010435,,0.3919135341955156
boson,small,ss,3s_s,21,0.5076923076923077,19984,4022,0,0.02,0.0003662109375,0.02,2.0,4.0,1.5947100444521505,,free,1.5756824886683949,,1.9995978674047286,-0.020106629763572137,-1.1931671120998244,,0.3919742217236871
boson,small,ss,3s_s,22,0.5128205128205128,19984,4022,0,0.02,0.0003662109375,0.02,2.0,4.0,1.5616599556402626,,M1,1.5456759430745959,,2.0,0.0,-1.0235270814198172,,0.39222514891815885
boson,small,ss,3s_s,22,0.5128205128205128,19984,4022,0,0.02,0.0003662109375,0.02,2.0,4.0,1.5616599556402626,,M2,1.5461949697675395,-2.149656502239489,2.0,0.0,-0.9902915046818062,,0.391951310483925
boson,small,ss,3s_s,22,0.5128205128205128,19984,4022,0,0.02,0.0003662109375,0.02,2.0,4.0,1.5616599556402626,,free,1.5431154052106124,,1.9996091865773487,-0.01954067113256741,-1.1874896556495984,,0.3920091168403491
boson,small,ss,3s_s,23,0.517948717948718,19984,4022,0,0.02,0.0003662109375,0.02,2.0,4.0,1.5289559410567708,,M1,1.5133213817635276,,2.0,0.0,-1.0225644097001885,,0.3922478042721765
boson,small,ss,3s_s,23,0.517948717948718,19984,4022,0,0.02,0.0003662109375,0.02,2.0,4.0,1.5289559410567708,,M2,1.5138148599350667,-2.0438420115665235,2.0,0.0,-0.9902889099105749,,0.3919895831731477
boson,small,ss,3s_s,23,0.517948717948718,19984,4022,0,0.02,0.0003662109375,0.02,2.0,4.0,1.5289559410567708,,free,1.5108892027852145,,1.9996208505733883,-0.018957471330582898,-1.1816389070746558,,0.3920444923714983
boson,small,ss,3s_s,24,0.5230769230769231,19984,4022,0,0.02,0.0003662109375,0.02,2.0,4.0,1.4965980007016761,,M1,1.4813091555612161,,2.0,0.0,-1.021573270396714,,0.39227097489176643
boson,small,ss,3s_s,24,0.5230769230769231,19984,4022,0,0.02,0.0003662109375,0.02,2.0,4.0,1.4965980007016761,,M2,1.4817773962786402,-1.939315870473649,2.0,0.0,-0.9902862636517851,,0.3920283525409918
boson,small,ss,3s_s,24,0.5230769230769231,19984,4022,0,0.02,0.0003662109375,0.02,2.0,4.0,1.4965980007016761,,free,1.4790037760023993,,1.9996328599365991,-0.018357003170044184,-1.1756146066631001,,0.3920803550163568
boson,small,ss,3s_s,25,0.5282051282051282,19984,4022,0,0.02,0.0003662109375,0.02,2.0,4.0,1.4645861345749782,,M1,1.4496392471697315,,2.0,0.0,-1.0205536603406618,,0.3922947028275369
boson,small,ss,3s_s,25,0.5282051282051282,19984,4022,0,0.02,0.0003662109375,0.02,2.0,4.0,1.4645861345749782,,M2,1.4500825787502034,-1.83614952287973,2.0,0.0,-0.9902835676498967,,0.3920676188737474
boson,small,ss,3s_s,25,0.5282051282051282,19984,4022,0,0.02,0.0003662109375,0.02,2.0,4.0,1.4645861345749782,,free,1.4474590173876725,,1.9996452143296466,-0.0177392835176704,-1.16941686002483,,0.39211671167077716
boson,small,ss,3s_s,26,0.5333333333333333,19984,4022,0,0.02,0.0003662109375,0.02,2.0,4.0,1.4329203426766772,,M1,1.418311639880352,,2.0,0.0,-1.0195055762162175,,0.39231903133070206
boson,small,ss,3s_s,26,0.5333333333333333,19984,4022,0,0.02,0.0003662109375,0.02,2.0,4.0,1.4329203426766772,,M2,1.4187304073037934,-1.7344119810536835,2.0,0.0,-0.9902808237321259,,0.3921073824652112
boson,small,ss,3s_s,26,0.5333333333333333,19984,4022,0,0.02,0.0003662109375,0.02,2.0,4.0,1.4329203426766772,,free,1.4162548267478239,,1.9996579140125386,-0.017104299373071896,-1.163045525456241,,0.39215356942625984
boson,small,ss,3s_s,27,0.5384615384615384,19984,4022,0,0.02,0.0003662109375,0.02,2.0,4.0,1.401600625006773,,M1,1.3873263175734274,,2.0,0.0,-1.0184290145615948,,0.3923440048533999
boson,small,ss,3s_s,27,0.5384615384615384,19984,4022,0,0.02,0.0003662109375,0.02,2.0,4.0,1.401600625006773,,M2,1.387720881895667,-1.6341698266898779,2.0,0.0,-0.9902780338043038,,0.3921476436170042
boson,small,ss,3s_s,27,0.5384615384615384,19984,4022,0,0.02,0.0003662109375,0.02,2.0,4.0,1.401600625006773,,free,1.3853911060868045,,1.9996709590242354,-0.016452048788229146,-1.1565005487843671,,0.3921909355703052
boson,small,ss,3s_s,28,0.5435897435897435,19984,4022,0,0.02,0.0003662109375,0.02,2.0,4.0,1.3706269815652654,,M1,1.356683264718272,,2.0,0.0,-1.0173239717687133,,0.39236966904873827
boson,small,ss,3s_s,28,0.5435897435897435,19984,4022,0,0.02,0.0003662109375,0.02,2.0,4.0,1.3706269815652654,,M2,1.3570540024843112,-1.535487211403619,2.0,0.0,-0.990275199854429,,0.39218840263876875
boson,small,ss,3s_s,28,0.5435897435897435,19984,4022,0,0.02,0.0003662109375,0.02,2.0,4.0,1.3706269815652654,,free,1.3548677589180191,,1.999684349056434,-0.015782547178300188,-1.149782023789514,,0.3922288175866149
boson,small,ss,3s_s,29,0.5487179487179488,19984,4022,0,0.02,0.0003662109375,0.02,2.0,4.0,1.339999412352154,,M1,1.3263824663730757,,2.0,0.0,-1.0161904440820546,,0.3923960707703307
boson,small,ss,3s_s,29,0.5487179487179488,19984,4022,0,0.02,0.0003662109375,0.02,2.0,4.0,1.339999412352154,,M2,1.3267297690305244,-1.4384258574364774,2.0,0.0,-0.9902723239510025,,0.3922296598478607
boson,small,ss,3s_s,29,0.5487179487179488,19984,4022,0,0.02,0.0003662109375,0.02,2.0,4.0,1.339999412352154,,free,1.32468469673475,,1.9996980845502443,-0.015095772487783155,-1.1428897263858762,,0.39226722315480017
boson,small,ss,3s_s,30,0.5538461538461539,19984,4022,0,0.02,0.0003662109375,0.02,2.0,4.0,1.3097179173674398,,M1,1.2964239081847928,,2.0,0.0,-1.0150284275997512,,0.39242325807234635
boson,small,ss,3s_s,30,0.5538461538461539,19984,4022,0,0.02,0.0003662109375,0.02,2.0,4.0,1.3097179173674398,,M2,1.2967481814974597,-1.3430450582888331,2.0,0.0,-0.9902694082439933,,0.39227141556958367
boson,small,ss,3s_s,30,0.5538461538461539,19984,4022,0,0.02,0.0003662109375,0.02,2.0,4.0,1.3097179173674398,,free,1.294841831867412,,1.9997121654942789,-0.014391725286055923,-1.1358236229927376,,0.39230616015063824
boson,small,ss,3s_s,31,0.558974358974359,19984,4022,0,0.02,0.0003662109375,0.02,2.0,4.0,1.2797824966111224,,M1,1.266807576389048,,2.0,0.0,-1.0138379182737745,,0.39245128020894426
boson,small,ss,3s_s,31,0.558974358974359,19984,4022,0,0.02,0.0003662109375,0.02,2.0,4.0,1.2797824966111224,,M2,1.2671092398506905,-1.2494016793811842,2.0,0.0,-0.9902664549633178,,0.39231367013686386
boson,small,ss,3s_s,31,0.558974358974359,19984,4022,0,0.02,0.0003662109375,0.02,2.0,4.0,1.2797824966111224,,free,1.2653390804059197,,1.9997265919075682,-0.013670404621590748,-1.128583665071925,,0.39234563664578376
boson,small,ss,3s_s,32,0.5641025641025641,19984,4022,0,0.02,0.0003662109375,0.02,2.0,4.0,1.2501931500832018,,M1,1.2375334578100752,,2.0,0.0,-1.0126189119084583,,0.39248018763493137
boson,small,ss,3s_s,32,0.5641025641025641,19984,4022,0,0.02,0.0003662109375,0.02,2.0,4.0,1.2501931500832018,,M2,1.2378129440582186,-1.157550158357545,2.0,0.0,-0.9902634664219034,,0.39235642389126446
boson,small,ss,3s_s,32,0.5641025641025641,19984,4022,0,0.02,0.0003662109375,0.02,2.0,4.0,1.2501931500832018,,free,1.2361763630973808,,1.9997413640204715,-0.01293179897642327,-1.121169715646586,,0.39238566090878346
boson,small,ss,3s_s,33,0.5692307692307692,19984,4022,0,0.02,0.0003662109375,0.02,2.0,4.0,1.2209498777836776,,M1,1.2086015398606227,,2.0,0.0,-1.011371404161987,,0.3925100320037898
boson,small,ss,3s_s,33,0.5692307692307692,19984,4022,0,0.02,0.0003662109375,0.02,2.0,4.0,1.2209498777836776,,M2,1.2088592940905685,-1.0675425058403587,2.0,0.0,-0.9902604450115926,,0.3923996771813293
boson,small,ss,3s_s,33,0.5692307692307692,19984,4022,0,0.02,0.0003662109375,0.02,2.0,4.0,1.2209498777836776,,free,1.2073536010663988,,1.9997564814570044,-0.012175927149782328,-1.1135818893695637,,0.3924262414034805
boson,small,ss,3s_s,34,0.5743589743589743,19984,4022,0,0.02,0.0003662109375,0.02,2.0,4.0,1.1920526797125506,,M1,1.1800118105419088,,2.0,0.0,-1.0100953905447518,,0.3925408661688449
boson,small,ss,3s_s,34,0.5743589743589743,19984,4022,0,0.02,0.0003662109375,0.02,2.0,4.0,1.1920526797125506,,M2,1.1802482899207696,-0.9794283055679028,2.0,0.0,-0.9902573932074499,,0.39244343036425217
boson,small,ss,3s_s,34,0.5743589743589743,19984,4022,0,0.02,0.0003662109375,0.02,2.0,4.0,1.1920526797125506,,free,1.1788707235742655,,1.999771944720468,-0.011402763976597896,-1.1058199325103435,,0.3924673867906835
boson,small,ss,3s_s,35,0.5794871794871795,19984,4022,0,0.02,0.0003662109375,0.02,2.0,4.0,1.1635015558698194,,M1,1.1517642584435412,,2.0,0.0,-1.0087908664207612,,0.39257274418169585
boson,small,ss,3s_s,35,0.5794871794871795,19984,4022,0,0.02,0.0003662109375,0.02,2.0,4.0,1.1635015558698194,,M2,1.1519799315244321,-0.8932547150239368,2.0,0.0,-0.9902543135641872,,0.39248768380477406
boson,small,ss,3s_s,35,0.5794871794871795,19984,4022,0,0.02,0.0003662109375,0.02,2.0,4.0,1.1635015558698194,,free,1.150727660561589,,1.999787753769439,-0.010612311528046536,-1.0978838183573147,,0.39250910592712324
boson,small,ss,3s_s,36,0.5846153846153846,19984,4022,0,0.02,0.0003662109375,0.02,2.0,4.0,1.1352965062554858,,M1,1.1238588727434802,,2.0,0.0,-1.0074578270067969,,0.39260572129194576
boson,small,ss,3s_s,36,0.5846153846153846,19984,4022,0,0.02,0.0003662109375,0.02,2.0,4.0,1.1352965062554858,,M2,1.1240542188797344,-0.8090664655511768,2.0,0.0,-0.9902512087200499,,0.39253243787555253
boson,small,ss,3s_s,36,0.5846153846153846,19984,4022,0,0.02,0.0003662109375,0.02,2.0,4.0,1.1352965062554858,,free,1.1229243462221465,,1.9998039086974984,-0.00980456512508221,-1.08977346139697,,0.3925514078658338
boson,small,ss,3s_s,37,0.5897435897435898,19984,4022,0,0.02,0.0003662109375,0.02,2.0,4.0,1.1074375308695488,,M1,1.0962956432079973,,2.0,0.0,-1.006096267371659,,0.3926398539468245
boson,small,ss,3s_s,37,0.5897435897435898,19984,4022,0,0.02,0.0003662109375,0.02,2.0,4.0,1.1074375308695488,,M2,1.0964711519674946,-0.7269058628066486,2.0,0.0,-0.9902480813923198,,0.39257769295743367
boson,small,ss,3s_s,37,0.5897435897435898,19984,4022,0,0.02,0.0003662109375,0.02,2.0,4.0,1.1074375308695488,,free,1.0954607171967345,,1.9998204093690335,-0.008979531548325426,-1.0814888730933836,,0.39259430185648153
boson,small,ss,3s_s,38,0.5948717948717949,19984,4022,0,0.02,0.0003662109375,0.02,2.0,4.0,1.0799246297120084,,M1,1.0690745601916236,,2.0,0.0,-1.0047061824377757,,0.3926751997899338
boson,small,ss,3s_s,38,0.5948717948717949,19984,4022,0,0.02,0.0003662109375,0.02,2.0,4.0,1.0799246297120084,,M2,1.069230730771138,-0.646812786849007,2.0,0.0,-0.990244934382345,,0.39262344943899286
boson,small,ss,3s_s,38,0.5948717948717949,19984,4022,0,0.02,0.0003662109375,0.02,2.0,4.0,1.0799246297120084,,free,1.0683367161860395,,1.999837256178272,-0.00813719108639921,-1.073029839967543,,0.39263779734492765
boson,small,ss,3s_s,39,0.6,19984,4022,0,0.02,0.0003662109375,0.02,2.0,4.0,1.052757802782865,,M1,1.0421956146371347,,2.0,0.0,-1.0032875669798047,,0.3927118176612965
boson,small,ss,3s_s,39,0.6,19984,4022,0,0.02,0.0003662109375,0.02,2.0,4.0,1.052757802782865,,M2,1.0423329552767628,-0.5688246924727608,2.0,0.0,-0.9902417705710764,,0.3926697077174331
boson,small,ss,3s_s,39,0.6,19984,4022,0,0.02,0.0003662109375,0.02,2.0,4.0,1.052757802782865,,free,1.0415522868968008,,1.9998544489808991,-0.007277550955042678,-1.0643963745928575,,0.39268190397417824
ising,large,I,epsilon,-1,0.5,8245,1749,0,0.005,0.000732421875,0.005,2.0,4.0,3.289868133696453,,M1,3.2792194906727494,,2.0,0.0,-0.3236799346039043,,0.0918956381086001
ising,large,I,epsilon,-1,0.5,8245,1749,0,0.005,0.000732421875,0.005,2.0,4.0,3.289868133696453,,M2,3.286069695995809,-451.7136989095966,2.0,0.0,-0.11545866114627268,,0.023426156751162764
ising,large,I,epsilon,-1,0.5,8245,1749,0,0.005,0.000732421875,0.005,2.0,4.0,3.289868133696453,,free,3.22531781259758,,1.9970492365648946,-0.14753817175526818,-1.9620944814692343,,0.025065047965625736
ising,large,I,epsilon,0,0.4,8245,1749,0,0.005,0.000732421875,0.005,2.0,4.0,4.124858443829334,,M1,4.123649457567859,,2.0,0.0,-0.029309763666773847,,0.10483487833630684
ising,large,I,epsilon,0,0.4,8245,1749,0,0.005,0.000732421875,0.005,2.0,4.0,4.124858443829334,,M2,4.130379017583113,-443.75815076545297,2.0,0.0,0.13383668382700442,,0.07855830080018006
ising,large,I,epsilon,0,0.4,8245,1749,0,0.005,0.000732421875,0.005,2.0,4.0,4.124858443829334,,free,4.07019147407285,,1.9976768783296512,-0.116156083517438,-1.3253053529210024,,0.07840362263770255
ising,large,I,epsilon,1,0.40512820512820513,8245,1749,0,0.005,0.000732421875,0.005,2.0,4.0,4.0767045677295535,,M1,4.074981129949423,,2.0,0.0,-0.042275267964542174,,0.10371090398858585
ising,large,I,epsilon,1,0.40512820512820513,8245,1749,0,0.005,0.000732421875,0.005,2.0,4.0,4.0767045677295535,,M2,4.081728113914275,-444.9071143879205,2.0,0.0,0.12322566183695649,,0.0761290019545436
ising,large,I,epsilon,1,0.40512820512820513,8245,1749,0,0.005,0.000732421875,0.005,2.0,4.0,4.0767045677295535,,free,4.021412860031321,,1.9976440668663125,-0.11779665668437689,-1.3562843904832311,,0.07599249789703806
ising,large,I,epsilon,2,0.41025641025641024,8245,1749,0,0.005,0.000732421875,0.005,2.0,4.0,4.029235855295656,,M1,4.026999585419788,,2.0,0.0,-0.0555010914272791,,0.10259709792004627
ising,large,I,epsilon,2,0.41025641025641024,8245,1749,0,0.005,0.000732421875,0.005,2.0,4.0,4.029235855295656,,M2,4.033762547423766,-445.9607323182458,2.0,0.0,0.11234616911690587,,0.07363996058539732
ising,large,I,epsilon,2,0.41025641025641024,8245,1749,0,0.005,0.000732421875,0.005,2.0,4.0,4.029235855295656,,free,3.9733323771274693,,1.997611374667027,-0.11943126664865078,-1.3874461604106103,,0.07352399913907987
ising,large,I,epsilon,3,0.4153846153846154,8245,1749,0,0.005,0.000732421875,0.005,2.0,4.0,3.982430651110986,,M1,3.979683506428857,,2.0,0.0,-0.0689816075356453,,0.10149948156206141
ising,large,I,epsilon,3,0.4153846153846154,8245,1749,0,0.005,0.000732421875,0.005,2.0,4.0,3.982430651110986,,M2,3.986461049114251,-446.92220620473955,2.0,0.0,0.10120447426098522,,0.07109286774770163
ising,large,I,epsilon,3,0.4153846153846154,8245,1749,0,0.005,0.000732421875,0.005,2.0,4.0,3.982430651110986,,free,3.925928311620023,,1.997578792236827,-0.12106038815864473,-1.418790292687211,,0.07100012799513597
ising,large,I,epsilon,4,0.4205128205128205,8245,1749,0,0.005,0.000732421875,0.005,2.0,4.0,3.936268164422664,,M1,3.9330124246744456,,2.0,0.0,-0.08271132992525576,,0.10042430428501356
ising,large,I,epsilon,4,0.4205128205128205,8245,1749,0,0.005,0.000732421875,0.005,2.0,4.0,3.936268164422664,,M2,3.9398031966845894,-447.79456943106493,2.0,0.0,0.08980669289446741,,0.06848946223741204
ising,large,I,epsilon,4,0.4205128205128205,8245,1749,0,0.005,0.000732421875,0.005,2.0,4.0,3.936268164422664,,free,3.879179819574364,,1.9975463102617232,-0.12268448691383771,-1.450316453647238,,0.06842299061315445
ising,large,I,epsilon,5,0.4256410256410256,8245,1749,0,0.005,0.000732421875,0.005,2.0,4.0,3.8907284225218226,,M1,3.886966675461217,,2.0,0.0,-0.09668490452405809,,0.09937804510083352
ising,large,I,epsilon,5,0.4256410256410256,8245,1749,0,0.005,0.000732421875,0.005,2.0,4.0,3.8907284225218226,,M2,3.893769369034984,-448.5806967583339,2.0,0.0,0.0781587965779984,,0.06583155695258783
ising,large,I,epsilon,5,0.4256410256410256,8245,1749,0,0.005,0.000732421875,0.005,2.0,4.0,3.8907284225218226,,free,3.833066880908419,,1.9975139196335736,-0.12430401832131954,-1.48202432427883,,0.06579483712514445
ising,large,I,epsilon,6,0.4307692307692308,8245,1749,0,0.005,0.000732421875,0.005,2.0,4.0,3.845792227082447,,M1,3.841527354957999,,2.0,0.0,-0.11089710188746382,,0.09836740966155423
ising,large,I,epsilon,6,0.4307692307692308,8245,1749,0,0.005,0.000732421875,0.005,2.0,4.0,3.845792227082447,,M2,3.848340703660077,-449.2833132776685,2.0,0.0,0.06626662146966833,,0.06312107230153954
ising,large,I,epsilon,6,0.4307692307692308,8245,1749,0,0.005,0.000732421875,0.005,2.0,4.0,3.845792227082447,,free,3.787570254385896,,1.9974816113830964,-0.12591943084517832,-1.5139136297209754,,0.06311811184872475
ising,large,I,epsilon,7,0.4358974358974359,8245,1749,0,0.005,0.000732421875,0.005,2.0,4.0,3.8014411132347803,,M1,3.796676280133757,,2.0,0.0,-0.1253428097158893,,0.09739932165991123
ising,large,I,epsilon,7,0.4358974358974359,8245,1749,0,0.005,0.000732421875,0.005,2.0,4.0,3.8014411132347803,,M2,3.8034990567110514,-449.90500272870736,2.0,0.0,0.0541358767627953,,0.06036007929776309
ising,large,I,epsilon,7,0.4358974358974359,8245,1749,0,0.005,0.000732421875,0.005,2.0,4.0,3.8014411132347803,,free,3.742671438351126,,1.9974493767513886,-0.12753116243057194,-1.545984092165642,,0.0603955180772585
ising,large,I,epsilon,8,0.441025641025641,8245,1749,0,0.005,0.000732421875,0.005,2.0,4.0,3.7576573111684026,,M1,3.752395951171461,,2.0,0.0,-0.14001702553619877,,0.09648090771372754
ising,large,I,epsilon,8,0.441025641025641,8245,1749,0,0.005,0.000732421875,0.005,2.0,4.0,3.7576573111684026,,M2,3.759226965526783,-450.4482152323493,2.0,0.0,0.041772152923980066,,0.05755085612661337
ising,large,I,epsilon,8,0.441025641025641,8245,1749,0,0.005,0.000732421875,0.005,2.0,4.0,3.7576573111684026,,free,3.6983526292138547,,1.9974172070374987,-0.12913964812506507,-1.5782355080194321,,0.057630102908535284
ising,large,I,epsilon,9,0.4461538461538462,8245,1749,0,0.005,0.000732421875,0.005,2.0,4.0,3.714423710077384,,M1,3.7086695161759513,,2.0,0.0,-0.1549148495316066,,0.09561947483861731
ising,large,I,epsilon,9,0.4461538461538462,8245,1749,0,0.005,0.000732421875,0.005,2.0,4.0,3.714423710077384,,M2,3.7155076134508005,-450.9152744850042,2.0,0.0,0.029180929748950923,,0.05469596369710478
ising,large,I,epsilon,9,0.4461538461538462,8245,1749,0,0.005,0.000732421875,0.005,2.0,4.0,3.714423710077384,,free,3.654596687730483,,1.9973850937006585,-0.13074531496707342,-1.6106676840498269,,0.054825369917936205
ising,large,I,epsilon,10,0.4512820512820513,8245,1749,0,0.005,0.000732421875,0.005,2.0,4.0,3.671723824275612,,M1,3.6654807380073646,,2.0,0.0,-0.17003147750305203,,0.09482247969776604
ising,large,I,epsilon,10,0.4512820512820513,8245,1749,0,0.005,0.000732421875,0.005,2.0,4.0,3.671723824275612,,M2,3.672324796766242,-451.3083844538962,2.0,0.0,0.016367584257204193,,0.051798348346522055
ising,large,I,epsilon,10,0.4512820512820513,8245,1749,0,0.005,0.000732421875,0.005,2.0,4.0,3.671723824275612,,free,3.611387105315651,,1.9973530283653447,-0.1323485817327663,-1.6432804276030888,,0.051985431004812205
ising,large,I,epsilon,11,0.4564102564102564,8245,1749,0,0.005,0.000732421875,0.005,2.0,4.0,3.629541761324542,,M1,3.622813963085568,,2.0,0.0,-0.1853621939459149,,0.0940974889796603
ising,large,I,epsilon,11,0.4564102564102564,8245,1749,0,0.005,0.000732421875,0.005,2.0,4.0,3.629541761324542,,M2,3.6296628935948347,-451.6296356112837,2.0,0.0,0.0033373984447138128,,0.0488614840160866
ising,large,I,epsilon,11,0.4564102564102564,8245,1749,0,0.005,0.000732421875,0.005,2.0,4.0,3.629541761324542,,free,3.56870796849377,,1.9973210026341333,-0.1339498682933371,-1.6760736432075651,,0.04911521407381741
ising,large,I,epsilon,12,0.46153846153846156,8245,1749,0,0.005,0.000732421875,0.005,2.0,4.0,3.587862192028463,,M1,3.580654092023637,,2.0,0.0,-0.20090236522575244,,0.09345213050620549
ising,large,I,epsilon,12,0.46153846153846156,8245,1749,0,0.005,0.000732421875,0.005,2.0,4.0,3.587862192028463,,M2,3.5875068346184436,-451.88101074218173,2.0,0.0,-0.009904433085772268,,0.04588957283122464
ising,large,I,epsilon,12,0.46153846153846156,8245,1749,0,0.005,0.000732421875,0.005,2.0,4.0,3.587862192028463,,free,3.526543934272951,,1.9972890083442474,-0.13554958278763074,-1.7090471839121602,,0.04622075137681646
ising,large,I,epsilon,13,0.4666666666666667,8245,1749,0,0.005,0.000732421875,0.005,2.0,4.0,3.5466703221640214,,M1,3.5389865519598733,,2.0,0.0,-0.21664743283665855,,0.09289403502236475
ising,large,I,epsilon,13,0.4666666666666667,8245,1749,0,0.005,0.000732421875,0.005,2.0,4.0,3.5466703221640214,,M2,3.545842075493161,-452.0643903561504,2.0,0.0,-0.023352795597730847,,0.04288783377278854
ising,large,I,epsilon,13,0.4666666666666667,8245,1749,0,0.005,0.000732421875,0.005,2.0,4.0,3.5466703221640214,,free,3.4848801957085875,,1.9972570372539384,-0.13714813730307807,-1.7422010179320102,,0.0433095859521306
ising,large,I,epsilon,14,0.4717948717948718,8245,1749,0,0.005,0.000732421875,0.005,2.0,4.0,3.5059518658213538,,M1,3.4977972704682094,,2.0,0.0,-0.23259290672645871,,0.0924307690639551
ising,large,I,epsilon,14,0.4717948717948718,8245,1749,0,0.005,0.000732421875,0.005,2.0,4.0,3.5059518658213538,,M2,3.50465457083622,-452.18155773249407,2.0,0.0,-0.03700264677849452,,0.039862926956835985
ising,large,I,epsilon,14,0.4717948717948718,8245,1749,0,0.005,0.000732421875,0.005,2.0,4.0,3.5059518658213538,,free,3.4437024610398277,,1.997225081324156,-0.1387459337921948,-1.7755350661935787,,0.04039135317698002
ising,large,I,epsilon,15,0.47692307692307695,8245,1749,0,0.005,0.000732421875,0.005,2.0,4.0,3.4656930202437546,,M1,3.4570726509363454,,2.0,0.0,-0.24873435867101001,,0.09206975982891581
ising,large,I,epsilon,15,0.47692307692307695,8245,1749,0,0.005,0.000732421875,0.005,2.0,4.0,3.4656930202437546,,M2,3.4639307496754608,-452.2342036237704,2.0,0.0,-0.05084900936118686,,0.0368235911769306
ising,large,I,epsilon,15,0.47692307692307695,8245,1749,0,0.005,0.000732421875,0.005,2.0,4.0,3.4656930202437546,,free,3.4029969245018834,,1.9971931325081709,-0.14034337459145618,-1.8090493120900164,,0.03747862475402079
ising,large,I,epsilon,16,0.48205128205128206,8245,1749,0,0.005,0.000732421875,0.005,2.0,4.0,3.425880442061602,,M1,3.4167995493094323,,2.0,0.0,-0.2650674156832178,,0.09181821356377468
ising,large,I,epsilon,16,0.48205128205128206,8245,1749,0,0.005,0.000732421875,0.005,2.0,4.0,3.425880442061602,,M2,3.4236574922595278,-452.2239306419665,2.0,0.0,-0.06488696379423065,,0.03378162413337025
ising,large,I,epsilon,16,0.48205128205128206,8245,1749,0,0.005,0.000732421875,0.005,2.0,4.0,3.425880442061602,,free,3.3627502426655416,,1.997161182744775,-0.1419408627612473,-1.8427437986735518,,0.034588148503065
ising,large,I,epsilon,17,0.48717948717948717,8245,1749,0,0.005,0.000732421875,0.005,2.0,4.0,3.3865012248241744,,M1,3.3769652521050495,,2.0,0.0,-0.2815877534377731,,0.09168302957907962
ising,large,I,epsilon,17,0.48717948717948717,8245,1749,0,0.005,0.000732421875,0.005,2.0,4.0,3.3865012248241744,,M2,3.38382210813489,-452.15225734961996,2.0,0.0,-0.0791116409362469,,0.03075342456022345
ising,large,I,epsilon,17,0.48717948717948717,8245,1749,0,0.005,0.000732421875,0.005,2.0,4.0,3.3865012248241744,,free,3.322949515746125,,1.997129224147393,-0.14353879263034885,-1.876618517430162,,0.03174268379044662
ising,large,I,epsilon,18,0.49230769230769234,8245,1749,0,0.005,0.000732421875,0.005,2.0,4.0,3.347542877740312,,M1,3.337557455612247,,2.0,0.0,-0.29829108969636753,,0.09167071256903651
ising,large,I,epsilon,18,0.49230769230769234,8245,1749,0,0.005,0.000732421875,0.005,2.0,4.0,3.347542877740312,,M2,3.3444123154027303,-452.0206220743342,2.0,0.0,-0.09351821475979127,,0.027762470276671194
ising,large,I,epsilon,18,0.49230769230769234,8245,1749,0,0.005,0.000732421875,0.005,2.0,4.0,3.347542877740312,,free,3.2835822605358076,,1.9970972486890564,-0.14513756554718205,-1.9106735758282367,,0.028973716072804356
ising,large,I,epsilon,19,0.49743589743589745,8245,1749,0,0.005,0.000732421875,0.005,2.0,4.0,3.308993305545458,,M1,3.2985642461939744,,2.0,0.0,-0.3151731777155775,,0.0917872863708232
ising,large,I,epsilon,19,0.49743589743589745,8245,1749,0,0.005,0.000732421875,0.005,2.0,4.0,3.308993305545458,,M2,3.3054162210753204,-451.83038646587823,2.0,0.0,-0.10810189504290024,,0.02484336212320924
ising,large,I,epsilon,19,0.49743589743589745,8245,1749,0,0.005,0.000732421875,0.005,2.0,4.0,3.308993305545458,,free,3.2446363946559305,,1.9970652484229259,-0.1467375788537062,-1.9449090689205528,,0.026325397838608048
ising,large,I,epsilon,20,0.5025641025641026,8245,1749,0,0.005,0.000732421875,0.005,2.0,4.0,3.27084078941864,,M1,3.259974081618092,,2.0,0.0,-0.332229799619177,,0.09203821258818988
ising,large,I,epsilon,20,0.5025641025641026,8245,1749,0,0.005,0.000732421875,0.005,2.0,4.0,3.27084078941864,,M2,3.2668223024574057,-451.58283881841567,2.0,0.0,-0.12285792002577622,,0.02204842966251982
ising,large,I,epsilon,20,0.5025641025641026,8245,1749,0,0.005,0.000732421875,0.005,2.0,4.0,3.27084078941864,,free,3.2061002173307256,,1.9970332154683825,-0.14833922658087362,-1.9793250804916562,,0.023859961379901058
ising,large,I,epsilon,21,0.5076923076923077,8245,1749,0,0.005,0.000732421875,0.005,2.0,4.0,3.2330739688785464,,M1,3.221775773347668,,2.0,0.0,-0.34945675971642665,,0.09242831756760501
ising,large,I,epsilon,21,0.5076923076923077,8245,1749,0,0.005,0.000732421875,0.005,2.0,4.0,3.2330739688785464,,M2,3.2286193894831756,-451.2791971477368,2.0,0.0,-0.13778154902270856,,0.019458161363667903
ising,large,I,epsilon,21,0.5076923076923077,8245,1749,0,0.005,0.000732421875,0.005,2.0,4.0,3.2330739688785464,,free,3.167962388385601,,1.997001141841434,-0.14994290792830212,-2.0139217697988654,,0.02166415425469361
ising,large,I,epsilon,22,0.5128205128205128,8245,1749,0,0.005,0.000732421875,0.005,2.0,4.0,3.1956818245927785,,M1,3.1839584697259395,,2.0,0.0,-0.3668498777512963,,0.09296173102724166
ising,large,I,epsilon,22,0.5128205128205128,8245,1749,0,0.005,0.000732421875,0.005,2.0,4.0,3.1956818245927785,,M2,3.1907966479451195,-450.9206120860221,2.0,0.0,-0.1528680549504169,,0.01719574277123451
ising,large,I,epsilon,22,0.5128205128205128,8245,1749,0,0.005,0.000732421875,0.005,2.0,4.0,3.1956818245927785,,free,3.1302119133228534,,1.9969690195667342,-0.15154902166328865,-2.0486993031062384,,0.019854042411720795
ising,large,I,epsilon,23,0.517948717948718,8245,1749,0,0.005,0.000732421875,0.005,2.0,4.0,3.1586536620390464,,M1,3.1465116399962256,,2.0,0.0,-0.38440498205752904,,0.09364183916136296
ising,large,I,epsilon,23,0.517948717948718,8245,1749,0,0.005,0.000732421875,0.005,2.0,4.0,3.1586536620390464,,M2,3.153343563554454,-450.50816955319624,2.0,0.0,-0.16811271676947515,,0.01543993292934043
ising,large,I,epsilon,23,0.517948717948718,8245,1749,0,0.005,0.000732421875,0.005,2.0,4.0,3.1586536620390464,,free,3.0928381271178775,,1.9969368406754902,-0.15315796622549227,-2.0836578480301626,,0.01857095063743938
ising,large,I,epsilon,24,0.5230769230769231,8245,1749,0,0.005,0.000732421875,0.005,2.0,4.0,3.121979095961273,,M1,3.109425059100859,,2.0,0.0,-0.4021179026039712,,0.09447125434560873
ising,large,I,epsilon,24,0.5230769230769231,8245,1749,0,0.005,0.000732421875,0.005,2.0,4.0,3.121979095961273,,M2,3.1162499267778907,-450.0428932520844,2.0,0.0,-0.18351081180505435,,0.014413493740091739
ising,large,I,epsilon,24,0.5230769230769231,8245,1749,0,0.005,0.000732421875,0.005,2.0,4.0,3.121979095961273,,free,3.055830675995156,,1.996904597039346,-0.15477014803270128,-2.1187976579244094,,0.017957300673343324
ising,large,I,epsilon,25,0.5282051282051282,8245,1749,0,0.005,0.000732421875,0.005,2.0,4.0,3.085648035567377,,M1,3.0726887932071185,,2.0,0.0,-0.41998446390777433,,0.09545180266891146
ising,large,I,epsilon,25,0.5282051282051282,8245,1749,0,0.005,0.000732421875,0.005,2.0,4.0,3.085648035567377,,M2,3.079505818398702,-449.5257469851998,2.0,0.0,-0.1990576079279105,,0.014310745373867508
ising,large,I,epsilon,25,0.5282051282051282,8245,1749,0,0.005,0.000732421875,0.005,2.0,4.0,3.085648035567377,,free,3.019179506830855,,1.9968722805987587,-0.15638597006206734,-2.1541189393721627,,0.018109969889148425
ising,large,I,epsilon,26,0.5333333333333333,8245,1749,0,0.005,0.000732421875,0.005,2.0,4.0,3.04965067041907,,M1,3.0362931859115787,,2.0,0.0,-0.43800047779425366,,0.0965845295256001
ising,large,I,epsilon,26,0.5333333333333333,8245,1749,0,0.005,0.000732421875,0.005,2.0,4.0,3.04965067041907,,M2,3.043101595753663,-448.9576368036284,2.0,0.0,-0.21474835557171446,,0.015184418794963777
ising,large,I,epsilon,26,0.5333333333333333,8245,1749,0,0.005,0.000732421875,0.005,2.0,4.0,3.04965067041907,,free,2.982874849346609,,1.9968398831358922,-0.1580058432053888,-2.189621969498723,,0.019037625120030544
ising,large,I,epsilon,27,0.5384615384615384,8245,1749,0,0.005,0.000732421875,0.005,2.0,4.0,3.013977456967198,,M1,3.0002288450774595,,2.0,0.0,-0.4561617359797099,,0.09786972250557169
ising,large,I,epsilon,27,0.5384615384615384,8245,1749,0,0.005,0.000732421875,0.005,2.0,4.0,3.013977456967198,,M2,3.007027879600595,-448.33941299850744,2.0,0.0,-0.2305782795600564,,0.016913969814605908
ising,large,I,epsilon,27,0.5384615384615384,8245,1749,0,0.005,0.000732421875,0.005,2.0,4.0,3.013977456967198,,free,2.9469072066004953,,1.9968073964942812,-0.1596301752859408,-2.2253069680949755,,0.020660931453769515
ising,large,I,epsilon,28,0.5435897435897435,8245,1749,0,0.005,0.000732421875,0.005,2.0,4.0,2.9786191056890945,,M1,2.964486630262379,,2.0,0.0,-0.47446400245411136,,0.09930694991832774
ising,large,I,epsilon,28,0.5435897435897435,8245,1749,0,0.005,0.000732421875,0.005,2.0,4.0,2.9786191056890945,,M2,2.9712755415740513,-447.6718719425498,2.0,0.0,-0.246542570717323,,0.019296834561531962
ising,large,I,epsilon,28,0.5435897435897435,8245,1749,0,0.005,0.000732421875,0.005,2.0,4.0,2.9786191056890945,,free,2.9112673384419736,,1.9967748123472082,-0.16125938263958917,-2.2611742172230276,,0.022854444776264093
ising,large,I,epsilon,29,0.5487179487179488,8245,1749,0,0.005,0.000732421875,0.005,2.0,4.0,2.9435665687871104,,M1,2.9290576406965636,,2.0,0.0,-0.49290300563935574,,0.10089511256011592
ising,large,I,epsilon,29,0.5487179487179488,8245,1749,0,0.005,0.000732421875,0.005,2.0,4.0,2.9435665687871104,,M2,2.935835692189274,-446.95575778810786,2.0,0.0,-0.2626363772375018,,0.022145937118491946
ising,large,I,epsilon,29,0.5487179487179488,8245,1749,0,0.005,0.000732421875,0.005,2.0,4.0,2.9435665687871104,,free,2.875946248483114,,1.9967421221324513,-0.16289389337743598,-2.2972240893420426,,0.02549134031451652
ising,large,I,epsilon,30,0.5538461538461539,8245,1749,0,0.005,0.000732421875,0.005,2.0,4.0,2.908811028409913,,M1,2.8939332037740257,,2.0,0.0,-0.5114744302939567,,0.10263250583623733
ising,large,I,epsilon,30,0.5538461538461539,8245,1749,0,0.005,0.000732421875,0.005,2.0,4.0,2.908811028409913,,M2,2.9006996693570697,-446.1917640296524,2.0,0.0,-0.2788547957781051,,0.025324344879968392
ising,large,I,epsilon,30,0.5538461538461539,8245,1749,0,0.005,0.000732421875,0.005,2.0,4.0,2.908811028409913,,free,2.8409351790175297,,1.9967093174463546,-0.16453412768226983,-2.333456822373481,,0.028466497136161017
ising,large,I,epsilon,31,0.558974358974359,8245,1749,0,0.005,0.000732421875,0.005,2.0,4.0,2.8743438853604015,,M1,2.8591048640212833,,2.0,0.0,-0.5301739091391755,,0.10451688910388031
ising,large,I,epsilon,31,0.558974358974359,8245,1749,0,0.005,0.000732421875,0.005,2.0,4.0,2.8743438853604015,,M2,2.8658590273742397,-445.38053493575893,2.0,0.0,-0.2951928622520361,,0.02874055497830732
ising,large,I,epsilon,31,0.558974358974359,8245,1749,0,0.005,0.000732421875,0.005,2.0,4.0,2.8743438853604015,,free,2.806225592472199,,1.996676389584278,-0.16618052078609669,-2.3698727641860318,,0.031700785883577345
ising,large,I,epsilon,32,0.5641025641025641,8245,1749,0,0.005,0.000732421875,0.005,2.0,4.0,2.8401567482560988,,M1,2.824564372510317,,2.0,0.0,-0.5489970141738021,,0.10654555909682428
ising,large,I,epsilon,32,0.5641025641025641,8245,1749,0,0.005,0.000732421875,0.005,2.0,4.0,2.8401567482560988,,M2,2.8313055263563607,-444.5226668556725,2.0,0.0,-0.31164554228116925,,0.03233482959573559
ising,large,I,epsilon,32,0.5641025641025641,8245,1749,0,0.005,0.000732421875,0.005,2.0,4.0,2.8401567482560988,,free,2.771809164318754,,1.996643329751839,-0.16783351240805544,-2.406472247678282,,0.03513707845303915
ising,large,I,epsilon,33,0.5692307692307692,8245,1749,0,0.005,0.000732421875,0.005,2.0,4.0,2.8062414231097343,,M1,2.7903036766841383,,2.0,0.0,-0.5679392476480083,,0.1087154244968433
ising,large,I,epsilon,33,0.5692307692307692,8245,1749,0,0.005,0.000732421875,0.005,2.0,4.0,2.8062414231097343,,M2,2.7970311220813384,-443.61870940601773,2.0,0.0,-0.3282077212797163,,0.036067854391812544
ising,large,I,epsilon,33,0.5692307692307692,8245,1749,0,0.005,0.000732421875,0.005,2.0,4.0,2.8062414231097343,,free,2.7376777728996506,,1.9966101290649736,-0.16949354675132033,-2.443255581841741,,0.03873461931620165
ising,large,I,epsilon,34,0.5743589743589743,8245,1749,0,0.005,0.000732421875,0.005,2.0,4.0,2.7725899032993855,,M1,2.7563149105650577,,2.0,0.0,-0.5869960326610357,,0.11102307907675711
ising,large,I,epsilon,34,0.5743589743589743,8245,1749,0,0.005,0.000732421875,0.005,2.0,4.0,2.7725899032993855,,M2,2.763027956213911,-442.66916654091256,2.0,0.0,-0.34487419412787546,,0.039913196756519664
ising,large,I,epsilon,34,0.5743589743589743,8245,1749,0,0.005,0.000732421875,0.005,2.0,4.0,2.7725899032993855,,free,2.703823485058692,,1.9965767782479849,-0.17116108760075743,-2.480223207870058,,0.042464216044172644
ising,large,I,epsilon,35,0.5794871794871795,8245,1749,0,0.005,0.000732421875,0.005,2.0,4.0,2.739194359899068,,M1,2.722590385317173,,2.0,0.0,-0.6061627033470685,,0.11346487129963898
ising,large,I,epsilon,35,0.5794871794871795,8245,1749,0,0.005,0.000732421875,0.005,2.0,4.0,2.739194359899068,,M2,2.729288346882655,-441.6744975093713,2.0,0.0,-0.3616396543974276,,0.04385261078035399
ising,large,I,epsilon,35,0.5794871794871795,8245,1749,0,0.005,0.000732421875,0.005,2.0,4.0,2.739194359899068,,free,2.6702385554540875,,1.9965432681968232,-0.17283659015884245,-2.5173753806765675,,0.046304701154526666
ising,large,I,epsilon,36,0.5846153846153846,8245,1749,0,0.005,0.000732421875,0.005,2.0,4.0,2.706047132342,,M1,2.6891225801359324,,2.0,0.0,-0.6254344946098445,,0.11603696876155882
ising,large,I,epsilon,36,0.5846153846153846,8245,1749,0,0.005,0.000732421875,0.005,2.0,4.0,2.706047132342,,M2,2.6958047795824034,-440.6351177032205,2.0,0.0,-0.37849868308583723,,0.04787315000070645
ising,large,I,epsilon,36,0.5846153846153846,8245,1749,0,0.005,0.000732421875,0.005,2.0,4.0,2.706047132342,,free,2.6369154094020026,,1.996509589451103,-0.1745205274448547,-2.5547124480483796,,0.05024047429598201
ising,large,I,epsilon,37,0.5897435897435898,8245,1749,0,0.005,0.000732421875,0.005,2.0,4.0,2.6731407193899566,,M1,2.655904133438753,,2.0,0.0,-0.6448065313649942,,0.11873541636381219
ising,large,I,epsilon,37,0.5897435897435898,8245,1749,0,0.005,0.000732421875,0.005,2.0,4.0,2.6731407193899566,,M2,2.662569898376102,-439.5513993975956,2.0,0.0,-0.3954457368135489,,0.0519653747829696
ising,large,I,epsilon,37,0.5897435897435898,8245,1749,0,0.005,0.000732421875,0.005,2.0,4.0,2.6731407193899566,,free,2.603846633691768,,1.996475732149445,-0.17621339252774648,-2.5922348642387405,,0.05425982808095423
ising,large,I,epsilon,38,0.5948717948717949,8245,1749,0,0.005,0.000732421875,0.005,2.0,4.0,2.6404677703832347,,M1,2.6229278343317812,,2.0,0.0,-0.6642738172451756,,0.12155618755908153
ising,large,I,epsilon,38,0.5948717948717949,8245,1749,0,0.005,0.000732421875,0.005,2.0,4.0,2.6404677703832347,,M2,2.6295764973711933,-438.42367238637394,2.0,0.0,-0.41247513543635206,,0.05612221841629923
ising,large,I,epsilon,38,0.5948717948717949,8245,1749,0,0.005,0.000732421875,0.005,2.0,4.0,2.6404677703832347,,free,2.5710249774899765,,1.9964416866604286,-0.17791566697856753,-2.629942833317722,,0.05835380970957446
ising,large,I,epsilon,39,0.6,8245,1749,0,0.005,0.000732421875,0.005,2.0,4.0,2.608021076746622,,M1,2.5901866143287466,,2.0,0.0,-0.6838312227186005,,0.12449522841075496
ising,large,I,epsilon,39,0.6,8245,1749,0,0.005,0.000732421875,0.005,2.0,4.0,2.608021076746622,,M2,2.5968175124465507,-437.2522245141182,2.0,0.0,-0.42958104901694716,,0.06033825390767944
ising,large,I,epsilon,39,0.6,8245,1749,0,0.005,0.000732421875,0.005,2.0,4.0,2.608021076746622,,free,2.538443330388392,,1.9964074426416163,-0.1796278679191854,-2.667836812309221,,0.06251544132272761
ising,large,I,sigma,-1,0.5,8245,1749,0,0.005,0.000732421875,0.005,0.25,0.5,0.6196527756473224,,M1,0.6576413625396913,,0.25,0.0,6.130624824956854,,0.814792858417526
ising,large,I,sigma,-1,0.5,8245,1749,0,0.005,0.000732421875,0.005,0.25,0.5,0.6196527756473224,,M2,0.6136427482824327,0.20752078366872975,0.25,0.0,-0.969902435861969,,0.014982126244222842
ising,large,I,sigma,-1,0.5,8245,1749,0,0.005,0.000732421875,0.005,0.25,0.5,0.6196527756473224,,free,0.7302515783290927,,0.2668059729766393,6.722389190655731,17.84851242959946,,0.05585782475345547
ising,large,I,sigma,0,0.4,8245,1749,0,0.005,0.000732421875,0.005,0.25,0.5,0.7974877735498891,,M1,0.847359841106439,,0.25,0.0,6.253646665271417,,0.8391393015130069
ising,large,I,sigma,0,0.4,8245,1749,0,0.005,0.000732421875,0.005,0.25,0.5,0.7974877735498891,,M2,0.7889859652941861,0.2753221359088913,0.25,0.0,-1.0660738054777408,,0.022800865955627372
ising,large,I,sigma,0,0.4,8245,1749,0,0.005,0.000732421875,0.005,0.25,0.5,0.7974877735498891,,free,0.9438569795536987,,0.2673067783764237,6.922711350569477,18.353786836413867,,0.058288692851933305
ising,large,I,sigma,1,0.40512820512820513,8245,1749,0,0.005,0.000732421875,0.005,0.25,0.5,0.7872698815430493,,M1,0.8364601765326651,,0.25,0.0,6.248212479969739,,0.8381011542809541
ising,large,I,sigma,1,0.40512820512820513,8245,1749,0,0.005,0.000732421875,0.005,0.25,0.5,0.7872698815430493,,M2,0.7789078963371315,0.2714470555428718,0.25,0.0,-1.0621497661676416,,0.022467251298968715
ising,large,I,sigma,1,0.40512820512820513,8245,1749,0,0.005,0.000732421875,0.005,0.25,0.5,0.7872698815430493,,free,0.9315923373259531,,0.2672854602978898,6.9141841191559195,18.332017922498412,,0.05815947380069859
ising,large,I,sigma,2,0.41025641025641024,8245,1749,0,0.005,0.000732421875,0.005,0.25,0.5,0.7771911968465433,,M1,0.8257088351988894,,0.25,0.0,6.242690157738107,,0.8370398353056442
ising,large,I,sigma,2,0.41025641025641024,8245,1749,0,0.005,0.000732421875,0.005,0.25,0.5,0.7771911968465433,,M2,0.7689676743966963,0.2676213865986004,0.25,0.0,-1.0581080283994293,,0.022122638279310488
ising,large,I,sigma,2,0.41025641025641024,8245,1749,0,0.005,0.000732421875,0.005,0.25,0.5,0.7771911968465433,,free,0.9194933685524311,,0.2672636643060922,6.905465722436888,18.309802309043064,,0.05802884010735869
ising,large,I,sigma,3,0.4153846153846154,8245,1749,0,0.005,0.000732421875,0.005,0.25,0.5,0.7672476504449054,,M1,0.8151014926581349,,0.25,0.0,6.237079016857261,,0.8359554911320328
ising,large,I,sigma,3,0.4153846153846154,8245,1749,0,0.005,0.000732421875,0.005,0.25,0.5,0.7672476504449054,,M2,0.7591612412279207,0.2638438735262823,0.25,0.0,-1.0539503395410321,,0.021767529757628988
ising,large,I,sigma,3,0.4153846153846154,8245,1749,0,0.005,0.000732421875,0.005,0.25,0.5,0.7672476504449054,,free,0.9075553124816245,,0.2672413928930614,6.89655715722457,18.287141310287303,,0.05789710954528297
ising,large,I,sigma,4,0.4205128205128205,8245,1749,0,0.005,0.000732421875,0.005,0.25,0.5,0.7574353300158443,,M1,0.8046339905875157,,0.25,0.0,6.23137827102469,,0.8348482492755653
ising,large,I,sigma,4,0.4205128205128205,8245,1749,0,0.005,0.000732421875,0.005,0.25,0.5,0.7574353300158443,,M2,0.7494846951288061,0.26011330596580523,0.25,0.0,-1.0496783780698293,,0.021402447236667253
ising,large,I,sigma,4,0.4205128205128205,8245,1749,0,0.005,0.000732421875,0.005,0.25,0.5,0.7574353300158443,,free,0.895773591498589,,0.26721864840176596,6.887459360706383,18.264036017418263,,0.05776460308627493
ising,large,I,sigma,5,0.4256410256410256,8245,1749,0,0.005,0.000732421875,0.005,0.25,0.5,0.7477504718672409,,M1,0.7943023282687472,,0.25,0.0,6.225587031093371,,0.8337182187347608
ising,large,I,sigma,5,0.4256410256410256,8245,1749,0,0.005,0.000732421875,0.005,0.25,0.5,0.7477504718672409,,M2,0.7399342828694209,0.25642851663092914,0.25,0.0,-1.045293756659471,,0.02102793407392134
ising,large,I,sigma,5,0.4256410256410256,8245,1749,0,0.005,0.000732421875,0.005,0.25,0.5,0.7477504718672409,,free,0.8841437994132755,,0.2671954326021438,6.878173040857516,18.240486990993233,,0.0576316446230785
ising,large,I,sigma,6,0.4307692307692308,8245,1749,0,0.005,0.000732421875,0.005,0.25,0.5,0.7381894533710931,,M1,0.7841026545924613,,0.25,0.0,6.219704306488838,,0.8325654904545358
ising,large,I,sigma,6,0.4307692307692308,8245,1749,0,0.005,0.000732421875,0.005,0.25,0.5,0.7381894533710931,,M2,0.7305063921186813,0.2527883793167165,0.25,0.0,-1.0407980251310178,,0.02064455909345102
ising,large,I,sigma,6,0.4307692307692308,8245,1749,0,0.005,0.000732421875,0.005,0.25,0.5,0.7381894533710931,,free,0.8726616931653233,,0.26717174676596767,6.868698706387066,18.21649431323289,,0.0574985606838299
ising,large,I,sigma,7,0.4358974358974359,8245,1749,0,0.005,0.000732421875,0.005,0.25,0.5,0.7287487858579769,,M1,0.7740312605480348,,0.25,0.0,6.213729006319446,,0.8313901377428231
ising,large,I,sigma,7,0.4358974358974359,8245,1749,0,0.005,0.000732421875,0.005,0.25,0.5,0.7287487858579769,,M2,0.7211975443323102,0.2491918070217326,0.25,0.0,-1.0361926732785354,,0.020252920654241783
ising,large,I,sigma,7,0.4358974358974359,8245,1749,0,0.005,0.000732421875,0.005,0.25,0.5,0.7287487858579769,,free,0.86132318612572,,0.2671475919325655,6.859036773026195,18.192057790073648,,0.05736568013546929
ising,large,I,sigma,8,0.441025641025641,8245,1749,0,0.005,0.000732421875,0.005,0.25,0.5,0.7194251079386431,,M1,0.764084572163834,,0.25,0.0,6.2076599401920785,,0.830192216642782
ising,large,I,sigma,8,0.441025641025641,8245,1749,0,0.005,0.000732421875,0.005,0.25,0.5,0.7194251079386431,,M2,0.7120043880685306,0.24563775017723635,0.25,0.0,-1.0314791335786055,,0.01985365124060995
ising,large,I,sigma,8,0.441025641025641,8245,1749,0,0.005,0.000732421875,0.005,0.25,0.5,0.7194251079386431,,free,0.8501243409704,,0.26712296903172233,6.849187612688934,18.167177040324223,,0.05723333387327602
ising,large,I,sigma,9,0.4461538461538462,8245,1749,0,0.005,0.000732421875,0.005,0.25,0.5,0.7102151792221181,,M1,0.7542591438656724,,0.25,0.0,6.2014958187453395,,0.8289717662626374
ising,large,I,sigma,9,0.4461538461538462,8245,1749,0,0.005,0.000732421875,0.005,0.25,0.5,0.7102151792221181,,M2,0.7029236927008069,0.2421251949761857,0.25,0.0,-1.0266587837924557,,0.019447422648307768
ising,large,I,sigma,9,0.4461538461538462,8245,1749,0,0.005,0.000732421875,0.005,0.25,0.5,0.7102151792221181,,free,0.8390613585442103,,0.2670978781560314,6.839151262412568,18.141850961734484,,0.05710185449380234
ising,large,I,sigma,10,0.4512820512820513,8245,1749,0,0.005,0.000732421875,0.005,0.25,0.5,0.7011158744021821,,M1,0.7445516522238949,,0.25,0.0,6.195235253908482,,0.8277288090649751
ising,large,I,sigma,10,0.4512820512820513,8245,1749,0,0.005,0.000732421875,0.005,0.25,0.5,0.7011158744021821,,M2,0.6939523424994525,0.23865316179544874,0.25,0.0,-1.0217329494697003,,0.019034951848405212
ising,large,I,sigma,10,0.4512820512820513,8245,1749,0,0.005,0.000732421875,0.005,0.25,0.5,0.7011158744021821,,free,0.8281305754032362,,0.26707231937604614,6.8289277504184565,18.116078331467712,,0.05697157594862716
ising,large,I,sigma,11,0.4564102564102564,8245,1749,0,0.005,0.000732421875,0.005,0.25,0.5,0.6921241776863593,,M1,0.7349588900618882,,0.25,0.0,6.188876758895678,,0.8264633511171087
ising,large,I,sigma,11,0.4564102564102564,8245,1749,0,0.005,0.000732421875,0.005,0.25,0.5,0.6921241776863593,,M2,0.685087331056197,0.2352207037051166,0.25,0.0,-1.0167029063606892,,0.01861700761896074
ising,large,I,sigma,11,0.4564102564102564,8245,1749,0,0.005,0.000732421875,0.005,0.25,0.5,0.6921241776863593,,free,0.8173284552428788,,0.26704629234142163,6.818516936568653,18.089857513004937,,0.056842833176411166
ising,large,I,sigma,12,0.46153846153846156,8245,1749,0,0.005,0.000732421875,0.005,0.25,0.5,0.6832371775436179,,M1,0.7254777609009752,,0.25,0.0,6.1824187479406545,,0.8251753823039035
ising,large,I,sigma,12,0.46153846153846156,8245,1749,0,0.005,0.000732421875,0.005,0.25,0.5,0.6832371775436179,,M2,0.676325756027863,0.23182690505928186,0.25,0.0,-1.0115698827459663,,0.01819441804144098
ising,large,I,sigma,12,0.46153846153846156,8245,1749,0,0.005,0.000732421875,0.005,0.25,0.5,0.6832371775436179,,free,0.8066515832911385,,0.26701979636631257,6.807918546525027,18.063186519097442,,0.05671596171095828
ising,large,I,sigma,13,0.4666666666666667,8245,1749,0,0.005,0.000732421875,0.005,0.25,0.5,0.6744520617488561,,M1,0.7161052737186161,,0.25,0.0,6.175859535776818,,0.823864876504347
ising,large,I,sigma,13,0.4666666666666667,8245,1749,0,0.005,0.000732421875,0.005,0.25,0.5,0.6744520617488561,,M2,0.6676648141771809,0.22847088016308775,0.25,0.0,-1.0063350616907885,,0.017768078963120906
ising,large,I,sigma,13,0.4666666666666667,8245,1749,0,0.005,0.000732421875,0.005,0.25,0.5,0.6744520617488561,,free,0.7960966603176116,,0.26699283037554,6.797132150216001,18.036062971374236,,0.056591297263018814
ising,large,I,sigma,14,0.4717948717948718,8245,1749,0,0.005,0.000732421875,0.005,0.25,0.5,0.6657661127039459,,M1,0.7068385379986489,,0.25,0.0,6.169197336868226,,0.8225317917328583
ising,large,I,sigma,14,0.4717948717948718,8245,1749,0,0.005,0.000732421875,0.005,0.25,0.5,0.6657661127039459,,M2,0.6591017966904955,0.22515177201120964,0.25,0.0,-1.0009995832296004,,0.01733896352683723
ising,large,I,sigma,14,0.4717948717948718,8245,1749,0,0.005,0.000732421875,0.005,0.25,0.5,0.6657661127039459,,free,0.7856604987147016,,0.26696539319870843,6.7861572794833736,18.008484319488115,,0.05646917527377938
ising,large,I,sigma,15,0.47692307692307695,8245,1749,0,0.005,0.000732421875,0.005,0.25,0.5,0.657176703016677,,M1,0.6976747590539039,,0.25,0.0,6.162430264391028,,0.8211760702462901
ising,large,I,sigma,15,0.47692307692307695,8245,1749,0,0.005,0.000732421875,0.005,0.25,0.5,0.657176703016677,,M2,0.6506340847536445,0.22186875109333348,0.25,0.0,-0.9955645464910012,,0.016908132862121793
ising,large,I,sigma,15,0.47692307692307695,8245,1749,0,0.005,0.000732421875,0.005,0.25,0.5,0.657176703016677,,free,0.7753400144770385,,0.2669374829903902,6.774993196156087,17.980447407516053,,0.056349930438101874
ising,large,I,sigma,16,0.48205128205128206,8245,1749,0,0.005,0.000732421875,0.005,0.25,0.5,0.6486812913203444,,M1,0.6886112336030595,,0.25,0.0,6.155556328970224,,0.8197976386173269
ising,large,I,sigma,16,0.48205128205128206,8245,1749,0,0.005,0.000732421875,0.005,0.25,0.5,0.6486812913203444,,M2,0.6422591453687525,0.2186210142624802,0.25,0.0,-0.9900310117654243,,0.016476748013300124
ising,large,I,sigma,16,0.48205128205128206,8245,1749,0,0.005,0.000732421875,0.005,0.25,0.5,0.6486812913203444,,free,0.7651322253226551,,0.26690909781454597,6.763639125818388,17.951948909345482,,0.056233896195731006
ising,large,I,sigma,17,0.48717948717948717,8245,1749,0,0.005,0.000732421875,0.005,0.25,0.5,0.6402774183180354,,M1,0.6796453455849266,,0.25,0.0,6.148573437168547,,0.8183964077748822
ising,large,I,sigma,17,0.48717948717948717,8245,1749,0,0.005,0.000732421875,0.005,0.25,0.5,0.6402774183180354,,M2,0.6339745273959383,0.21540778366235394,0.25,0.0,-0.9844000025261535,,0.016046083144472954
ising,large,I,sigma,17,0.48717948717948717,8245,1749,0,0.005,0.000732421875,0.005,0.25,0.5,0.6402774183180354,,free,0.7550342446715647,,0.2668802353544286,6.7520941417714475,17.92298511088952,,0.056121404188879925
ising,large,I,sigma,18,0.49230769230769234,8245,1749,0,0.005,0.000732421875,0.005,0.25,0.5,0.6319627030368472,,M1,0.6707745621946226,,0.25,0.0,6.141479389727911,,0.8169722730119398
ising,large,I,sigma,18,0.49230769230769234,8245,1749,0,0.005,0.000732421875,0.005,0.25,0.5,0.6319627030368472,,M2,0.6257778578051528,0.2122283057101609,0.25,0.0,-0.9786725074080516,,0.015617540000770013
ising,large,I,sigma,18,0.49230769230769234,8245,1749,0,0.005,0.000732421875,0.005,0.25,0.5,0.6319627030368472,,free,0.7450432776254539,,0.26685089297138415,6.740357188553658,17.893551952545117,,0.05601278368472277
ising,large,I,sigma,19,0.49743589743589745,8245,1749,0,0.005,0.000732421875,0.005,0.25,0.5,0.6237348392783484,,M1,0.6619964301272304,,0.25,0.0,6.134271879561859,,0.8155251139611471
ising,large,I,sigma,19,0.49743589743589745,8245,1749,0,0.005,0.000732421875,0.005,0.25,0.5,0.6237348392783484,,M2,0.6176668381244402,0.20908185013159616,0.25,0.0,-0.97284948214994,,0.01519266350948251
ising,large,I,sigma,19,0.49743589743589745,8245,1749,0,0.005,0.000732421875,0.005,0.25,0.5,0.6237348392783484,,free,0.735156616879388,,0.2668210677047432,6.72842708189727,17.863645027421104,,0.05590836096161786
ising,large,I,sigma,20,0.5025641025641026,8245,1749,0,0.005,0.000732421875,0.005,0.25,0.5,0.6155915922525934,,M1,0.6533085720155634,,0.25,0.0,6.126948489493622,,0.8140547945383256
ising,large,I,sigma,20,0.5025641025641026,8245,1749,0,0.005,0.000732421875,0.005,0.25,0.5,0.6155915922525934,,M2,0.6096392410718944,0.20596770904493378,0.25,0.0,-0.9669318515085568,,0.01477315826019893
ising,large,I,sigma,20,0.5025641025641026,8245,1749,0,0.005,0.000732421875,0.005,0.25,0.5,0.6155915922525934,,free,0.72537163884449,,0.26679075627106963,6.716302508427852,17.8332595788363,,0.05580845865797771
ising,large,I,sigma,21,0.5076923076923077,8245,1749,0,0.005,0.000732421875,0.005,0.25,0.5,0.607530795383908,,M1,0.6447086830496422,,0.25,0.0,6.119506689737597,,0.812561162853933
ising,large,I,sigma,21,0.5076923076923077,8245,1749,0,0.005,0.000732421875,0.005,0.25,0.5,0.607530795383908,,M2,0.6016929073595195,0.20288519609137146,0.25,0.0,-0.9609205111486441,,0.01436090539438984
ising,large,I,sigma,21,0.5076923076923077,8245,1749,0,0.005,0.000732421875,0.005,0.25,0.5,0.607530795383908,,free,0.7156857999681989,,0.2667599550627688,6.703982025107513,17.802390497085206,,0.05571339508297526
ising,large,I,sigma,22,0.5128205128205128,8245,1749,0,0.005,0.000732421875,0.005,0.25,0.5,0.5995503472774909,,M1,0.6361945277663347,,0.25,0.0,6.111943835116107,,0.8110440510923833
ising,large,I,sigma,22,0.5128205128205128,8245,1749,0,0.005,0.000732421875,0.005,0.25,0.5,0.5995503472774909,,M2,0.5938257426580111,0.19983364560898165,0.25,0.0,-0.9548163295167389,,0.013957979144397904
ising,large,I,sigma,22,0.5128205128205128,8245,1749,0,0.005,0.000732421875,0.005,0.25,0.5,0.5995503472774909,,free,0.7060966332396852,,0.26672866014605745,6.69146405842298,17.771032315469792,,0.055623483488488425
ising,large,I,sigma,23,0.517948717948718,8245,1749,0,0.005,0.000732421875,0.005,0.25,0.5,0.5916482088366464,,M1,0.6277639369984443,,0.25,0.0,6.104257162007154,,0.8095032753589863
ising,large,I,sigma,23,0.517948717948718,8245,1749,0,0.005,0.000732421875,0.005,0.25,0.5,0.5916482088366464,,M2,0.58603571471226,0.196812411847797,0.25,0.0,-0.9486201497038493,,0.013566661873876989
ising,large,I,sigma,23,0.517948717948718,8245,1749,0,0.005,0.000732421875,0.005,0.25,0.5,0.5916482088366464,,free,0.6966017448688403,,0.26669686725829367,6.678746903317467,17.73917920558963,,0.05553903130190415
ising,large,I,sigma,24,0.5230769230769231,8245,1749,0,0.005,0.000732421875,0.005,0.25,0.5,0.5838224005211629,,M1,0.6194148049732469,,0.25,0.0,6.09644378501264,,0.8079386354941583
ising,large,I,sigma,24,0.5230769230769231,8245,1749,0,0.005,0.000732421875,0.005,0.25,0.5,0.5838224005211629,,M2,0.5783208505980708,0.19382086822374608,0.25,0.0,-0.942332791304501,,0.013189455977565486
ising,large,I,sigma,24,0.5230769230769231,8245,1749,0,0.005,0.000732421875,0.005,0.25,0.5,0.5838224005211629,,free,0.6871988107709562,,0.2666645717211912,6.665828688476472,17.706824910711205,,0.05546033931965498
ising,large,I,sigma,25,0.5282051282051282,8245,1749,0,0.005,0.000732421875,0.005,0.25,0.5,0.5760709997379937,,M1,0.6111450865511675,,0.25,0.0,6.088500693339194,,0.806349914854373
ising,large,I,sigma,25,0.5282051282051282,8245,1749,0,0.005,0.000732421875,0.005,0.25,0.5,0.5760709997379937,,M2,0.5706792341112394,0.19085840660928777,0.25,0.0,-0.9359550522776705,,0.012829090406295297
ising,large,I,sigma,25,0.5282051282051282,8245,1749,0,0.005,0.000732421875,0.005,0.25,0.5,0.5760709997379937,,free,0.6778855749942424,,0.2666317687706693,6.652707508267719,17.673962984173052,,0.05538770086155486
ising,large,I,sigma,26,0.5333333333333333,8245,1749,0,0.005,0.000732421875,0.005,0.25,0.5,0.5683921383559922,,M1,0.6029527945959164,,0.25,0.0,6.0804247468810635,,0.8047368800592338
ising,large,I,sigma,26,0.5333333333333333,8245,1749,0,0.005,0.000732421875,0.005,0.25,0.5,0.5683921383559922,,M2,0.5631090032807271,0.1879244366587597,0.25,0.0,-0.9294877108163346,,0.012488518933512473
ising,large,I,sigma,26,0.5333333333333333,8245,1749,0,0.005,0.000732421875,0.005,0.25,0.5,0.5683921383559922,,free,0.6686598450498136,,0.266598453135221,6.639381254088406,17.640586476764785,,0.05532140088629164
ising,large,I,sigma,27,0.5384615384615384,8245,1749,0,0.005,0.000732421875,0.005,0.25,0.5,0.5607840003369953,,M1,0.5948359974679587,,0.25,0.0,6.072212671991406,,0.8030992807039153
ising,large,I,sigma,27,0.5384615384615384,8245,1749,0,0.005,0.000732421875,0.005,0.25,0.5,0.5607840003369953,,M2,0.5556083479982028,0.1850183851665961,0.25,0.0,-0.9229315272337058,,0.012170906663337274
ising,large,I,sigma,27,0.5384615384615384,8245,1749,0,0.005,0.000732421875,0.005,0.25,0.5,0.5607840003369953,,free,0.6595194892290429,,0.26656461902991535,6.62584761196614,17.60668792845621,,0.055261715068625775
ising,large,I,sigma,28,0.5435897435897435,8245,1749,0,0.005,0.000732421875,0.005,0.25,0.5,0.5532448194760504,,M1,0.5867928166337469,,0.25,0.0,6.063861056931019,,0.8014368490359938
ising,large,I,sigma,28,0.5435897435897435,8245,1749,0,0.005,0.000732421875,0.005,0.25,0.5,0.5532448194760504,,M2,0.5481755077567486,0.18213969545665934,0.25,0.0,-0.916287245871128,,0.01187960085913014
ising,large,I,sigma,28,0.5435897435897435,8245,1749,0,0.005,0.000732421875,0.005,0.25,0.5,0.5532448194760504,,free,0.650462435743518,,0.2665302605684701,6.612104227388049,17.572259666080093,,0.0552089088390513
ising,large,I,sigma,29,0.5487179487179488,8245,1749,0,0.005,0.000732421875,0.005,0.25,0.5,0.5457728772440411,,M1,0.5788214243836057,,0.25,0.0,6.055366346977165,,0.7997492995956236
ising,large,I,sigma,29,0.5487179487179488,8245,1749,0,0.005,0.000732421875,0.005,0.25,0.5,0.5457728772440411,,M2,0.5408087694919591,0.17928782680109354,0.25,0.0,-0.9095555970368041,,0.011618082187893444
ising,large,I,sigma,29,0.5487179487179488,8245,1749,0,0.005,0.000732421875,0.005,0.25,0.5,0.5457728772440411,,free,0.6414866688368394,,0.26649537142232765,6.5981485689310615,17.537293548942714,,0.055163236386919556
ising,large,I,sigma,30,0.5538461538461539,8245,1749,0,0.005,0.000732421875,0.005,0.25,0.5,0.5383665007263897,,M1,0.5709200416516242,,0.25,0.0,6.0467248391777195,,0.7980363288178377
ising,large,I,sigma,30,0.5538461538461539,8245,1749,0,0.005,0.000732421875,0.005,0.25,0.5,0.5383665007263897,,M2,0.5335064655191097,0.17646225386719452,0.25,0.0,-0.9027372989817484,,0.01138989323531001
ising,large,I,sigma,30,0.5538461538461539,8245,1749,0,0.005,0.000732421875,0.005,0.25,0.5,0.5383665007263897,,free,0.6325902267668498,,0.26645994489678276,6.583977958713105,17.501781019682493,,0.05512493962816211
ising,large,I,sigma,31,0.558974358974359,8245,1749,0,0.005,0.000732421875,0.005,0.25,0.5,0.5310240606519059,,M1,0.5630869359313118,,0.25,0.0,6.037932676731117,,0.796297614595548
ising,large,I,sigma,31,0.558974358974359,8245,1749,0,0.005,0.000732421875,0.005,0.25,0.5,0.5310240606519059,,M2,0.5262669715604452,0.1736624661908842,0.25,0.0,-0.8958330599221243,,0.011198542951635443
ising,large,I,sigma,31,0.558974358974359,8245,1749,0,0.005,0.000732421875,0.005,0.25,0.5,0.5310240606519059,,free,0.623771199540155,,0.2664239739228215,6.569589569128609,17.465713092997916,,0.05509424713892235
ising,large,I,sigma,32,0.5641025641025641,8245,1749,0,0.005,0.000732421875,0.005,0.25,0.5,0.523743969506206,,M1,0.5553204192811606,,0.25,0.0,6.028985842973111,,0.7945328158017055
ising,large,I,sigma,32,0.5641025641025641,8245,1749,0,0.005,0.000732421875,0.005,0.25,0.5,0.523743969506206,,M2,0.5190887048570111,0.17088796767549863,0.25,0.0,-0.8888435801149175,,0.011047388708968497
ising,large,I,sigma,32,0.5641025641025641,8245,1749,0,0.005,0.000732421875,0.005,0.25,0.5,0.523743969506206,,free,0.6150277267452856,,0.2663874510481847,6.55498041927387,17.429080343424918,,0.0550713730565218
ising,large,I,sigma,33,0.5692307692307692,8245,1749,0,0.005,0.000732421875,0.005,0.25,0.5,0.5165246797244607,,M1,0.5476188464146003,,0.25,0.0,6.019880154947632,,0.7927415717688119
ising,large,I,sigma,33,0.5692307692307692,8245,1749,0,0.005,0.000732421875,0.005,0.25,0.5,0.5165246797244607,,M2,0.5119701223597679,0.1681382761146549,0.25,0.0,-0.8817695539973802,,0.010939501739120873
ising,large,I,sigma,33,0.5692307692307692,8245,1749,0,0.005,0.000732421875,0.005,0.25,0.5,0.5165246797244607,,free,0.6063579952442864,,0.266350368366526,6.540147346610392,17.391872846762535,,0.05505651594924493
ising,large,I,sigma,34,0.5743589743589743,8245,1749,0,0.005,0.000732421875,0.005,0.25,0.5,0.5093646819585268,,M1,0.5399806128691526,,0.25,0.0,6.010611256537524,,0.7909235017239088
ising,large,I,sigma,34,0.5743589743589743,8245,1749,0,0.005,0.000732421875,0.005,0.25,0.5,0.5093646819585268,,M2,0.5049097189950397,0.16541292273808542,0.25,0.0,-0.8746116723989616,,0.010877526253968744
ising,large,I,sigma,34,0.5743589743589743,8245,1749,0,0.005,0.000732421875,0.005,0.25,0.5,0.5093646819585268,,free,0.5977602383571271,,0.2663127178123341,6.525087124933648,17.354080392601222,,0.055049857656473106
ising,large,I,sigma,35,0.5794871794871795,8245,1749,0,0.005,0.000732421875,0.005,0.25,0.5,0.5022625034138002,,M1,0.5324041532498931,,0.25,0.0,6.001174611129589,,0.7890782041768077
ising,large,I,sigma,35,0.5794871794871795,8245,1749,0,0.005,0.000732421875,0.005,0.25,0.5,0.5022625034138002,,M2,0.4979060259996267,0.16271145177936594,0.25,0.0,-0.867370624835262,,0.010863546403339062
ising,large,I,sigma,35,0.5794871794871795,8245,1749,0,0.005,0.000732421875,0.005,0.25,0.5,0.5022625034138002,,free,0.5892327316137758,,0.2662744905384744,6.509796215389763,17.315692015400796,,0.0550515621006646
ising,large,I,sigma,36,0.5846153846153846,8245,1749,0,0.005,0.000732421875,0.005,0.25,0.5,0.49521670625138037,,M1,0.5248879395425937,,0.25,0.0,5.99156549378439,,0.7872052562592273
ising,large,I,sigma,36,0.5846153846153846,8245,1749,0,0.005,0.000732421875,0.005,0.25,0.5,0.49521670625138037,,M2,0.4909576093211598,0.16003342006456858,0.25,0.0,-0.8600471018961553,,0.010898977021158773
ising,large,I,sigma,36,0.5846153846153846,8245,1749,0,0.005,0.000732421875,0.005,0.25,0.5,0.49521670625138037,,free,0.5807737932688092,,0.2662356775148187,6.494271005927477,17.276696431561533,,0.05506177407259296
ising,large,I,sigma,37,0.5897435897435898,8245,1749,0,0.005,0.000732421875,0.005,0.25,0.5,0.48822588605136885,,M1,0.5174304794921641,,0.25,0.0,5.981778982878949,,0.7853042130121893
ising,large,I,sigma,37,0.5897435897435898,8245,1749,0,0.005,0.000732421875,0.005,0.25,0.5,0.48822588605136885,,M2,0.48406306807951427,0.1573783966209269,0.25,0.0,-0.8526417977387957,,0.010984492736027026
ising,large,I,sigma,37,0.5897435897435898,8245,1749,0,0.005,0.000732421875,0.005,0.25,0.5,0.48822588605136885,,free,0.5723817813740397,,0.26619626920940875,6.478507683763501,17.237081794924826,,0.05508061799106617
ising,large,I,sigma,38,0.5948717948717949,8245,1749,0,0.005,0.000732421875,0.005,0.25,0.5,0.481288670333338,,M1,0.5100303150422529,,0.25,0.0,5.9718099511897105,,0.7833746066188141
ising,large,I,sigma,38,0.5948717948717949,8245,1749,0,0.005,0.000732421875,0.005,0.25,0.5,0.481288670333338,,M2,0.4772210330853184,0.15474596230466847,0.25,0.0,-0.8451554126969962,,0.011120005229089874
ising,large,I,sigma,38,0.5948717948717949,8245,1749,0,0.005,0.000732421875,0.005,0.25,0.5,0.481288670333338,,free,0.5640550920283084,,0.2661562555510782,6.4625022204312765,17.196835661568088,,0.05510819663819095
ising,large,I,sigma,39,0.6,8245,1749,0,0.005,0.000732421875,0.005,0.25,0.5,0.474403717130203,,M1,0.5026860208320562,,0.25,0.0,5.961653056375793,,0.7814159455793132
ising,large,I,sigma,39,0.6,8245,1749,0,0.005,0.000732421875,0.005,0.25,0.5,0.474403717130203,,M2,0.4704301654117695,0.15213570944723218,0.25,0.0,-0.8375886560228918,,0.01130469115066244
ising,large,I,sigma,39,0.6,8245,1749,0,0.005,0.000732421875,0.005,0.25,0.5,0.474403717130203,,free,0.5557921589583829,,0.266115626255598,6.4462505022391925,17.155945219089052,,0.05514458987085798
ising,large,epsilon,I,-1,0.5,8245,1749,0,0.005,0.000732421875,0.005,2.0,4.0,3.289868133696453,,M1,3.3028247145789433,,2.0,0.0,0.39383283329148533,,0.08537127060014457
ising,large,epsilon,I,-1,0.5,8245,1749,0,0.005,0.000732421875,0.005,2.0,4.0,3.289868133696453,,M2,3.2963283763551163,428.3791258890892,2.0,0.0,0.19636782983776246,,0.016973083100320873
ising,large,epsilon,I,-1,0.5,8245,1749,0,0.005,0.000732421875,0.005,2.0,4.0,3.289868133696453,,free,3.3548406342447517,,2.002782156773101,0.1391078386550504,1.9749271979268235,,0.018980259606520444
ising,large,epsilon,I,0,0.4,8245,1749,0,0.005,0.000732421875,0.005,2.0,4.0,4.124858443829334,,M1,4.146544094233048,,2.0,0.0,0.5257307783774978,,0.09608413248138463
ising,large,epsilon,I,0,0.4,8245,1749,0,0.005,0.000732421875,0.005,2.0,4.0,4.124858443829334,,M2,4.140329314135471,409.8127243479832,2.0,0.0,0.37506427230928896,,0.07188552907807268
ising,large,epsilon,I,0,0.4,8245,1749,0,0.005,0.000732421875,0.005,2.0,4.0,4.124858443829334,,free,4.1957949441648354,,2.0021022628987324,0.10511314493661938,1.7197317508342636,,0.07263067404956254
ising,large,epsilon,I,1,0.40512820512820513,8245,1749,0,0.005,0.000732421875,0.005,2.0,4.0,4.0767045677295535,,M1,4.097953132053995,,2.0,0.0,0.5212191359815765,,0.09489454161980407
ising,large,epsilon,I,1,0.40512820512820513,8245,1749,0,0.005,0.000732421875,0.005,2.0,4.0,4.0767045677295535,,M2,4.091711985114918,411.55139683166567,2.0,0.0,0.36812619447972317,,0.06933969022992294
ising,large,epsilon,I,1,0.40512820512820513,8245,1749,0,0.005,0.000732421875,0.005,2.0,4.0,4.0767045677295535,,free,4.147441894288416,,2.0021372560126465,0.10686280063232356,1.7351594991407149,,0.07010899464731818
ising,large,epsilon,I,2,0.41025641025641024,8245,1749,0,0.005,0.000732421875,0.005,2.0,4.0,4.029235855295656,,M1,4.05004371613297,,2.0,0.0,0.5164220111355755,,0.09372875839029883
ising,large,epsilon,I,2,0.41025641025641024,8245,1749,0,0.005,0.000732421875,0.005,2.0,4.0,4.029235855295656,,M2,4.043777720777134,413.18994191414436,2.0,0.0,0.3609087679085743,,0.06673779377050873
ising,large,epsilon,I,2,0.41025641025641024,8245,1749,0,0.005,0.000732421875,0.005,2.0,4.0,4.029235855295656,,free,4.099758238465466,,2.002172190606881,0.1086095303440393,1.7502669414876992,,0.06753265349348014
ising,large,epsilon,I,3,0.4153846153846154,8245,1749,0,0.005,0.000732421875,0.005,2.0,4.0,3.982430651110986,,M1,4.002794699433376,,2.0,0.0,0.5113472174765654,,0.09259383968935282
ising,large,epsilon,I,3,0.4153846153846154,8245,1749,0,0.005,0.000732421875,0.005,2.0,4.0,3.982430651110986,,M2,3.9965053260935384,414.73152426514895,2.0,0.0,0.35341921091898154,,0.06408175373779007
ising,large,epsilon,I,3,0.4153846153846154,8245,1749,0,0.005,0.000732421875,0.005,2.0,4.0,3.982430651110986,,free,4.052723198624235,,2.002207074818226,0.11035374091130645,1.765066454920916,,0.06490376292701738
ising,large,epsilon,I,4,0.4205128205128205,8245,1749,0,0.005,0.000732421875,0.005,2.0,4.0,3.936268164422664,,M1,3.9561857752606278,,2.0,0.0,0.5060023861683582,,0.09149712353523334
ising,large,epsilon,I,4,0.4205128205128205,8245,1749,0,0.005,0.000732421875,0.005,2.0,4.0,3.936268164422664,,M2,3.949874448869536,416.1791442292529,2.0,0.0,0.3456645705658623,,0.06137359433260297
ising,large,epsilon,I,4,0.4205128205128205,8245,1749,0,0.005,0.000732421875,0.005,2.0,4.0,3.936268164422664,,free,4.0063168188199,,2.0022419166737717,0.11209583368858578,1.779570178433465,,0.06222458207891835
ising,large,epsilon,I,5,0.4256410256410256,8245,1749,0,0.005,0.000732421875,0.005,2.0,4.0,3.8907284225218226,,M1,3.9101974321276836,,2.0,0.0,0.5003949772788729,,0.09044622033236378
ising,large,epsilon,I,5,0.4256410256410256,8245,1749,0,0.005,0.000732421875,0.005,2.0,4.0,3.8907284225218226,,M2,3.9038655344693782,417.53564710269814,2.0,0.0,0.33765173306650187,,0.05861549595234137
ising,large,epsilon,I,5,0.4256410256410256,8245,1749,0,0.005,0.000732421875,0.005,2.0,4.0,3.8907284225218226,,free,3.960519918940515,,2.002276724006312,0.11383620031559794,1.793789975540272,,0.05949757147911549
ising,large,epsilon,I,6,0.4307692307692308,8245,1749,0,0.005,0.000732421875,0.005,2.0,4.0,3.845792227082447,,M1,3.864810911482714,,2.0,0.0,0.4945322908069594,,0.08944899554558791
ising,large,epsilon,I,6,0.4307692307692308,8245,1749,0,0.005,0.000732421875,0.005,2.0,4.0,3.845792227082447,,M2,3.8584597834131826,418.8037317478625,2.0,0.0,0.3293874339214131,,0.05580985592902324
ising,large,epsilon,I,6,0.4307692307692308,8245,1749,0,0.005,0.000732421875,0.005,2.0,4.0,3.845792227082447,,free,3.9153140553939862,,2.0023115045524067,0.11557522762033479,1.807737501312734,,0.056725464718760076
ising,large,epsilon,I,7,0.4358974358974359,8245,1749,0,0.005,0.000732421875,0.005,2.0,4.0,3.8014411132347803,,M1,3.8200081680821594,,2.0,0.0,0.4884214773901885,,0.08851354241020591
ising,large,epsilon,I,7,0.4358974358974359,8245,1749,0,0.005,0.000732421875,0.005,2.0,4.0,3.8014411132347803,,M2,3.8136391116285915,419.98595859900996,2.0,0.0,0.32087826775333284,,0.05295937014862987
ising,large,epsilon,I,7,0.4358974358974359,8245,1749,0,0.005,0.000732421875,0.005,2.0,4.0,3.8014411132347803,,free,3.870681482215434,,2.0023462659571734,0.11731329785866773,1.8214242156636917,,0.05391136403982154
ising,large,epsilon,I,8,0.441025641025641,8245,1749,0,0.005,0.000732421875,0.005,2.0,4.0,3.7576573111684026,,M1,3.775771832810968,,2.0,0.0,0.48206954872456187,,0.08764814340409192
ising,large,epsilon,I,8,0.441025641025641,8245,1749,0,0.005,0.000732421875,0.005,2.0,4.0,3.7576573111684026,,M2,3.769386113158148,421.0847571043336,2.0,0.0,0.31213069789215453,,0.05006714478274138
ising,large,epsilon,I,8,0.441025641025641,8245,1749,0,0.005,0.000732421875,0.005,2.0,4.0,3.7576573111684026,,free,3.826605114185085,,2.0023810157612076,0.11905078806038194,1.834861385889508,,0.051058869956543365
ising,large,epsilon,I,9,0.4461538461538462,8245,1749,0,0.005,0.000732421875,0.005,2.0,4.0,3.714423710077384,,M1,3.7320851777684614,,2.0,0.0,0.4754833877234077,,0.08686121943673043
ising,large,epsilon,I,9,0.4461538461538462,8245,1749,0,0.005,0.000732421875,0.005,2.0,4.0,3.714423710077384,,M2,3.7256840251401533,422.1024326504267,2.0,0.0,0.3031510657284242,,0.04713685218949133
ising,large,epsilon,I,9,0.4461538461538462,8245,1749,0,0.005,0.000732421875,0.005,2.0,4.0,3.714423710077384,,free,3.783068491412058,,2.002415761349689,0.12078806748445636,1.8480600677956538,,0.04817226000674789
ising,large,epsilon,I,10,0.4512820512820513,8245,1749,0,0.005,0.000732421875,0.005,2.0,4.0,3.671723824275612,,M1,3.6889320834536203,,2.0,0.0,0.4686697584452393,,0.08616126608948833
ising,large,epsilon,I,10,0.4512820512820513,8245,1749,0,0.005,0.000732421875,0.005,2.0,4.0,3.671723824275612,,M2,3.6825166948962247,423.04117300667355,2.0,0.0,0.29394559986390956,,0.04417295281901703
ising,large,epsilon,I,10,0.4512820512820513,8245,1749,0,0.005,0.000732421875,0.005,2.0,4.0,3.671723824275612,,free,3.740055750599564,,2.0024505101180248,0.12252550590123867,1.8610312102499638,,0.04525673956358524
ising,large,epsilon,I,11,0.4564102564102564,8245,1749,0,0.005,0.000732421875,0.005,2.0,4.0,3.629541761324542,,M1,3.646297007897131,,2.0,0.0,0.4616353158166886,,0.08555677679015133
ising,large,epsilon,I,11,0.4564102564102564,8245,1749,0,0.005,0.000732421875,0.005,2.0,4.0,3.629541761324542,,M2,3.639868548972334,423.90305432652565,2.0,0.0,0.28452042508042563,,0.04118101775595561
ising,large,epsilon,I,11,0.4564102564102564,8245,1749,0,0.005,0.000732421875,0.005,2.0,4.0,3.629541761324542,,free,3.6975515920356044,,2.0024852693513724,0.12426346756861939,1.8737855956296512,,0.04231880011279553
ising,large,epsilon,I,12,0.46153846153846156,8245,1749,0,0.005,0.000732421875,0.005,2.0,4.0,3.587862192028463,,M1,3.604164957600044,,2.0,0.0,0.4543866151772269,,0.08505615352220813
ising,large,epsilon,I,12,0.46153846153846156,8245,1749,0,0.005,0.000732421875,0.005,2.0,4.0,3.587862192028463,,M2,3.5977245639926974,424.6900467369825,2.0,0.0,0.27488157115249656,,0.038168208031927595
ising,large,epsilon,I,12,0.46153846153846156,8245,1749,0,0.005,0.000732421875,0.005,2.0,4.0,3.587862192028463,,free,3.6555412520321453,,2.002520046273261,0.12600231366304282,1.8863338774285143,,0.03936674053636048
ising,large,epsilon,I,13,0.4666666666666667,8245,1749,0,0.005,0.000732421875,0.005,2.0,4.0,3.5466703221640214,,M1,3.562521460150205,,2.0,0.0,0.4469301216728727,,0.08466760653401706
ising,large,epsilon,I,13,0.4666666666666667,8245,1749,0,0.005,0.000732421875,0.005,2.0,4.0,3.5466703221640214,,M2,3.5560702391972097,425.4040195482625,2.0,0.0,0.26503498152747884,,0.03514400368003839
ising,large,epsilon,I,13,0.4666666666666667,8245,1749,0,0.005,0.000732421875,0.005,2.0,4.0,3.5466703221640214,,free,3.6140104764269685,,2.002554848069669,0.1277424034834551,1.898686603097044,,0.036411439755752915
ising,large,epsilon,I,14,0.4717948717948718,8245,1749,0,0.005,0.000732421875,0.005,2.0,4.0,3.5059518658213538,,M1,3.521352538397743,,2.0,0.0,0.43927221952264617,,0.08439904547327695
ising,large,epsilon,I,14,0.4717948717948718,8245,1749,0,0.005,0.000732421875,0.005,2.0,4.0,3.5059518658213538,,M2,3.514891570543303,426.0467461085815,2.0,0.0,0.25498652189437365,,0.03212133967543642
ising,large,epsilon,I,14,0.4717948717948718,8245,1749,0,0.005,0.000732421875,0.005,2.0,4.0,3.5059518658213538,,free,3.572945495054569,,2.0025896818854934,0.12948409427466778,1.9108542215402258,,0.0334675226462608
ising,large,epsilon,I,15,0.47692307692307695,8245,1749,0,0.005,0.000732421875,0.005,2.0,4.0,3.4656930202437546,,M1,3.480644686080351,,2.0,0.0,0.4314192211849477,,0.08425796534865443
ising,large,epsilon,I,15,0.47692307692307695,8245,1749,0,0.005,0.000732421875,0.005,2.0,4.0,3.4656930202437546,,M2,3.474175026262589,426.6199083304057,2.0,0.0,0.24474198866688557,,0.02911841862192219
ising,large,epsilon,I,15,0.47692307692307695,8245,1749,0,0.005,0.000732421875,0.005,2.0,4.0,3.4656930202437546,,free,3.5323329972391297,,2.002624554801481,0.13122774007405802,1.9228470786684992,,0.030555147249452266
ising,large,epsilon,I,16,0.48205128205128206,8245,1749,0,0.005,0.000732421875,0.005,2.0,4.0,3.425880442061602,,M1,3.4403848447974354,,2.0,0.0,0.4233773764476423,,0.08425133160437026
ising,large,epsilon,I,16,0.48205128205128206,8245,1749,0,0.005,0.000732421875,0.005,2.0,4.0,3.425880442061602,,M2,3.4339075237710164,427.1251009103805,2.0,0.0,0.2343071174014444,,0.026161665975634792
ising,large,epsilon,I,16,0.48205128205128206,8245,1749,0,0.005,0.000732421875,0.005,2.0,4.0,3.425880442061602,,free,3.4921601104527684,,2.002659473901909,0.13297369509543966,1.9346754655361398,,0.027702772704533085
ising,large,epsilon,I,17,0.48717948717948717,8245,1749,0,0.005,0.000732421875,0.005,2.0,4.0,3.3865012248241744,,M1,3.4005603822399704,,2.0,0.0,0.41515288146769525,,0.0843854692639555
ising,large,epsilon,I,17,0.48717948717948717,8245,1749,0,0.005,0.000732421875,0.005,2.0,4.0,3.3865012248241744,,M2,3.394076407839048,427.56383526439555,2.0,0.0,0.2236875911735936,,0.02329061537555645
ising,large,epsilon,I,17,0.48717948717948717,8245,1749,0,0.005,0.000732421875,0.005,2.0,4.0,3.3865012248241744,,free,3.452414379544617,,2.0026944463131726,0.1347223156586308,1.9463496495225607,,0.024951438905140618
ising,large,epsilon,I,18,0.49230769230769234,8245,1749,0,0.005,0.000732421875,0.005,2.0,4.0,3.347542877740312,,M1,3.3611590715899338,,2.0,0.0,0.40675188778502847,,0.08466596143591898
ising,large,epsilon,I,18,0.49230769230769234,8245,1749,0,0.005,0.000732421875,0.005,2.0,4.0,3.347542877740312,,M2,3.3546694299355044,427.93754319334425,2.0,0.0,0.21288904893739247,,0.020565943905757774
ising,large,epsilon,I,18,0.49230769230769234,8245,1749,0,0.005,0.000732421875,0.005,2.0,4.0,3.347542877740312,,free,3.4130837428826895,,2.0027294790244623,0.136473951223115,1.9578797803665449,,0.022361202111636252
ising,large,epsilon,I,19,0.49743589743589745,8245,1749,0,0.005,0.000732421875,0.005,2.0,4.0,3.308993305545458,,M1,3.322169072009546,,2.0,0.0,0.39818051133579946,,0.08509756238579248
ising,large,epsilon,I,19,0.49743589743589745,8245,1749,0,0.005,0.000732421875,0.005,2.0,4.0,3.308993305545458,,M2,3.315674728664866,428.2475803082058,2.0,0.0,0.2019170938850401,,0.01808201766967295
ising,large,epsilon,I,19,0.49743589743589745,8245,1749,0,0.005,0.000732421875,0.005,2.0,4.0,3.308993305545458,,free,3.3741565186977147,,2.0027645791762834,0.1382289588141683,1.9692760648095442,,0.020019990657115194
ising,large,epsilon,I,20,0.5025641025641026,8245,1749,0,0.005,0.000732421875,0.005,2.0,4.0,3.27084078941864,,M1,3.283578910146394,,2.0,0.0,0.38944484149037173,,0.08568412981030168
ising,large,epsilon,I,20,0.5025641025641026,8245,1749,0,0.005,0.000732421875,0.005,2.0,4.0,3.27084078941864,,M2,3.277080811224254,428.4952292042624,2.0,0.0,0.19077730184242636,,0.015983196304120647
ising,large,epsilon,I,20,0.5025641025641026,8245,1749,0,0.005,0.000732421875,0.005,2.0,4.0,3.27084078941864,,free,3.33562138279348,,2.0027997538559688,0.1399876927984378,1.9805486584492105,,0.018052939677900823
ising,large,epsilon,I,21,0.5076923076923077,8245,1749,0,0.005,0.000732421875,0.005,2.0,4.0,3.2330739688785464,,M1,3.245377462585939,,2.0,0.0,0.38055095014297713,,0.0864285799449102
ising,large,epsilon,I,21,0.5076923076923077,8245,1749,0,0.005,0.000732421875,0.005,2.0,4.0,3.2330739688785464,,M2,3.238876535810741,428.68170244181505,2.0,0.0,0.17947522970553909,,0.014473033848044955
ising,large,epsilon,I,21,0.5076923076923077,8245,1749,0,0.005,0.000732421875,0.005,2.0,4.0,3.2330739688785464,,free,3.297467351089764,,2.002835010088844,0.14175050444220627,1.9917076698852565,,0.016623738445003904
ising,large,epsilon,I,22,0.5128205128205128,8245,1749,0,0.005,0.000732421875,0.005,2.0,4.0,3.1956818245927785,,M1,3.207553939187573,,2.0,0.0,0.3715049008768956,,0.08733286773584525
ising,large,epsilon,I,22,0.5128205128205128,8245,1749,0,0.005,0.000732421875,0.005,2.0,4.0,3.1956818245927785,,M2,3.2010510949156656,428.8081452986834,2.0,0.0,0.16801642396209182,,0.013783109396820986
ising,large,epsilon,I,22,0.5128205128205128,8245,1749,0,0.005,0.000732421875,0.005,2.0,4.0,3.1956818245927785,,free,3.259683768373154,,2.002870355120517,0.14351775602585715,2.0027633316884064,,0.015909585249196556
ising,large,epsilon,I,23,0.517948717948718,8245,1749,0,0.005,0.000732421875,0.005,2.0,4.0,3.1586536620390464,,M1,3.1700978672450555,,2.0,0.0,0.3623127582345065,,0.08839799272016352
ising,large,epsilon,I,23,0.517948717948718,8245,1749,0,0.005,0.000732421875,0.005,2.0,4.0,3.1586536620390464,,M2,3.16359399944607,428.8756383417036,2.0,0.0,0.15640642930869753,,0.01407019266180808
ising,large,epsilon,I,23,0.517948717948718,8245,1749,0,0.005,0.000732421875,0.005,2.0,4.0,3.1586536620390464,,free,3.2222602851213287,,2.002905796015089,0.14528980075445563,2.013725779648201,,0.016037370939895056
ising,large,epsilon,I,24,0.5230769230769231,8245,1749,0,0.005,0.000732421875,0.005,2.0,4.0,3.121979095961273,,M1,3.132999076416121,,2.0,0.0,0.3529805971187905,,0.08962402960572188
ising,large,epsilon,I,24,0.5230769230769231,8245,1749,0,0.005,0.000732421875,0.005,2.0,4.0,3.121979095961273,,M2,3.126495063618121,428.8851998128765,2.0,0.0,0.14465079739609532,,0.015311569480990321
ising,large,epsilon,I,24,0.5230769230769231,8245,1749,0,0.005,0.000732421875,0.005,2.0,4.0,3.121979095961273,,free,3.18518685080778,,2.0029413401035723,0.14706700517861382,2.024605319371786,,0.017017077992039078
ising,large,epsilon,I,25,0.5282051282051282,8245,1749,0,0.005,0.000732421875,0.005,2.0,4.0,3.085648035567377,,M1,3.0962476843697364,,2.0,0.0,0.3435145123546368,,0.09101018105015334
ising,large,epsilon,I,25,0.5282051282051282,8245,1749,0,0.005,0.000732421875,0.005,2.0,4.0,3.085648035567377,,M2,3.089744390570793,428.8377878438297,2.0,0.0,0.13275509572701072,,0.017331404250986632
ising,large,epsilon,I,25,0.5282051282051282,8245,1749,0,0.005,0.000732421875,0.005,2.0,4.0,3.085648035567377,,free,3.1484536917545376,,2.0029769945510982,0.14884972755491166,2.0354121877549813,,0.018741564290043443
ising,large,epsilon,I,26,0.5333333333333333,8245,1749,0,0.005,0.000732421875,0.005,2.0,4.0,3.04965067041907,,M1,3.0598340831029827,,2.0,0.0,0.33392062844082027,,0.09255484894429662
ising,large,epsilon,I,26,0.5333333333333333,8245,1749,0,0.005,0.000732421875,0.005,2.0,4.0,3.04965067041907,,M2,3.0533323586516206,428.7343025076336,2.0,0.0,0.12072491673431607,,0.019918522529642727
ising,large,epsilon,I,26,0.5333333333333333,8245,1749,0,0.005,0.000732421875,0.005,2.0,4.0,3.04965067041907,,free,3.1120513058268546,,2.0030127668180713,0.15063834090356387,2.0461568275034647,,0.0210515659972604
ising,large,epsilon,I,27,0.5384615384615384,8245,1749,0,0.005,0.000732421875,0.005,2.0,4.0,3.013977456967198,,M1,3.0237489258825048,,2.0,0.0,0.32420510952126946,,0.09425571971712458
ising,large,epsilon,I,27,0.5384615384615384,8245,1749,0,0.005,0.000732421875,0.005,2.0,4.0,3.013977456967198,,M2,3.017249608329399,428.5755877154125,2.0,0.0,0.10856588706849024,,0.022902529991070668
ising,large,epsilon,I,27,0.5384615384615384,8245,1749,0,0.005,0.000732421875,0.005,2.0,4.0,3.013977456967198,,free,3.0759704417359566,,2.0030486642284577,0.15243321142288657,2.0568496498025723,,0.02379742960012764
ising,large,epsilon,I,28,0.5435897435897435,8245,1749,0,0.005,0.000732421875,0.005,2.0,4.0,2.9786191056890945,,M1,2.987983114768466,,2.0,0.0,0.314374169610554,,0.09610985883644169
ising,large,epsilon,I,28,0.5435897435897435,8245,1749,0,0.005,0.000732421875,0.005,2.0,4.0,2.9786191056890945,,M2,2.9814870296915794,428.36243296737337,2.0,0.0,0.09628367712430919,,0.0261663718521044
ising,large,epsilon,I,28,0.5435897435897435,8245,1749,0,0.005,0.000732421875,0.005,2.0,4.0,2.9786191056890945,,free,3.0402020926376094,,2.00308469431057,0.15423471552848955,2.0675012401180304,,0.026863704097578857
ising,large,epsilon,I,29,0.5487179487179488,8245,1749,0,0.005,0.000732421875,0.005,2.0,4.0,2.9435665687871104,,M1,2.9525277886813823,,2.0,0.0,0.30443408310498743,,0.09811380975489359
ising,large,epsilon,I,29,0.5487179487179488,8245,1749,0,0.005,0.000732421875,0.005,2.0,4.0,2.9435665687871104,,M2,2.946035750486685,428.0955749629176,2.0,0.0,0.08388401083763153,,0.029633893866860616
ising,large,epsilon,I,29,0.5487179487179488,8245,1749,0,0.005,0.000732421875,0.005,2.0,4.0,2.9435665687871104,,free,3.0047374811348457,,2.00312086462132,0.15604323106599427,2.0781222682842326,,0.03016869605615006
ising,large,epsilon,I,30,0.5538461538461539,8245,1749,0,0.005,0.000732421875,0.005,2.0,4.0,2.908811028409913,,M1,2.9173743119746685,,2.0,0.0,0.294391195616317,,0.10026369297411218
ising,large,epsilon,I,30,0.5538461538461539,8245,1749,0,0.005,0.000732421875,0.005,2.0,4.0,2.908811028409913,,M2,2.9108871246744634,427.77569907732175,2.0,0.0,0.07137267578654072,,0.033255773482729956
ising,large,epsilon,I,30,0.5538461538461539,8245,1749,0,0.005,0.000732421875,0.005,2.0,4.0,2.908811028409913,,free,2.969568050774184,,2.0031571829173673,0.15785914586836647,2.0887235977472107,,0.03365628307024797
ising,large,epsilon,I,31,0.558974358974359,8245,1749,0,0.005,0.000732421875,0.005,2.0,4.0,2.8743438853604015,,M1,2.882514263477842,,2.0,0.0,0.28425193516521396,,0.10255530156700601
ising,large,epsilon,I,31,0.558974358974359,8245,1749,0,0.005,0.000732421875,0.005,2.0,4.0,2.8743438853604015,,M2,2.8760327214486447,427.4034407101401,2.0,0.0,0.05875553363132724,,0.036999507327845876
ising,large,epsilon,I,31,0.558974358974359,8245,1749,0,0.005,0.000732421875,0.005,2.0,4.0,2.8743438853604015,,free,2.9346854524396626,,2.0031936570007587,0.15968285003793437,2.0993162087039163,,0.03728793929497718
ising,large,epsilon,I,32,0.5641025641025641,8245,1749,0,0.005,0.000732421875,0.005,2.0,4.0,2.8401567482560988,,M1,2.84793942597727,,2.0,0.0,0.2740228237737341,,0.10498419030026826
ising,large,epsilon,I,32,0.5641025641025641,8245,1749,0,0.005,0.000732421875,0.005,2.0,4.0,2.8401567482560988,,M2,2.841464314699108,426.97938651036696,2.0,0.0,0.04603853093010368,,0.04084311374850229
ising,large,epsilon,I,32,0.5641025641025641,8245,1749,0,0.005,0.000732421875,0.005,2.0,4.0,2.8401567482560988,,free,2.900081534033178,,2.0032302947291605,0.16151473645802383,2.1099112157761724,,0.041036868034297125
ising,large,epsilon,I,33,0.5692307692307692,8245,1749,0,0.005,0.000732421875,0.005,2.0,4.0,2.8062414231097343,,M1,2.8136417761031662,,2.0,0.0,0.26371048949991316,,0.10754575633523247
ising,large,epsilon,I,33,0.5692307692307692,8245,1749,0,0.005,0.000732421875,0.005,2.0,4.0,2.8062414231097343,,M2,2.807173872882101,426.50407548250837,2.0,0.0,0.03322771037046479,,0.044771297130567045
ising,large,epsilon,I,33,0.5692307692307692,8245,1749,0,0.005,0.000732421875,0.005,2.0,4.0,2.8062414231097343,,free,2.8657483326623137,,2.0032671041574788,0.16335520787393865,2.1205199617728043,,0.044884065046695995
ising,large,epsilon,I,34,0.5743589743589743,8245,1749,0,0.005,0.000732421875,0.005,2.0,4.0,2.7725899032993855,,M1,2.7796134745930443,,2.0,0.0,0.2533216789580406,,0.11023531027562916
ising,large,epsilon,I,34,0.5743589743589743,8245,1749,0,0.005,0.000732421875,0.005,2.0,4.0,2.7725899032993855,,M2,2.7731535492686734,425.977999977437,2.0,0.0,0.020329222457937668,,0.04877310584823886
ising,large,epsilon,I,34,0.5743589743589743,8245,1749,0,0.005,0.000732421875,0.005,2.0,4.0,2.7725899032993855,,free,2.8316780648893585,,2.003304093544646,0.16520467723228904,2.131154034704452,,0.04881575383533747
ising,large,epsilon,I,35,0.5794871794871795,8245,1749,0,0.005,0.000732421875,0.005,2.0,4.0,2.739194359899068,,M1,2.745846856903406,,2.0,0.0,0.24286327037352784,,0.11304813702099593
ising,large,epsilon,I,35,0.5794871794871795,8245,1749,0,0.005,0.000732421875,0.005,2.0,4.0,2.739194359899068,,M2,2.7393956725430315,425.4016065712555,2.0,0.0,0.007349337707140968,,0.052840478318573685
ising,large,epsilon,I,35,0.5794871794871795,8245,1749,0,0.005,0.000732421875,0.005,2.0,4.0,2.739194359899068,,free,2.797863115541019,,2.0033412712484164,0.16706356242082165,2.14182522061388,,0.052821719318326646
ising,large,epsilon,I,36,0.5846153846153846,8245,1749,0,0.005,0.000732421875,0.005,2.0,4.0,2.706047132342,,M1,2.7123344241426257,,2.0,0.0,0.2323422872233749,,0.11597954644464617
ising,large,epsilon,I,36,0.5846153846153846,8245,1749,0,0.005,0.000732421875,0.005,2.0,4.0,2.706047132342,,M2,2.705892737723755,424.775296835084,2.0,0.0,-0.005705540616773863,,0.0569673202743387
ising,large,epsilon,I,36,0.5846153846153846,8245,1749,0,0.005,0.000732421875,0.005,2.0,4.0,2.706047132342,,free,2.7642960283728866,,2.0033786457102263,0.168932285511314,2.152545509452164,,0.05689421484091536
ising,large,epsilon,I,37,0.5897435897435898,8245,1749,0,0.005,0.000732421875,0.005,2.0,4.0,2.6731407193899566,,M1,2.679068834299165,,2.0,0.0,0.22176591251661382,,0.1190249143368127
ising,large,epsilon,I,37,0.5897435897435898,8245,1749,0,0.005,0.000732421875,0.005,2.0,4.0,2.6731407193899566,,M2,2.6726373973819557,424.09942799771693,2.0,0.0,-0.01882886315524024,,0.061148905142205986
ising,large,epsilon,I,37,0.5897435897435898,8245,1749,0,0.005,0.000732421875,0.005,2.0,4.0,2.6731407193899566,,free,2.730969500333992,,2.00341622565605,0.17081128280249658,2.1633272249592883,,0.06102723433176916
ising,large,epsilon,I,38,0.5948717948717949,8245,1749,0,0.005,0.000732421875,0.005,2.0,4.0,2.6404677703832347,,M1,2.6460428937403035,,2.0,0.0,0.21114150377452567,,0.12217971434436085
ising,large,epsilon,I,38,0.5948717948717949,8245,1749,0,0.005,0.000732421875,0.005,2.0,4.0,2.6404677703832347,,M2,2.6396224531315613,423.3743135029417,2.0,0.0,-0.032013920455864486,,0.06538147509142384
ising,large,epsilon,I,38,0.5948717948717949,8245,1749,0,0.005,0.000732421875,0.005,2.0,4.0,2.6404677703832347,,free,2.6978763702999657,,2.003454019929239,0.1727009964619608,2.174182944425751,,0.06521601905755352
ising,large,epsilon,I,39,0.6,8245,1749,0,0.005,0.000732421875,0.005,2.0,4.0,2.608021076746622,,M1,2.6132495489573593,,2.0,0.0,0.2004766087726484,,0.1254395418133942
ising,large,epsilon,I,39,0.6,8245,1749,0,0.005,0.000732421875,0.005,2.0,4.0,2.608021076746622,,M2,2.6068408473676605,422.60022346279976,2.0,0.0,-0.04525382825638635,,0.06966196947898781
ising,large,epsilon,I,39,0.6,8245,1749,0,0.005,0.000732421875,0.005,2.0,4.0,2.608021076746622,,free,2.6650096136307933,,2.0034920376840915,0.17460188420457268,2.1851256261802066,,0.06945671718991145
ising,large,epsilon,sigma,-1,0.5,8245,1749,0,0.005,0.000732421875,0.005,0.25,0.5,0.1549131939118306,,M1,0.1575576316134778,,0.25,0.0,1.7070448519396653,,0.3590460207443861
ising,large,epsilon,sigma,-1,0.5,8245,1749,0,0.005,0.000732421875,0.005,0.25,0.5,0.1549131939118306,,M2,0.15293355429182795,0.021809599364263337,0.25,0.0,-1.277902527223962,,0.034625432169054504
ising,large,epsilon,sigma,-1,0.5,8245,1749,0,0.005,0.000732421875,0.005,0.25,0.5,0.1549131939118306,,free,0.16493341983399198,,0.257340311780958,2.9361247123832035,6.468284378582001,,0.054092403123810466
ising,large,epsilon,sigma,0,0.4,8245,1749,0,0.005,0.000732421875,0.005,0.25,0.5,0.19937194338747227,,M1,0.20256972646088398,,0.25,0.0,1.6039283256606085,,0.3154612941169955
ising,large,epsilon,sigma,0,0.4,8245,1749,0,0.005,0.000732421875,0.005,0.25,0.5,0.19937194338747227,,M2,0.19734774908844402,0.0246296128849181,0.25,0.0,-1.0152854331636374,,0.031308438592369224
ising,large,epsilon,sigma,0,0.4,8245,1749,0,0.005,0.000732421875,0.005,0.25,0.5,0.19937194338747227,,free,0.21088768187898974,,0.25645632213030156,2.5825288521206247,5.776007544420136,,0.04513725693486884
ising,large,epsilon,sigma,1,0.40512820512820513,8245,1749,0,0.005,0.000732421875,0.005,0.25,0.5,0.19681747038576233,,M1,0.19998471559736347,,0.25,0.0,1.609229711871274,,0.3178163565905437
ising,large,epsilon,sigma,1,0.40512820512820513,8245,1749,0,0.005,0.000732421875,0.005,0.25,0.5,0.19681747038576233,,M2,0.19479060657847044,0.024498170959638417,0.25,0.0,-1.0298190517941452,,0.031369271386337064
ising,large,epsilon,sigma,1,0.40512820512820513,8245,1749,0,0.005,0.000732421875,0.005,0.25,0.5,0.19681747038576233,,free,0.2082588939149725,,0.2565043833475377,2.6017533390150893,5.813215415676742,,0.04552499851196194
ising,large,epsilon,sigma,2,0.41025641025641024,8245,1749,0,0.005,0.000732421875,0.005,0.25,0.5,0.1942977992116358,,M1,0.19743479267876096,,0.25,0.0,1.6145285638095253,,0.32015455970825013
ising,large,epsilon,sigma,2,0.41025641025641024,8245,1749,0,0.005,0.000732421875,0.005,0.25,0.5,0.1942977992116358,,M2,0.1922689251781474,0.024364968991706357,0.25,0.0,-1.044208447918904,,0.031438110955764695
ising,large,epsilon,sigma,2,0.41025641025641024,8245,1749,0,0.005,0.000732421875,0.005,0.25,0.5,0.1942977992116358,,free,0.20566458926335562,,0.2565520753208106,2.6208301283242363,5.850189810610629,,0.04591844095696901
ising,large,epsilon,sigma,3,0.4153846153846154,8245,1749,0,0.005,0.000732421875,0.005,0.25,0.5,0.19181191261122635,,M1,0.19491893029535445,,0.25,0.0,1.6198251932483254,,0.3224766348674316
ising,large,epsilon,sigma,3,0.4153846153846154,8245,1749,0,0.005,0.000732421875,0.005,0.25,0.5,0.19181191261122635,,M2,0.1897816622375772,0.02423007886186779,0.25,0.0,-1.0584589590971638,,0.031515697776040054
ising,large,epsilon,sigma,3,0.4153846153846154,8245,1749,0,0.005,0.000732421875,0.005,0.25,0.5,0.19181191261122635,,free,0.20310376484797196,,0.2565994120111286,2.63976480445145,5.886940014842823,,0.04631799424382072
ising,large,epsilon,sigma,4,0.4205128205128205,8245,1749,0,0.005,0.000732421875,0.005,0.25,0.5,0.18935883250396107,,M1,0.19243614053294159,,0.25,0.0,1.6251198786389587,,0.3247832947146213
ising,large,epsilon,sigma,4,0.4205128205128205,8245,1749,0,0.005,0.000732421875,0.005,0.25,0.5,0.18935883250396107,,M2,0.1873278154720876,0.024093568348874814,0.25,0.0,-1.0725758101782668,,0.03160275704195805
ising,large,epsilon,sigma,4,0.4205128205128205,8245,1749,0,0.005,0.000732421875,0.005,0.25,0.5,0.18935883250396107,,free,0.2005754557732675,,0.2566464070676385,2.6585628270554107,5.923475087475416,,0.04672405299562539
ising,large,epsilon,sigma,5,0.4256410256410256,8245,1749,0,0.005,0.000732421875,0.005,0.25,0.5,0.18693761796681022,,M1,0.18998547294226312,,0.25,0.0,1.6304128663894968,,0.32707523428511864
ising,large,epsilon,sigma,5,0.4256410256410256,8245,1749,0,0.005,0.000732421875,0.005,0.25,0.5,0.18693761796681022,,M2,0.18490642088089612,0.02395550136889305,0.25,0.0,-1.086564121232525,,0.031699996686280464
ising,large,epsilon,sigma,5,0.4256410256410256,8245,1749,0,0.005,0.000732421875,0.005,0.25,0.5,0.18693761796681022,,free,0.19807873316252747,,0.2566930736808044,2.6772294723217627,5.959803766032423,,0.047136996541001855
ising,large,epsilon,sigma,6,0.4307692307692308,8245,1749,0,0.005,0.000732421875,0.005,0.25,0.5,0.18454736334277327,,M1,0.18756601263339143,,0.25,0.0,1.6357043720052422,,0.32935313208885164
ising,large,epsilon,sigma,6,0.4307692307692308,8245,1749,0,0.005,0.000732421875,0.005,0.25,0.5,0.18454736334277327,,M2,0.18251655079433113,0.023815938197968893,0.25,0.0,-1.100428915188656,,0.03180810535871566
ising,large,epsilon,sigma,6,0.4307692307692308,8245,1749,0,0.005,0.000732421875,0.005,0.25,0.5,0.18454736334277327,,free,0.19561270257117822,,0.2567394247990653,2.695769919626123,5.9959346088583665,,0.0475571889801106
ising,large,epsilon,sigma,7,0.4358974358974359,8245,1749,0,0.005,0.000732421875,0.005,0.25,0.5,0.18218719646449422,,M1,0.1851768784859379,,0.25,0.0,1.640994581101829,,0.33161765114682734
ising,large,epsilon,sigma,7,0.4358974358974359,8245,1749,0,0.005,0.000732421875,0.005,0.25,0.5,0.18218719646449422,,M2,0.1801573120401816,0.02367493567888344,0.25,0.0,-1.114175125203276,,0.031927750390601105
ising,large,epsilon,sigma,7,0.4358974358974359,8245,1749,0,0.005,0.000732421875,0.005,0.25,0.5,0.18218719646449422,,free,0.1931765022260671,,0.2567854731192849,2.7141892477139606,6.031875990646007,,0.04798497926191972
ising,large,epsilon,sigma,8,0.441025641025641,8245,1749,0,0.005,0.000732421875,0.005,0.25,0.5,0.17985627698466078,,M1,0.1828172214666911,,0.25,0.0,1.6462836502964207,,0.3338694399821644
ising,large,epsilon,sigma,8,0.441025641025641,8245,1749,0,0.005,0.000732421875,0.005,0.25,0.5,0.17985627698466078,,M2,0.17782784422053122,0.02353254741360885,0.25,0.0,-1.127807601790043,,0.032059575772407464
ising,large,epsilon,sigma,8,0.441025641025641,8245,1749,0,0.005,0.000732421875,0.005,0.25,0.5,0.17985627698466078,,free,0.19076930129347117,,0.25683123101560484,2.7324924062419376,6.067636054615488,,0.04842070127412692
ising,large,epsilon,sigma,9,0.4461538461538462,8245,1749,0,0.005,0.000732421875,0.005,0.25,0.5,0.17755379480552952,,M1,0.18048622304699244,,0.25,0.0,1.6515717079855996,,0.3361091335696023
ising,large,epsilon,sigma,9,0.4461538461538462,8245,1749,0,0.005,0.000732421875,0.005,0.25,0.5,0.17755379480552952,,M2,0.17552731809114566,0.023388823942479074,0.25,0.0,-1.141331119733835,,0.03220420017229086
ising,large,epsilon,sigma,9,0.4461538461538462,8245,1749,0,0.005,0.000732421875,0.005,0.25,0.5,0.17755379480552952,,free,0.1883902983439432,,0.256876710545138,2.7506842180551994,6.103222716406953,,0.048864673946789894
ising,large,epsilon,sigma,10,0.4512820512820513,8245,1749,0,0.005,0.000732421875,0.005,0.25,0.5,0.17527896860054554,,M1,0.17818309371278215,,0.25,0.0,1.65685885501472,,0.3383373542467721
ising,large,epsilon,sigma,10,0.4512820512820513,8245,1749,0,0.005,0.000732421875,0.005,0.25,0.5,0.17527896860054554,,M2,0.17325493403613712,0.02324381291106898,0.25,0.0,-1.1547503848114982,,0.03236221502453607
ising,large,epsilon,sigma,10,0.4512820512820513,8245,1749,0,0.005,0.000732421875,0.005,0.25,0.5,0.17527896860054554,,free,0.18603872004230007,,0.2569219235677414,2.7687694270965624,6.138643744689998,,0.049317201370534594
ising,large,epsilon,sigma,11,0.4564102564102564,8245,1749,0,0.005,0.000732421875,0.005,0.25,0.5,0.1730310444215898,,M1,0.17590707156081686,,0.25,0.0,1.6621451652453878,,0.3405547125907768
ising,large,epsilon,sigma,11,0.4564102564102564,8245,1749,0,0.005,0.000732421875,0.005,0.25,0.5,0.1730310444215898,,M2,0.17100992063120776,0.0230975592257176,0.25,0.0,-1.1680700403435051,,0.032534182716649415
ising,large,epsilon,sigma,11,0.4564102564102564,8245,1749,0,0.005,0.000732421875,0.005,0.25,0.5,0.1730310444215898,,free,0.18371381989676466,,0.2569668818545788,2.786752741831511,6.173906833242193,,0.04977857292998582
ising,large,epsilon,sigma,12,0.46153846153846156,8245,1749,0,0.005,0.000732421875,0.005,0.25,0.5,0.17080929438590448,,M1,0.17365742097507628,,0.25,0.0,1.667430686024085,,0.34276180826300184
ising,large,epsilon,sigma,12,0.46153846153846156,8245,1749,0,0.005,0.000732421875,0.005,0.25,0.5,0.17080929438590448,,M2,0.16879153328931423,0.022950105198524078,0.25,0.0,-1.1812946735975438,,0.03272063490294261
ising,large,epsilon,sigma,12,0.46153846153846156,8245,1749,0,0.005,0.000732421875,0.005,0.25,0.5,0.17080929438590448,,free,0.1814148765488524,,0.2570115967319635,2.8046386927853995,6.209019363423551,,0.05024906345276659
ising,large,epsilon,sigma,13,0.4666666666666667,8245,1749,0,0.005,0.000732421875,0.005,0.25,0.5,0.16861301543721402,,M1,0.17143343137784975,,0.25,0.0,1.6727154385575593,,0.3449592308251769
ising,large,epsilon,sigma,13,0.4666666666666667,8245,1749,0,0.005,0.000732421875,0.005,0.25,0.5,0.16861301543721402,,M2,0.1665990529830803,0.02280149068258939,0.25,0.0,-1.1944288220642418,,0.03292207097092196
ising,large,epsilon,sigma,13,0.4666666666666667,8245,1749,0,0.005,0.000732421875,0.005,0.25,0.5,0.16861301543721402,,free,0.1791411929856825,,0.25705607945184866,2.822431780739465,6.243988651272803,,0.05072893337420823
ising,large,epsilon,sigma,14,0.4717948717948718,8245,1749,0,0.005,0.000732421875,0.005,0.25,0.5,0.16644152817598648,,M1,0.1692344160504182,,0.25,0.0,1.6779994181972846,,0.34714756052950435
ising,large,epsilon,sigma,14,0.4717948717948718,8245,1749,0,0.005,0.000732421875,0.005,0.25,0.5,0.16644152817598648,,M2,0.16443178503872366,0.022651753198208283,0.25,0.0,-1.207476979626032,,0.033138956684387634
ising,large,epsilon,sigma,14,0.4717948717948718,8245,1749,0,0.005,0.000732421875,0.005,0.25,0.5,0.16644152817598648,,free,0.17689209542874235,,0.2571003412385016,2.840136495400647,6.278821978674687,,0.05121842891761318
ising,large,epsilon,sigma,15,0.47692307692307695,8245,1749,0,0.005,0.000732421875,0.005,0.25,0.5,0.16429417575416924,,M1,0.1670597110186405,,0.25,0.0,1.6832825946363927,,0.3493273690854189
ising,large,epsilon,sigma,15,0.47692307692307695,8245,1749,0,0.005,0.000732421875,0.005,0.25,0.5,0.16429417575416924,,M2,0.1622890579966701,0.02250092805065048,0.25,0.0,-1.2204436026383436,,0.03337172302427924
ising,large,epsilon,sigma,15,0.47692307692307695,8245,1749,0,0.005,0.000732421875,0.005,0.25,0.5,0.16429417575416924,,free,0.17466693174230166,,0.2571443928430555,2.8577571372222055,6.313526295450056,,0.05171778228980713
ising,large,epsilon,sigma,16,0.48205128205128206,8245,1749,0,0.005,0.000732421875,0.005,0.25,0.5,0.1621703228300861,,M1,0.1649086739991082,,0.25,0.0,1.6885649120222945,,0.35149922040559367
ising,large,epsilon,sigma,16,0.48205128205128206,8245,1749,0,0.005,0.000732421875,0.005,0.25,0.5,0.1621703228300861,,M2,0.16017022253439378,0.022349048440123417,0.25,0.0,-1.2333331159412597,,0.03362076524456658
ising,large,epsilon,sigma,16,0.48205128205128206,8245,1749,0,0.005,0.000732421875,0.005,0.25,0.5,0.1621703228300861,,free,0.1724650711546168,,0.2571882452179323,2.8752980871729283,6.348108670485297,,0.052227211891311916
ising,large,epsilon,sigma,17,0.48717948717948717,8245,1749,0,0.005,0.000732421875,0.005,0.25,0.5,0.16006935457950885,,M1,0.1627806834018559,,0.25,0.0,1.6938462889848571,,0.3536636713336207
ising,large,epsilon,sigma,17,0.48717948717948717,8245,1749,0,0.005,0.000732421875,0.005,0.25,0.5,0.16006935457950885,,M2,0.15807465044735627,0.022196145564459775,0.25,0.0,-1.2461499188227032,,0.03388644215652819
ising,large,epsilon,sigma,17,0.48717948717948717,8245,1749,0,0.005,0.000732421875,0.005,0.25,0.5,0.16006935457950885,,free,0.170285902551454,,0.2572319088622273,2.8927635448909195,6.38257585206321,,0.05274692254044551
ising,large,epsilon,sigma,18,0.49230769230769234,8245,1749,0,0.005,0.000732421875,0.005,0.25,0.5,0.1579906757592118,,M1,0.16067513738591727,,0.25,0.0,1.6991266185839793,,0.3558212723556471
ising,large,epsilon,sigma,18,0.49230769230769234,8245,1749,0,0.005,0.000732421875,0.005,0.25,0.5,0.1579906757592118,,M2,0.15600173368422934,0.022042248715017723,0.25,0.0,-1.2588983909491813,,0.034169075650278914
ising,large,epsilon,sigma,18,0.49230769230769234,8245,1749,0,0.005,0.000732421875,0.005,0.25,0.5,0.1579906757592118,,free,0.16812883428591813,,0.2572753944942131,2.910157797685242,6.4169347197156945,,0.0532771057103415
ising,large,epsilon,sigma,19,0.49743589743589745,8245,1749,0,0.005,0.000732421875,0.005,0.25,0.5,0.1559337098195871,,M1,0.15859145296428287,,0.25,0.0,1.7044057681759428,,0.35797256829834206
ising,large,epsilon,sigma,19,0.49743589743589745,8245,1749,0,0.005,0.000732421875,0.005,0.25,0.5,0.1559337098195871,,M2,0.1539508834328609,0.02188738536625708,0.25,0.0,-1.2715828982843402,,0.03446895045774991
ising,large,epsilon,sigma,19,0.49743589743589745,8245,1749,0,0.005,0.000732421875,0.005,0.25,0.5,0.1559337098195871,,free,0.16599329262874604,,0.2573187124353984,2.9274849741593556,6.451191869158834,,0.0538179397777453
ising,large,epsilon,sigma,20,0.5025641025641026,8245,1749,0,0.005,0.000732421875,0.005,0.25,0.5,0.15389789806314835,,M1,0.15652906515506837,,0.25,0.0,1.7096835792002718,,0.3601180990153372
ising,large,epsilon,sigma,20,0.5025641025641026,8245,1749,0,0.005,0.000732421875,0.005,0.25,0.5,0.15389789806314835,,M2,0.1519215292537048,0.021731581259403922,0.25,0.0,-1.2842077990126821,,0.0347863141567414
ising,large,epsilon,sigma,20,0.5025641025641026,8245,1749,0,0.005,0.000732421875,0.005,0.25,0.5,0.15389789806314835,,free,0.1638787214573399,,0.2573618730968197,2.944749238727873,6.485353939074678,,0.05436959028234438
ising,large,epsilon,sigma,21,0.5076923076923077,8245,1749,0,0.005,0.000732421875,0.005,0.25,0.5,0.151882698845977,,M1,0.15448742617592973,,0.25,0.0,1.7149598668865895,,0.3622584000643611
ising,large,epsilon,sigma,21,0.5076923076923077,8245,1749,0,0.005,0.000732421875,0.005,0.25,0.5,0.151882698845977,,M2,0.14991311825766868,0.021574860480589,0.25,0.0,-1.2967774494879403,,0.035121377410845436
ising,large,epsilon,sigma,21,0.5076923076923077,8245,1749,0,0.005,0.000732421875,0.005,0.25,0.5,0.151882698845977,,free,0.16178458124331907,,0.2574048867768077,2.9619547107230693,6.519427474345507,,0.054932210195070635
ising,large,epsilon,sigma,22,0.5128205128205128,8245,1749,0,0.005,0.000732421875,0.005,0.25,0.5,0.14988758681937273,,M1,0.15246600467896934,,0.25,0.0,1.7202344198814945,,0.36439400337720024
ising,large,epsilon,sigma,22,0.5128205128205128,8245,1749,0,0.005,0.000732421875,0.005,0.25,0.5,0.14988758681937273,,M2,0.1479251143255507,0.021417245533812405,0.25,0.0,-1.3092962102238537,,0.035474314435995254
ising,large,epsilon,sigma,22,0.5128205128205128,8245,1749,0,0.005,0.000732421875,0.005,0.25,0.5,0.14988758681937273,,free,0.15971034828451144,,0.25744776364389893,2.979105457559572,6.553418914520237,,0.05550594019396982
ising,large,epsilon,sigma,23,0.517948717948718,8245,1749,0,0.005,0.000732421875,0.005,0.25,0.5,0.1479120522091616,,M1,0.1504642850235714,,0.25,0.0,1.72550699979519,,0.36652543792455217
ising,large,epsilon,sigma,23,0.517948717948718,8245,1749,0,0.005,0.000732421875,0.005,0.25,0.5,0.1479120522091616,,M2,0.14595699736643356,0.021258757409054762,0.25,0.0,-1.3217684519469808,,0.035845263680111435
ising,large,epsilon,sigma,23,0.517948717948718,8245,1749,0,0.005,0.000732421875,0.005,0.25,0.5,0.1479120522091616,,free,0.15765551429551225,,0.2574905140460598,2.9962056184239305,6.5873347985007324,,0.056090908945829195
ising,large,epsilon,sigma,24,0.5230769230769231,8245,1749,0,0.005,0.000732421875,0.005,0.25,0.5,0.1459556001302907,,M1,0.14848176658477993,,0.25,0.0,1.7307773406667337,,0.36865323037799114
ising,large,epsilon,sigma,24,0.5230769230769231,8245,1749,0,0.005,0.000732421875,0.005,0.25,0.5,0.1459556001302907,,M2,0.14400826261258667,0.02109941564583636,0.25,0.0,-1.3341985617309038,,0.03623432869904477
ising,large,epsilon,sigma,24,0.5230769230769231,8245,1749,0,0.005,0.000732421875,0.005,0.25,0.5,0.1459556001302907,,free,0.15561958537286472,,0.2575331481626382,3.0132592650552903,6.621181533252041,,0.05668723339189898
ising,large,epsilon,sigma,25,0.5282051282051282,8245,1749,0,0.005,0.000732421875,0.005,0.25,0.5,0.14401774993449842,,M1,0.14651796309499326,,0.25,0.0,1.7360451483459327,,0.3707779057711025
ising,large,epsilon,sigma,25,0.5282051282051282,8245,1749,0,0.005,0.000732421875,0.005,0.25,0.5,0.14401774993449842,,M2,0.14207841994859247,0.020939238392496468,0.25,0.0,-1.3465909492322958,,0.03664157920900059
ising,large,epsilon,sigma,25,0.5282051282051282,8245,1749,0,0.005,0.000732421875,0.005,0.25,0.5,0.14401774993449842,,free,0.15360208126489305,,0.2575756759147238,3.0302703658895203,6.6549653322272695,,0.057295019035875853
ising,large,epsilon,sigma,26,0.5333333333333333,8245,1749,0,0.005,0.000732421875,0.005,0.25,0.5,0.14209803458899806,,M1,0.14457240201690152,,0.25,0.0,1.7413100997915265,,0.3728999881618816
ising,large,epsilon,sigma,26,0.5333333333333333,8245,1749,0,0.005,0.000732421875,0.005,0.25,0.5,0.14209803458899806,,M2,0.14016699327257087,0.02077824246143734,0.25,0.0,-1.3589500530478804,,0.037067052293322265
ising,large,epsilon,sigma,26,0.5333333333333333,8245,1749,0,0.005,0.000732421875,0.005,0.25,0.5,0.14209803458899806,,free,0.1516025355483726,,0.257618107792382,3.0472431169527914,6.688692765431425,,0.05791436023226131
ising,large,epsilon,sigma,27,0.5384615384615384,8245,1749,0,0.005,0.000732421875,0.005,0.25,0.5,0.14019600008424882,,M1,0.14264462394572577,,0.25,0.0,1.7465718422818632,,0.37502000129869156
ising,large,epsilon,sigma,27,0.5384615384615384,8245,1749,0,0.005,0.000732421875,0.005,0.25,0.5,0.14019600008424882,,M2,0.13827351988751074,0.02061644338057073,0.25,0.0,-1.3712803472158863,,0.03751075373988165
ising,large,epsilon,sigma,27,0.5384615384615384,8245,1749,0,0.005,0.000732421875,0.005,0.25,0.5,0.14019600008424882,,free,0.1496204939379326,,0.25766045371702345,3.064181486809381,6.7223700020116794,,0.05854534047319465
ising,large,epsilon,sigma,28,0.5435897435897435,8245,1749,0,0.005,0.000732421875,0.005,0.25,0.5,0.1383112048690126,,M1,0.14073418203894683,,0.25,0.0,1.751829992536691,,0.377138469291876
ising,large,epsilon,sigma,28,0.5435897435897435,8245,1749,0,0.005,0.000732421875,0.005,0.25,0.5,0.1383112048690126,,M2,0.13639754992085285,0.020453855441171783,0.25,0.0,-1.383586347882726,,0.03797265948435251
ising,large,epsilon,sigma,28,0.5435897435897435,8245,1749,0,0.005,0.000732421875,0.005,0.25,0.5,0.1383112048690126,,free,0.14765551461562895,,0.25770272397710514,3.0810895908420566,6.756003431150681,,0.05918803267183357
ising,large,epsilon,sigma,29,0.5487179487179488,8245,1749,0,0.005,0.000732421875,0.005,0.25,0.5,0.13644321931101028,,M1,0.13884064147182557,,0.25,0.0,1.7570841357462896,,0.3792559172933811
ising,large,epsilon,sigma,29,0.5487179487179488,8245,1749,0,0.005,0.000732421875,0.005,0.25,0.5,0.13644321931101028,,M2,0.13453864577058422,0.0202904917423357,0.25,0.0,-1.395872620159122,,0.038452717134268136
ising,large,epsilon,sigma,29,0.5487179487179488,8245,1749,0,0.005,0.000732421875,0.005,0.25,0.5,0.13644321931101028,,free,0.14570716720714239,,0.2577449287212089,3.097971488483564,6.7895993241084085,,0.05984249944038064
ising,large,epsilon,sigma,30,0.5538461538461539,8245,1749,0,0.005,0.000732421875,0.005,0.25,0.5,0.13459162518159742,,M1,0.13696357891712382,,0.25,0.0,1.7623338245050801,,0.3813728721867105
ising,large,epsilon,sigma,30,0.5538461538461539,8245,1749,0,0.005,0.000732421875,0.005,0.25,0.5,0.13459162518159742,,M2,0.1326963815762169,0.02012636423221076,0.25,0.0,-1.4081437851897305,,0.03895084754892589
ising,large,epsilon,sigma,30,0.5538461538461539,8245,1749,0,0.005,0.000732421875,0.005,0.25,0.5,0.13459162518159742,,free,0.14377503280579026,,0.25778707855276245,3.11483142110498,6.823164228682255,,0.06050879336075378
ising,large,epsilon,sigma,31,0.558974358974359,8245,1749,0,0.005,0.000732421875,0.005,0.25,0.5,0.13275601516297647,,M1,0.13510258204753237,,0.25,0.0,1.7675785776449793,,0.38348986328965806
ising,large,epsilon,sigma,31,0.558974358974359,8245,1749,0,0.005,0.000732421875,0.005,0.25,0.5,0.13275601516297647,,M2,0.13087034271312262,0.0199614837461714,0.25,0.0,-1.4204045274626043,,0.039466946451015956
ising,large,epsilon,sigma,31,0.558974358974359,8245,1749,0,0.005,0.000732421875,0.005,0.25,0.5,0.13275601516297647,,free,0.1418587025884698,,0.25782918355464646,3.131673421858583,6.85670431906118,,0.06118695724603748
ising,large,epsilon,sigma,32,0.5641025641025641,8245,1749,0,0.005,0.000732421875,0.005,0.25,0.5,0.1309359923765515,,M1,0.13325724905940373,,0.25,0.0,1.7728178789653493,,0.3856074230723622
ising,large,epsilon,sigma,32,0.5641025641025641,8245,1749,0,0.005,0.000732421875,0.005,0.25,0.5,0.1309359923765515,,M2,0.1290601253087905,0.019795860042074048,0.25,0.0,-1.4326596023852,,0.040000886046964945
ising,large,epsilon,sigma,32,0.5641025641025641,8245,1749,0,0.005,0.000732421875,0.005,0.25,0.5,0.1309359923765515,,free,0.13995777825081743,,0.25787125429592034,3.148501718368135,6.890226064289995,,0.06187702439077342
ising,large,epsilon,sigma,33,0.5692307692307692,8245,1749,0,0.005,0.000732421875,0.005,0.25,0.5,0.12913116993111518,,M1,0.1314271882164675,,0.25,0.0,1.7780511758525464,,0.3877260878933945
ising,large,epsilon,sigma,33,0.5692307692307692,8245,1749,0,0.005,0.000732421875,0.005,0.25,0.5,0.12913116993111518,,M2,0.1272653357796572,0.019629501832731117,0.25,0.0,-1.444913844158069,,0.04055251663451428
ising,large,epsilon,sigma,33,0.5692307692307692,8245,1749,0,0.005,0.000732421875,0.005,0.25,0.5,0.12913116993111518,,free,0.1380718711117716,,0.25791330135220436,3.165320540881744,6.923735907779527,,0.06257901880820985
ising,large,epsilon,sigma,34,0.5743589743589743,8245,1749,0,0.005,0.000732421875,0.005,0.25,0.5,0.1273411704896317,,M1,0.12961201741228692,,0.25,0.0,1.7832778777858938,,0.38984639875667265
ising,large,epsilon,sigma,34,0.5743589743589743,8245,1749,0,0.005,0.000732421875,0.005,0.25,0.5,0.1273411704896317,,M2,0.1254855903872432,0.0194624168157213,0.25,0.0,-1.4571721739746302,,0.041121668177860345
ising,large,epsilon,sigma,34,0.5743589743589743,8245,1749,0,0.005,0.000732421875,0.005,0.25,0.5,0.1273411704896317,,free,0.1362006017762235,,0.25795533542175186,3.1821341687007454,6.957240343030424,,0.06329295545264556
ising,large,epsilon,sigma,35,0.5794871794871795,8245,1749,0,0.005,0.000732421875,0.005,0.25,0.5,0.12556562585345005,,M1,0.1278113637502795,,0.25,0.0,1.7884973547222849,,0.39196890209220553
ising,large,epsilon,sigma,35,0.5794871794871795,8245,1749,0,0.005,0.000732421875,0.005,0.25,0.5,0.12556562585345005,,M2,0.12372051481239481,0.019294611700643977,0.25,0.0,-1.4694396085826122,,0.041708151832684885
ising,large,epsilon,sigma,35,0.5794871794871795,8245,1749,0,0.005,0.000732421875,0.005,0.25,0.5,0.12556562585345005,,free,0.1343435997241416,,0.2579973673427192,3.1989469370876877,6.990745923519293,,0.06401884042505752
ising,large,epsilon,sigma,36,0.5846153846153846,8245,1749,0,0.005,0.000732421875,0.005,0.25,0.5,0.12380417656284509,,M1,0.12602486314019365,,0.25,0.0,1.7937089353534885,,0.394094150563849
ising,large,epsilon,sigma,36,0.5846153846153846,8245,1749,0,0.005,0.000732421875,0.005,0.25,0.5,0.12380417656284509,,M2,0.12196974374650418,0.019126092233913296,0.25,0.0,-1.4817212692414428,,0.042311761405392466
ising,large,epsilon,sigma,36,0.5846153846153846,8245,1749,0,0.005,0.000732421875,0.005,0.25,0.5,0.12380417656284509,,free,0.13250050291537993,,0.2580394081111734,3.2157632444693496,7.024259272965994,,0.06475667116014999
ising,large,epsilon,sigma,37,0.5897435897435898,8245,1749,0,0.005,0.000732421875,0.005,0.25,0.5,0.12205647151284221,,M1,0.12425215990998796,,0.25,0.0,1.7989119052280067,,0.39622270390750275
ising,large,epsilon,sigma,37,0.5897435897435898,8245,1749,0,0.005,0.000732421875,0.005,0.25,0.5,0.12205647151284221,,M2,0.12023292049863483,0.018956863221178448,0.25,0.0,-1.4940223911155015,,0.04293227473309411
ising,large,epsilon,sigma,37,0.5897435897435898,8245,1749,0,0.005,0.000732421875,0.005,0.25,0.5,0.12205647151284221,,free,0.1306709574090917,,0.25808146889985456,3.232587559941824,7.057787095986234,,0.06550643659307992
ising,large,epsilon,sigma,38,0.5948717948717949,8245,1749,0,0.005,0.000732421875,0.005,0.25,0.5,0.1203221675833345,,M1,0.12249290643211715,,0.25,0.0,1.8041055047310461,,0.3983551298033282
ising,large,epsilon,sigma,38,0.5948717948717949,8245,1749,0,0.005,0.000732421875,0.005,0.25,0.5,0.1203221675833345,,M2,0.11850969661754232,0.018786928547441094,0.25,0.0,-1.506348333142249,,0.043569454972911495
ising,large,epsilon,sigma,38,0.5948717948717949,8245,1749,0,0.005,0.000732421875,0.005,0.25,0.5,0.1203221675833345,,free,0.12885461688544186,,0.2581235609390868,3.249424375634713,7.0913360966488925,,0.06626811730409077
ising,large,epsilon,sigma,39,0.6,8245,1749,0,0.005,0.000732421875,0.005,0.25,0.5,0.11860092928255075,,M1,0.12074676276327319,,0.25,0.0,1.809288926910746,,0.400492004786003
ising,large,epsilon,sigma,39,0.6,8245,1749,0,0.005,0.000732421875,0.005,0.25,0.5,0.11860092928255075,,M2,0.11679973152762413,0.018616291194937327,0.25,0.0,-1.518704588423181,,0.044223051791128114
ising,large,epsilon,sigma,39,0.6,8245,1749,0,0.005,0.000732421875,0.005,0.25,0.5,0.11860092928255075,,free,0.12705114284800872,,0.25816569623074836,3.266278492299346,7.1249134526816915,,0.06704168563928851
ising,large,sigma,I,-1,0.5,8245,1749,0,0.005,0.000732421875,0.005,0.25,0.5,0.6196527756473224,,M1,0.6576437683691947,,0.25,0.0,6.131013079411285,,0.8149377590517006
ising,large,sigma,I,-1,0.5,8245,1749,0,0.005,0.000732421875,0.005,0.25,0.5,0.6196527756473224,,M2,0.6136370813770425,0.20755885896495774,0.25,0.0,-0.9708169650326393,,0.014897318936732724
ising,large,sigma,I,-1,0.5,8245,1749,0,0.005,0.000732421875,0.005,0.25,0.5,0.6196527756473224,,free,0.7302678103355073,,0.26680895377009967,6.723581508039866,17.851131962191324,,0.05587521368300055
ising,large,sigma,I,0,0.4,8245,1749,0,0.005,0.000732421875,0.005,0.25,0.5,0.7974877735498891,,M1,0.8473615890973397,,0.25,0.0,6.253865852443763,,0.8392157715592979
ising,large,sigma,I,0,0.4,8245,1749,0,0.005,0.000732421875,0.005,0.25,0.5,0.7974877735498891,,M2,0.7889821315226028,0.2753484624590447,0.25,0.0,-1.0665545365573181,,0.02272806929388854
ising,large,sigma,I,0,0.4,8245,1749,0,0.005,0.000732421875,0.005,0.25,0.5,0.7974877735498891,,free,0.9438683133000798,,0.267308374786181,6.92334991447241,18.355208017622783,,0.05828167840896039
ising,large,sigma,I,1,0.40512820512820513,8245,1749,0,0.005,0.000732421875,0.005,0.25,0.5,0.7872698815430493,,M1,0.8364619939019089,,0.25,0.0,6.248443324472541,,0.8381823522936586
ising,large,sigma,I,1,0.40512820512820513,8245,1749,0,0.005,0.000732421875,0.005,0.25,0.5,0.7872698815430493,,M2,0.778903869909258,0.2714746179872325,0.25,0.0,-1.062661208046467,,0.022391943332809187
ising,large,sigma,I,1,0.40512820512820513,8245,1749,0,0.005,0.000732421875,0.005,0.25,0.5,0.7872698815430493,,free,0.9316041896793511,,0.267287153814501,6.914861525800409,18.333523423175603,,0.05815311540344762
ising,large,sigma,I,2,0.41025641025641024,8245,1749,0,0.005,0.000732421875,0.005,0.25,0.5,0.7771911968465433,,M1,0.825710717721539,,0.25,0.0,6.2429323790418545,,0.8371256494237612
ising,large,sigma,I,2,0.41025641025641024,8245,1749,0,0.005,0.000732421875,0.005,0.25,0.5,0.7771911968465433,,M2,0.7689634669003133,0.26765011035600905,0.25,0.0,-1.0586494005096925,,0.022044958143241745
ising,large,sigma,I,2,0.41025641025641024,8245,1749,0,0.005,0.000732421875,0.005,0.25,0.5,0.7771911968465433,,free,0.9195057079596812,,0.267265452514789,6.9061810059156015,18.3113900016598,,0.05802320412056703
ising,large,sigma,I,3,0.4153846153846154,8245,1749,0,0.005,0.000732421875,0.005,0.25,0.5,0.7672476504449054,,M1,0.8151034361722241,,0.25,0.0,6.237332326735512,,0.8360458059143768
ising,large,sigma,I,3,0.4153846153846154,8245,1749,0,0.005,0.000732421875,0.005,0.25,0.5,0.7672476504449054,,M2,0.7591568641030035,0.2638736850097133,0.25,0.0,-1.0545208365526082,,0.02168762407091664
ising,large,sigma,I,3,0.4153846153846154,8245,1749,0,0.005,0.000732421875,0.005,0.25,0.5,0.7672476504449054,,free,0.9075681082767018,,0.2672432733848529,6.89730935394115,18.288809063205136,,0.05789226293994505
ising,large,sigma,I,4,0.4205128205128205,8245,1749,0,0.005,0.000732421875,0.005,0.25,0.5,0.7574353300158443,,M1,0.8046359909944428,,0.25,0.0,6.2316423736942905,,0.8349429457583739
ising,large,sigma,I,4,0.4205128205128205,8245,1749,0,0.005,0.000732421875,0.005,0.25,0.5,0.7574353300158443,,M2,0.7494801596640481,0.26014413260061936,0.25,0.0,-1.0502771704126501,,0.021320470688377773
ising,large,sigma,I,4,0.4205128205128205,8245,1749,0,0.005,0.000732421875,0.005,0.25,0.5,0.7574353300158443,,free,0.8957868125069858,,0.26722061852692536,6.888247410770143,18.26578151407954,,0.05776061322664358
ising,large,sigma,I,5,0.4256410256410256,8245,1749,0,0.005,0.000732421875,0.005,0.25,0.5,0.7477504718672409,,M1,0.7943043815335795,,0.25,0.0,6.225861623341644,,0.8338171744833943
ising,large,sigma,I,5,0.4256410256410256,8245,1749,0,0.005,0.000732421875,0.005,0.25,0.5,0.7477504718672409,,M2,0.7399296001991472,0.2564602868708683,0.25,0.0,-1.0459199910049954,,0.020944050090012125
ising,large,sigma,I,5,0.4256410256410256,8245,1749,0,0.005,0.000732421875,0.005,0.25,0.5,0.7477504718672409,,free,0.8841574150217908,,0.26719748965854206,6.878995863416826,18.242307866944184,,0.05762857904879629
ising,large,sigma,I,6,0.4307692307692308,8245,1749,0,0.005,0.000732421875,0.005,0.25,0.5,0.7381894533710931,,M1,0.7841047567441572,,0.25,0.0,6.219989077787891,,0.8326685796095911
ising,large,sigma,I,6,0.4307692307692308,8245,1749,0,0.005,0.000732421875,0.005,0.25,0.5,0.7381894533710931,,M2,0.7305015732201068,0.25282102265788015,0.25,0.0,-1.0414508248360987,,0.02055894059537991
ising,large,sigma,I,6,0.4307692307692308,8245,1749,0,0.005,0.000732421875,0.005,0.25,0.5,0.7381894533710931,,free,0.8726756735670975,,0.26717388804145575,6.8695552165823015,18.21838819043615,,0.05749648688683119
ising,large,sigma,I,7,0.4358974358974359,8245,1749,0,0.005,0.000732421875,0.005,0.25,0.5,0.7287487858579769,,M1,0.7740334076795957,,0.25,0.0,6.2140236389284675,,0.8314972310609173
ising,large,sigma,I,7,0.4358974358974359,8245,1749,0,0.005,0.000732421875,0.005,0.25,0.5,0.7287487858579769,,M2,0.7211926000231133,0.24922525401474113,0.25,0.0,-1.0368711387927054,,0.020165750919637942
ising,large,sigma,I,7,0.4358974358974359,8245,1749,0,0.005,0.000732421875,0.005,0.25,0.5,0.7287487858579769,,free,0.8613375028721416,,0.2671498148141357,6.8599259256542755,18.194022355462902,,0.05736466533137737
ising,large,sigma,I,8,0.441025641025641,8245,1749,0,0.005,0.000732421875,0.005,0.25,0.5,0.7194251079386431,,M1,0.7640867604323918,,0.25,0.0,6.2079641092478655,,0.8303031815322791
ising,large,sigma,I,8,0.441025641025641,8245,1749,0,0.005,0.000732421875,0.005,0.25,0.5,0.7194251079386431,,M2,0.7119993290047012,0.2456719324377888,0.25,0.0,-1.0321823428179888,,0.019765124877444747
ising,large,sigma,I,8,0.441025641025641,8245,1749,0,0.005,0.000732421875,0.005,0.25,0.5,0.7194251079386431,,free,0.8501389647569468,,0.26712527059559993,6.850108238239971,18.16920974482472,,0.05723344476703437
ising,large,sigma,I,9,0.4461538461538462,8245,1749,0,0.005,0.000732421875,0.005,0.25,0.5,0.7102151792221181,,M1,0.754261369492524,,0.25,0.0,6.201809192342056,,0.829086466814549
ising,large,sigma,I,9,0.4461538461538462,8245,1749,0,0.005,0.000732421875,0.005,0.25,0.5,0.7102151792221181,,M2,0.7029185293747494,0.24216004519417642,0.25,0.0,-1.0273857924805951,,0.01935774669484842
ising,large,sigma,I,9,0.4461538461538462,8245,1749,0,0.005,0.000732421875,0.005,0.25,0.5,0.7102151792221181,,free,0.8390762605740878,,0.2671002554167113,6.840102166684514,18.143949203269383,,0.05710315703936174
ising,large,sigma,I,10,0.4512820512820513,8245,1749,0,0.005,0.000732421875,0.005,0.25,0.5,0.7011158744021821,,M1,0.7445539114944901,,0.25,0.0,6.195557493167025,,0.8278471060792646
ising,large,sigma,I,10,0.4512820512820513,8245,1749,0,0.005,0.000732421875,0.005,0.25,0.5,0.7011158744021821,,M2,0.693947085238309,0.2386886137428162,0.25,0.0,-1.0224827914480983,,0.01894434701168735
ising,large,sigma,I,10,0.4512820512820513,8245,1749,0,0.005,0.000732421875,0.005,0.25,0.5,0.7011158744021821,,free,0.8281457285280744,,0.26707476950547754,6.829907802191015,18.118239618266575,,0.05697413510253087
ising,large,sigma,I,11,0.4564102564102564,8245,1749,0,0.005,0.000732421875,0.005,0.25,0.5,0.6921241776863593,,M1,0.734961179325779,,0.25,0.0,6.189207518023099,,0.8265851021245884
ising,large,sigma,I,11,0.4564102564102564,8245,1749,0,0.005,0.000732421875,0.005,0.25,0.5,0.6921241776863593,,M2,0.6850819900203698,0.23525669224256915,0.25,0.0,-1.0174745938698604,,0.01852570966451975
ising,large,sigma,I,11,0.4564102564102564,8245,1749,0,0.005,0.000732421875,0.005,0.25,0.5,0.6921241776863593,,free,0.8173438316033955,,0.267048812221606,6.819524888642392,18.092079131756677,,0.056846712645214674
ising,large,sigma,I,12,0.46153846153846156,8245,1749,0,0.005,0.000732421875,0.005,0.25,0.5,0.6832371775436179,,M1,0.7254800765717254,,0.25,0.0,6.182757674279338,,0.8253004415839468
ising,large,sigma,I,12,0.46153846153846156,8245,1749,0,0.005,0.000732421875,0.005,0.25,0.5,0.6832371775436179,,M2,0.6763203412097073,0.23186336614204528,0.25,0.0,-1.0123624066796344,,0.018102679346167865
ising,large,sigma,I,12,0.46153846153846156,8245,1749,0,0.005,0.000732421875,0.005,0.25,0.5,0.6832371775436179,,free,0.8066671558940469,,0.26702238288877084,6.808953155508335,18.065465757321043,,0.056721223692462144
ising,large,sigma,I,13,0.4666666666666667,8245,1749,0,0.005,0.000732421875,0.005,0.25,0.5,0.6744520617488561,,M1,0.7161076122736926,,0.25,0.0,6.176206269845719,,0.8239930950985677
ising,large,sigma,I,13,0.4666666666666667,8245,1749,0,0.005,0.000732421875,0.005,0.25,0.5,0.6744520617488561,,M2,0.6676593353998586,0.2285077508457893,0.25,0.0,-1.007147391822627,,0.01767617024101781
ising,large,sigma,I,13,0.4666666666666667,8245,1749,0,0.005,0.000732421875,0.005,0.25,0.5,0.6744520617488561,,free,0.7961124025303389,,0.2669954803433891,6.798192137355641,18.038397045746613,,0.056598002181381626
ising,large,sigma,I,14,0.4717948717948718,8245,1749,0,0.005,0.000732421875,0.005,0.25,0.5,0.6657661127039459,,M1,0.7068408959792808,,0.25,0.0,6.169551512394267,,0.8226630174549481
ising,large,sigma,I,14,0.4717948717948718,8245,1749,0,0.005,0.000732421875,0.005,0.25,0.5,0.6657661127039459,,M2,0.6590962636069548,0.22518899045203275,0.25,0.0,-1.0018306684162925,,0.017247175733349374
ising,large,sigma,I,14,0.4717948717948718,8245,1749,0,0.005,0.000732421875,0.005,0.25,0.5,0.6657661127039459,,free,0.785676384716852,,0.2669681034216707,6.787241368668284,18.010870443060224,,0.05647738150863808
ising,large,sigma,I,15,0.47692307692307695,8245,1749,0,0.005,0.000732421875,0.005,0.25,0.5,0.657176703016677,,M1,0.6976771330649311,,0.25,0.0,6.162791508332921,,0.8213101476881529
ising,large,sigma,I,15,0.47692307692307695,8245,1749,0,0.005,0.000732421875,0.005,0.25,0.5,0.657176703016677,,M2,0.6506285068457237,0.22190625655753182,0.25,0.0,-0.9964133148504306,,0.016816779276022386
ising,large,sigma,I,15,0.47692307692307695,8245,1749,0,0.005,0.000732421875,0.005,0.25,0.5,0.657176703016677,,free,0.7753560185877862,,0.26694025014368084,6.776100057472334,17.982882690245084,,0.05635969404792406
ising,large,sigma,I,16,0.48205128205128206,8245,1749,0,0.005,0.000732421875,0.005,0.25,0.5,0.6486812913203444,,M1,0.6886136203127635,,0.25,0.0,6.155924261533707,,0.8199344091516781
ising,large,sigma,I,16,0.48205128205128206,8245,1749,0,0.005,0.000732421875,0.005,0.25,0.5,0.6486812913203444,,M2,0.6422535319463755,0.21865874712536598,0.25,0.0,-0.9908963708334606,,0.016386166484271502
ising,large,sigma,I,16,0.48205128205128206,8245,1749,0,0.005,0.000732421875,0.005,0.25,0.5,0.6486812913203444,,free,0.7651483224508321,,0.2669119185335609,6.764767413424355,17.954430425059332,,0.056245270635698785
ising,large,sigma,I,17,0.48717948717948717,8245,1749,0,0.005,0.000732421875,0.005,0.25,0.5,0.6402774183180354,,M1,0.6796477417248512,,0.25,0.0,6.148947671813709,,0.8185357095544364
ising,large,sigma,I,17,0.48717948717948717,8245,1749,0,0.005,0.000732421875,0.005,0.25,0.5,0.6402774183180354,,M2,0.6339688875963965,0.21544568541184664,0.25,0.0,-0.9852808393916224,,0.015956638478413047
ising,large,sigma,I,17,0.48717948717948717,8245,1749,0,0.005,0.000732421875,0.005,0.25,0.5,0.6402774183180354,,free,0.7550504102042217,,0.26688310621145084,6.753242484580335,17.925509880964885,,0.05613444002367232
ising,large,sigma,I,18,0.49230769230769234,8245,1749,0,0.005,0.000732421875,0.005,0.25,0.5,0.6319627030368472,,M1,0.6707769645593951,,0.25,0.0,6.14185953317008,,0.8171139409653367
ising,large,sigma,I,18,0.49230769230769234,8245,1749,0,0.005,0.000732421875,0.005,0.25,0.5,0.6319627030368472,,M2,0.6257722005924603,0.2122663189489827,0.25,0.0,-0.9795676888270322,,0.015529626431220717
ising,large,sigma,I,18,0.49230769230769234,8245,1749,0,0.005,0.000732421875,0.005,0.25,0.5,0.6319627030368472,,free,0.7450594874285471,,0.2668538104758084,6.741524190323367,17.8961169461777,,0.05602752829671665
ising,large,sigma,I,19,0.49743589743589745,8245,1749,0,0.005,0.000732421875,0.005,0.25,0.5,0.6237348392783484,,M1,0.6619988355743729,,0.25,0.0,6.134657531763876,,0.8156689797857287
ising,large,sigma,I,19,0.49743589743589745,8245,1749,0,0.005,0.000732421875,0.005,0.25,0.5,0.6237348392783484,,M2,0.6176611722887378,0.2091199185791929,0.25,0.0,-0.9737578546418324,,0.015106707170157744
ising,large,sigma,I,19,0.49743589743589745,8245,1749,0,0.005,0.000732421875,0.005,0.25,0.5,0.6237348392783484,,free,0.7351728470219799,,0.2668240282437878,6.729611297515126,17.866247117535327,,0.05592485825503254
ising,large,sigma,I,20,0.5025641025641026,8245,1749,0,0.005,0.000732421875,0.005,0.25,0.5,0.6155915922525934,,M1,0.6533109774653114,,0.25,0.0,6.12733924365243,,0.8142006866898884
ising,large,sigma,I,20,0.5025641025641026,8245,1749,0,0.005,0.000732421875,0.005,0.25,0.5,0.6155915922525934,,M2,0.6096335752289029,0.20600577753919944,0.25,0.0,-0.9678522414331092,,0.014689619527785506
ising,large,sigma,I,20,0.5025641025641026,8245,1749,0,0.005,0.000732421875,0.005,0.25,0.5,0.6155915922525934,,free,0.7253878667047374,,0.2667937563476839,6.71750253907355,17.8358957194938,,0.0558267487596585
ising,large,sigma,I,21,0.5076923076923077,8245,1749,0,0.005,0.000732421875,0.005,0.25,0.5,0.607530795383908,,M1,0.6447110854847643,,0.25,0.0,6.119902132263366,,0.8127089065335791
ising,large,sigma,I,21,0.5076923076923077,8245,1749,0,0.005,0.000732421875,0.005,0.25,0.5,0.607530795383908,,M2,0.6016872499500209,0.2029232105902417,0.25,0.0,-0.9618517247663938,,0.014280280909764357
ising,large,sigma,I,21,0.5076923076923077,8245,1749,0,0.005,0.000732421875,0.005,0.25,0.5,0.607530795383908,,free,0.7157020025755509,,0.26676299093897504,6.705196375590017,17.80505745775207,,0.05573351404055084
ising,large,sigma,I,22,0.5128205128205128,8245,1749,0,0.005,0.000732421875,0.005,0.25,0.5,0.5995503472774909,,M1,0.6361969242319612,,0.25,0.0,6.11234354560537,,0.8111934682305656
ising,large,sigma,I,22,0.5128205128205128,8245,1749,0,0.005,0.000732421875,0.005,0.25,0.5,0.5995503472774909,,M2,0.5938201019473535,0.19987155319196187,0.25,0.0,-0.9557571530327658,,0.013880803242300526
ising,large,sigma,I,22,0.5128205128205128,8245,1749,0,0.005,0.000732421875,0.005,0.25,0.5,0.5995503472774909,,free,0.7061127883807944,,0.26673172808074913,6.692691232299652,17.773726858335557,,0.05564546296676488
ising,large,sigma,I,23,0.517948717948718,8245,1749,0,0.005,0.000732421875,0.005,0.25,0.5,0.5916482088366464,,M1,0.6277663246019053,,0.25,0.0,6.1046607132095865,,0.8096541845968768
ising,large,sigma,I,23,0.517948717948718,8245,1749,0,0.005,0.000732421875,0.005,0.25,0.5,0.5916482088366464,,M2,0.5860300987898717,0.19685016071749176,0.25,0.0,-0.9495693492965307,,0.01349350705557194
ising,large,sigma,I,23,0.517948717948718,8245,1749,0,0.005,0.000732421875,0.005,0.25,0.5,0.5916482088366464,,free,0.6966178304497865,,0.2666999633643176,6.679985345727046,17.74189798014283,,0.055562898278437856
ising,large,sigma,I,24,0.5230769230769231,8245,1749,0,0.005,0.000732421875,0.005,0.25,0.5,0.5838224005211629,,M1,0.6194171808839201,,0.25,0.0,6.0968507427914265,,0.8080908521624283
ising,large,sigma,I,24,0.5230769230769231,8245,1749,0,0.005,0.000732421875,0.005,0.25,0.5,0.5838224005211629,,M2,0.5783152673769728,0.19385840770744037,0.25,0.0,-0.9432891131402221,,0.013120931951827198
ising,large,sigma,I,24,0.5230769230769231,8245,1749,0,0.005,0.000732421875,0.005,0.25,0.5,0.5838224005211629,,free,0.6872148066220851,,0.2666676923823535,6.667076952941398,17.709564759527318,,0.05548611578050445
ising,large,sigma,I,25,0.5282051282051282,8245,1749,0,0.005,0.000732421875,0.005,0.25,0.5,0.5760709997379937,,M1,0.6111474480003469,,0.25,0.0,6.0889106166265305,,0.8065032509494848
ising,large,sigma,I,25,0.5282051282051282,8245,1749,0,0.005,0.000732421875,0.005,0.25,0.5,0.5760709997379937,,M2,0.5706736913275554,0.19089568716063648,0.25,0.0,-0.936917222511302,,0.012765841111302629
ising,large,sigma,I,25,0.5282051282051282,8245,1749,0,0.005,0.000732421875,0.005,0.25,0.5,0.5760709997379937,,free,0.6779014596238969,,0.2666349098907806,6.653963956312237,17.676720392489354,,0.055415403498336416
ising,large,sigma,I,26,0.5333333333333333,8245,1749,0,0.005,0.000732421875,0.005,0.25,0.5,0.5683921383559922,,M1,0.6029551388766917,,0.25,0.0,6.080837187626997,,0.804891144217388
ising,large,sigma,I,26,0.5333333333333333,8245,1749,0,0.005,0.000732421875,0.005,0.25,0.5,0.5683921383559922,,M2,0.5631035084931697,0.187961409859646,0.25,0.0,-0.930454435580208,,0.01243121685601446
ising,large,sigma,I,26,0.5333333333333333,8245,1749,0,0.005,0.000732421875,0.005,0.25,0.5,0.5683921383559922,,free,0.6686755978243072,,0.26660161063820437,6.640644255281747,17.643357939181413,,0.05535104079569321
ising,large,sigma,I,27,0.5384615384615384,8245,1749,0,0.005,0.000732421875,0.005,0.25,0.5,0.5607840003369953,,M1,0.5948383219351194,,0.25,0.0,6.072627175108369,,0.8032542781726956
ising,large,sigma,I,27,0.5384615384615384,8245,1749,0,0.005,0.000732421875,0.005,0.25,0.5,0.5607840003369953,,M2,0.55560290858754,0.18505500372919076,0.25,0.0,-0.9239014926142208,,0.0121202437252744
ising,large,sigma,I,27,0.5384615384615384,8245,1749,0,0.005,0.000732421875,0.005,0.25,0.5,0.5607840003369953,,free,0.6595350906988808,,0.2665677889435238,6.627115577409515,17.609470010296736,,0.05529329745564105
ising,large,sigma,I,28,0.5435897435897435,8245,1749,0,0.005,0.000732421875,0.005,0.25,0.5,0.5532448194760504,,M1,0.5867951187037038,,0.25,0.0,6.064277160232101,,0.8015923816438636
ising,large,sigma,I,28,0.5435897435897435,8245,1749,0,0.005,0.000732421875,0.005,0.25,0.5,0.5532448194760504,,M2,0.5481701309252327,0.18217591322574703,0.25,0.0,-0.9172591178754685,,0.011836275193549666
ising,large,sigma,I,28,0.5435897435897435,8245,1749,0,0.005,0.000732421875,0.005,0.25,0.5,0.5532448194760504,,free,0.6504778663413316,,0.2665334387126984,6.613375485079365,17.57504877449474,,0.055242432725197896
ising,large,sigma,I,29,0.5487179487179488,8245,1749,0,0.005,0.000732421875,0.005,0.25,0.5,0.5457728772440411,,M1,0.5788237015343379,,0.25,0.0,6.055783581110097,,0.7999051657193684
ising,large,sigma,I,29,0.5487179487179488,8245,1749,0,0.005,0.000732421875,0.005,0.25,0.5,0.5457728772440411,,M2,0.5408034622627161,0.17932359875670234,0.25,0.0,-0.9105280215496836,,0.011582780333819952
ising,large,sigma,I,29,0.5487179487179488,8245,1749,0,0.005,0.000732421875,0.005,0.25,0.5,0.5457728772440411,,free,0.6415019098903256,,0.26649855365049974,6.599421460199895,17.540086112318743,,0.05519869432479868
ising,large,sigma,I,30,0.5538461538461539,8245,1749,0,0.005,0.000732421875,0.005,0.25,0.5,0.5383665007263897,,M1,0.5709222914226519,,0.25,0.0,6.047142727553889,,0.7981923233480531
ising,large,sigma,I,30,0.5538461538461539,8245,1749,0,0.005,0.000732421875,0.005,0.25,0.5,0.5383665007263897,,M2,0.5335012347354814,0.17649753612757207,0.25,0.0,-0.9037089017135846,,0.011363267699904353
ising,large,sigma,I,30,0.5538461538461539,8245,1749,0,0.005,0.000732421875,0.005,0.25,0.5,0.5383665007263897,,free,0.6326052600219936,,0.266463126985292,6.585250794116804,17.504573402775335,,0.05516231742369074
ising,large,sigma,I,31,0.558974358974359,8245,1749,0,0.005,0.000732421875,0.005,0.25,0.5,0.5310240606519059,,M1,0.5630891559236955,,0.25,0.0,6.03835073544976,,0.7964535289003071
ising,large,sigma,I,31,0.558974358974359,8245,1749,0,0.005,0.000732421875,0.005,0.25,0.5,0.5310240606519059,,M2,0.5262618238852731,0.1736972160158692,0.25,0.0,-0.8968024463498869,,0.011181185743495156
ising,large,sigma,I,31,0.558974358974359,8245,1749,0,0.005,0.000732421875,0.005,0.25,0.5,0.5310240606519059,,free,0.6237860074664715,,0.26642715164426994,6.570860657707978,17.46850165333138,,0.055133523582633195
ising,large,sigma,I,32,0.5641025641025641,8245,1749,0,0.005,0.000732421875,0.005,0.25,0.5,0.523743969506206,,M1,0.5553226071575311,,0.25,0.0,6.0294035807415325,,0.794688437688504
ising,large,sigma,I,32,0.5641025641025641,8245,1749,0,0.005,0.000732421875,0.005,0.25,0.5,0.523743969506206,,M2,0.5190836467718599,0.1709221434703225,0.25,0.0,-0.8898093354163028,,0.011039802299529465
ising,large,sigma,I,32,0.5641025641025641,8245,1749,0,0.005,0.000732421875,0.005,0.25,0.5,0.523743969506206,,free,0.6150422916379271,,0.2663906199406895,6.556247976275809,17.431861261867798,,0.0551125196652678
ising,large,sigma,I,33,0.5692307692307692,8245,1749,0,0.005,0.000732421875,0.005,0.25,0.5,0.5165246797244607,,M1,0.5476209998992186,,0.25,0.0,6.0202970729968275,,0.7928966854449665
ising,large,sigma,I,33,0.5692307692307692,8245,1749,0,0.005,0.000732421875,0.005,0.25,0.5,0.5165246797244607,,M2,0.5119651601640781,0.1681718374342281,0.25,0.0,-0.8827302429798456,,0.010942069824858383
ising,large,sigma,I,33,0.5692307692307692,8245,1749,0,0.005,0.000732421875,0.005,0.25,0.5,0.5165246797244607,,free,0.606372300456643,,0.26635352404859725,6.541409619438898,17.394642358640322,,0.055099496719679786
ising,large,sigma,I,34,0.5743589743589743,8245,1749,0,0.005,0.000732421875,0.005,0.25,0.5,0.5093646819585268,,M1,0.5399827297480043,,0.25,0.0,6.011026848534118,,0.7910778877554708
ising,large,sigma,I,34,0.5743589743589743,8245,1749,0,0.005,0.000732421875,0.005,0.25,0.5,0.5093646819585268,,M2,0.5049048588052053,0.16544583029178658,0.25,0.0,-0.8755658394243748,,0.010890487434811979
ising,large,sigma,I,34,0.5743589743589743,8245,1749,0,0.005,0.000732421875,0.005,0.25,0.5,0.5093646819585268,,free,0.5977742667990391,,0.2663158555917451,6.526342236698035,17.356834498335072,,0.05509462883159898
ising,large,sigma,I,35,0.5794871794871795,8245,1749,0,0.005,0.000732421875,0.005,0.25,0.5,0.5022625034138002,,M1,0.5324062313708179,,0.25,0.0,6.001588363084132,,0.7892316394462311
ising,large,sigma,I,35,0.5794871794871795,8245,1749,0,0.005,0.000732421875,0.005,0.25,0.5,0.5022625034138002,,M2,0.4979012737479886,0.16274366743640273,0.25,0.0,-0.8683167937421188,,0.010886974176288894
ising,large,sigma,I,35,0.5794871794871795,8245,1749,0,0.005,0.000732421875,0.005,0.25,0.5,0.5022625034138002,,free,0.5892464680886461,,0.2662776060242707,6.511042409708279,17.31842693484571,,0.055098071950698414
ising,large,sigma,I,36,0.5846153846153846,8245,1749,0,0.005,0.000732421875,0.005,0.25,0.5,0.49521670625138037,,M1,0.5248899768154497,,0.25,0.0,5.991976883955652,,0.7873575139218694
ising,large,sigma,I,36,0.5846153846153846,8245,1749,0,0.005,0.000732421875,0.005,0.25,0.5,0.49521670625138037,,M2,0.490952970754909,0.16006490685992458,0.25,0.0,-0.8609837759203209,,0.010932769082916046
ising,large,sigma,I,36,0.5846153846153846,8245,1749,0,0.005,0.000732421875,0.005,0.25,0.5,0.49521670625138037,,free,0.5807872219190874,,0.26623876594221924,6.495506376887694,17.279408103059836,,0.0551099626913051
ising,large,sigma,I,37,0.5897435897435898,8245,1749,0,0.005,0.000732421875,0.005,0.25,0.5,0.48822588605136885,,M1,0.5174324738890352,,0.25,0.0,5.982187481675938,,0.7854550624518849
ising,large,sigma,I,37,0.5897435897435898,8245,1749,0,0.005,0.000732421875,0.005,0.25,0.5,0.48822588605136885,,M2,0.4840585487595025,0.1574091187619528,0.25,0.0,-0.8535674594337017,,0.011028371448960305
ising,large,sigma,I,37,0.5897435897435898,8245,1749,0,0.005,0.000732421875,0.005,0.25,0.5,0.48822588605136885,,free,0.5723948877521304,,0.2661993259926226,6.479730397049033,17.239766285539737,,0.055130417108704005
ising,large,sigma,I,38,0.5948717948717949,8245,1749,0,0.005,0.000732421875,0.005,0.25,0.5,0.481288670333338,,M1,0.510032264597694,,0.25,0.0,5.97221502107006,,0.7835238134026635
ising,large,sigma,I,38,0.5948717948717949,8245,1749,0,0.005,0.000732421875,0.005,0.25,0.5,0.481288670333338,,M2,0.47721663838476086,0.15477588517835042,0.25,0.0,-0.846068523856347,,0.011173529443307937
ising,large,sigma,I,38,0.5948717948717949,8245,1749,0,0.005,0.000732421875,0.005,0.25,0.5,0.481288670333338,,free,0.564067861805227,,0.2661592759356842,6.46371037427369,17.199488908508197,,0.055159529451911285
ising,large,sigma,I,39,0.6,8245,1749,0,0.005,0.000732421875,0.005,0.25,0.5,0.474403717130203,,M1,0.5026879236433833,,0.25,0.0,5.9620541517421355,,0.7815632714119416
ising,large,sigma,I,39,0.6,8245,1749,0,0.005,0.000732421875,0.005,0.25,0.5,0.474403717130203,,M2,0.47042590051484323,0.15216479962817958,0.25,0.0,-0.8384876576057798,,0.011367277816980109
ising,large,sigma,I,39,0.6,8245,1749,0,0.005,0.000732421875,0.005,0.25,0.5,0.474403717130203,,free,0.5558045779234171,,0.2661186053072285,6.447442122891389,17.158563024259177,,0.0551973708935385
ising,large,sigma,epsilon,-1,0.5,8245,1749,0,0.005,0.000732421875,0.005,0.25,0.5,0.1549131939118306,,M1,0.1562613117608123,,0.25,0.0,0.8702408199968925,,0.0626667027175464
ising,large,sigma,epsilon,-1,0.5,8245,1749,0,0.005,0.000732421875,0.005,0.25,0.5,0.1549131939118306,,M2,0.156841543664299,-0.002736681174027802,0.25,0.0,1.2447937478882176,,0.043389681113187736
ising,large,sigma,epsilon,-1,0.5,8245,1749,0,0.005,0.000732421875,0.005,0.25,0.5,0.1549131939118306,,free,0.15540294807084998,,0.24911637825513017,-0.35344869794793343,0.3161474801804953,,0.045832341152995455
ising,large,sigma,epsilon,0,0.4,8245,1749,0,0.005,0.000732421875,0.005,0.25,0.5,0.19937194338747227,,M1,0.20133271346115825,,0.25,0.0,0.983473421771941,,0.04472133800315722
ising,large,sigma,epsilon,0,0.4,8245,1749,0,0.005,0.000732421875,0.005,0.25,0.5,0.19937194338747227,,M2,0.2010766335026381,0.0012078088042328633,0.25,0.0,0.85503009410548,,0.041953728191596644
ising,large,sigma,epsilon,0,0.4,8245,1749,0,0.005,0.000732421875,0.005,0.25,0.5,0.19937194338747227,,free,0.20178554420272998,,0.250360408236482,0.14416329459279176,1.2106020407129048,,0.04118424333792594
ising,large,sigma,epsilon,1,0.40512820512820513,8245,1749,0,0.005,0.000732421875,0.005,0.25,0.5,0.19681747038576233,,M1,0.19874127826367152,,0.25,0.0,0.9774578822390634,,0.04384324992228083
ising,large,sigma,epsilon,1,0.40512820512820513,8245,1749,0,0.005,0.000732421875,0.005,0.25,0.5,0.19681747038576233,,M2,0.19853889168908576,0.0009545623486346385,0.25,0.0,0.8746283040572678,,0.042053101313411986
ising,large,sigma,epsilon,1,0.40512820512820513,8245,1749,0,0.005,0.000732421875,0.005,0.25,0.5,0.19681747038576233,,free,0.19910978105490415,,0.2502971741046657,0.11886964186627047,1.1646886146076785,,0.04142033744670035
ising,large,sigma,epsilon,2,0.41025641025641024,8245,1749,0,0.005,0.000732421875,0.005,0.25,0.5,0.1942977992116358,,M1,0.19618535894486644,,0.25,0.0,0.9714776703027006,,0.043163212230950584
ising,large,sigma,epsilon,2,0.41025641025641024,8245,1749,0,0.005,0.000732421875,0.005,0.25,0.5,0.1942977992116358,,M2,0.19603531880520314,0.000707668818445909,0.25,0.0,0.8942559311620135,,0.042146590576704286
ising,large,sigma,epsilon,2,0.41025641025641024,8245,1749,0,0.005,0.000732421875,0.005,0.25,0.5,0.1942977992116358,,free,0.1964716647288564,,0.2502339412945531,0.09357651782124776,1.1188317757797828,,0.04165378929033668
ising,large,sigma,epsilon,3,0.4153846153846154,8245,1749,0,0.005,0.000732421875,0.005,0.25,0.5,0.19181191261122635,,M1,0.1936639152755013,,0.25,0.0,0.9655305757931165,,0.042691026291751186
ising,large,sigma,epsilon,3,0.4153846153846154,8245,1749,0,0.005,0.000732421875,0.005,0.25,0.5,0.19181191261122635,,M2,0.19356491089026315,0.0004669571521306054,0.25,0.0,0.9139152282944263,,0.0422347282588867
ising,large,sigma,epsilon,3,0.4153846153846154,8245,1749,0,0.005,0.000732421875,0.005,0.25,0.5,0.19181191261122635,,free,0.19387009741128777,,0.25017069892871574,0.06827957148629604,1.0730224061907156,,0.04188510128322221
ising,large,sigma,epsilon,4,0.4205128205128205,8245,1749,0,0.005,0.000732421875,0.005,0.25,0.5,0.18935883250396107,,M1,0.19117594713140995,,0.25,0.0,0.9596144016207342,,0.04243413094887301
ising,large,sigma,epsilon,4,0.4205128205128205,8245,1749,0,0.005,0.000732421875,0.005,0.25,0.5,0.18935883250396107,,M2,0.1911267025102127,0.00023226373272974116,0.25,0.0,0.9336084210461282,,0.04231804576213192
ising,large,sigma,epsilon,4,0.4205128205128205,8245,1749,0,0.005,0.000732421875,0.005,0.25,0.5,0.18935883250396107,,free,0.19130402399092153,,0.25010743629397714,0.04297451759085469,1.0272515209554633,,0.04211477458756828
ising,large,sigma,epsilon,5,0.4256410256410256,8245,1749,0,0.005,0.000732421875,0.005,0.25,0.5,0.18693761796681022,,M1,0.18872049243020045,,0.25,0.0,0.9537269613153931,,0.04239709994490927
ising,large,sigma,epsilon,5,0.4256410256410256,8245,1749,0,0.005,0.000732421875,0.005,0.25,0.5,0.18693761796681022,,M2,0.1887197647750162,3.432007499081072e-06,0.25,0.0,0.9533377110445551,,0.04239707394788224
ising,large,sigma,epsilon,5,0.4256410256410256,8245,1749,0,0.005,0.000732421875,0.005,0.25,0.5,0.18693761796681022,,free,0.18877242970950153,,0.25004414270071335,0.01765708028533819,0.9815101757726818,,0.04234330896771367
ising,large,sigma,epsilon,6,0.4307692307692308,8245,1749,0,0.005,0.000732421875,0.005,0.25,0.5,0.18454736334277327,,M1,0.18629662519512047,,0.25,0.0,0.9478660765790403,,0.04258132185394388
ising,large,sigma,epsilon,6,0.4307692307692308,8245,1749,0,0.005,0.000732421875,0.005,0.25,0.5,0.18454736334277327,,M2,0.18634320347792996,-0.00021968786775993952,0.25,0.0,0.9731052791153383,,0.04247234343532968
ising,large,sigma,epsilon,6,0.4307692307692308,8245,1749,0,0.005,0.000732421875,0.005,0.25,0.5,0.18454736334277327,,free,0.18627433818470462,,0.24998080753261845,-0.007676986952620535,0.9357894963385238,,0.04257120263653213
ising,large,sigma,epsilon,7,0.4358974358974359,8245,1749,0,0.005,0.000732421875,0.005,0.25,0.5,0.18218719646449422,,M1,0.18390345373677006,,0.25,0.0,0.9420295748446383,,0.042984914547609054
ising,large,sigma,epsilon,7,0.4358974358974359,8245,1749,0,0.005,0.000732421875,0.005,0.25,0.5,0.18218719646449422,,M2,0.18399615734777613,-0.000437239361504093,0.25,0.0,0.9929132883025993,,0.042544384862156524
ising,large,sigma,epsilon,7,0.4358974358974359,8245,1749,0,0.005,0.000732421875,0.005,0.25,0.5,0.18218719646449422,,free,0.18380880948270117,,0.2499174202368296,-0.033031905268154915,0.8900806695946839,,0.04279895209128446
ising,large,sigma,epsilon,8,0.441025641025641,8245,1749,0,0.005,0.000732421875,0.005,0.25,0.5,0.17985627698466078,,M1,0.18154011894412625,,0.25,0.0,0.9362152868365392,,0.043602887982175126
ising,large,sigma,epsilon,8,0.441025641025641,8245,1749,0,0.005,0.000732421875,0.005,0.25,0.5,0.17985627698466078,,M2,0.18167779640603524,-0.0006493598780591695,0.25,0.0,1.0127638867615474,,0.04261372910582929
ising,large,sigma,epsilon,8,0.441025641025641,8245,1749,0,0.005,0.000732421875,0.005,0.25,0.5,0.17985627698466078,,free,0.18137493821087775,,0.24985397023073927,-0.058411907704292165,0.8443748818099284,,0.0430270519368041
ising,large,sigma,epsilon,9,0.4461538461538462,8245,1749,0,0.005,0.000732421875,0.005,0.25,0.5,0.17755379480552952,,M1,0.1792057926770462,,0.25,0.0,0.9304210441269722,,0.0444275268766499
ising,large,sigma,epsilon,9,0.4461538461538462,8245,1749,0,0.005,0.000732421875,0.005,0.25,0.5,0.17755379480552952,,M2,0.17938732042124647,-0.0008561810495621512,0.25,0.0,1.0326592105368126,,0.042680907463629146
ising,large,sigma,epsilon,9,0.4461538461538462,8245,1749,0,0.005,0.000732421875,0.005,0.25,0.5,0.17755379480552952,,free,0.17897185199877425,,0.2497904470497526,-0.08382118009896411,0.7986634106006418,,0.043255994694270994
ising,large,sigma,epsilon,10,0.4512820512820513,8245,1749,0,0.005,0.000732421875,0.005,0.25,0.5,0.17527896860054554,,M1,0.17689967625305236,,0.25,0.0,0.9246446766812966,,0.045448931063148366
ising,large,sigma,epsilon,10,0.4512820512820513,8245,1749,0,0.005,0.000732421875,0.005,0.25,0.5,0.17527896860054554,,M2,0.17712395745381904,-0.0010578290096394508,0.25,0.0,1.0526013862382833,,0.04274645178973498
ising,large,sigma,epsilon,10,0.4512820512820513,8245,1749,0,0.005,0.000732421875,0.005,0.25,0.5,0.17527896860054554,,free,0.17659870972638037,,0.24972684019258085,-0.10926392296766174,0.7529375237496305,,0.043486270594414525
ising,large,sigma,epsilon,11,0.4564102564102564,8245,1749,0,0.005,0.000732421875,0.005,0.25,0.5,0.1730310444215898,,M1,0.17462099902178652,,0.25,0.0,0.9188840103876217,,0.04665563462156315
ising,large,sigma,epsilon,11,0.4564102564102564,8245,1749,0,0.005,0.000732421875,0.005,0.25,0.5,0.1730310444215898,,M2,0.17488696248490962,-0.0012544246501001838,0.25,0.0,1.0725925336252828,,0.04281089458754916
ising,large,sigma,epsilon,11,0.4564102564102564,8245,1749,0,0.005,0.000732421875,0.005,0.25,0.5,0.1730310444215898,,free,0.17425470002442509,,0.2496631391168643,-0.13474435325427914,0.7071884741409962,,0.043718367354231416
ising,large,sigma,epsilon,12,0.46153846153846156,8245,1749,0,0.005,0.000732421875,0.005,0.25,0.5,0.17080929438590448,,M1,0.1723690170210451,,0.25,0.0,0.9131368645647564,,0.048035227097612904
ising,large,sigma,epsilon,12,0.46153846153846156,8245,1749,0,0.005,0.000732421875,0.005,0.25,0.5,0.17080929438590448,,M2,0.1726756161235307,-0.0014460838618214323,0.25,0.0,1.0926347681114335,,0.04287476905555568
ising,large,sigma,epsilon,12,0.46153846153846156,8245,1749,0,0.005,0.000732421875,0.005,0.25,0.5,0.17080929438590448,,free,0.1719390399298034,,0.24959933329835993,-0.16026668065602934,0.6614075352050275,,0.04395276993675574
ising,large,sigma,epsilon,13,0.4666666666666667,8245,1749,0,0.005,0.000732421875,0.005,0.25,0.5,0.16861301543721402,,M1,0.17014301170878451,,0.25,0.0,0.9074010494404705,,0.04957491651839104
ising,large,sigma,epsilon,13,0.4666666666666667,8245,1749,0,0.005,0.000732421875,0.005,0.25,0.5,0.16861301543721402,,M2,0.17048922338650568,-0.0016329177609068675,0.25,0.0,1.1127302031973318,,0.042938609085101026
ising,large,sigma,epsilon,13,0.4666666666666667,8245,1749,0,0.005,0.000732421875,0.005,0.25,0.5,0.16861301543721402,,free,0.16965097357757303,,0.24953541225522963,-0.18583509790814912,0.6155860137294633,,0.044189960293811156
ising,large,sigma,epsilon,14,0.4717948717948718,8245,1749,0,0.005,0.000732421875,0.005,0.25,0.5,0.16644152817598648,,M1,0.16794228876592696,,0.25,0.0,0.9016743635961166,,0.05126199688095642
ising,large,sigma,epsilon,14,0.4717948717948718,8245,1749,0,0.005,0.000732421875,0.005,0.25,0.5,0.16644152817598648,,M2,0.16832711254631277,-0.0018150329011065618,0.25,0.0,1.1328809528428296,,0.0430029492084842
ising,large,sigma,epsilon,14,0.4717948717948718,8245,1749,0,0.005,0.000732421875,0.005,0.25,0.5,0.16644152817598648,,free,0.1673897706724494,,0.2494713652933357,-0.21145388266572418,0.5697150866460943,,0.04443041709190329
ising,large,sigma,epsilon,15,0.47692307692307695,8245,1749,0,0.005,0.000732421875,0.005,0.25,0.5,0.16429417575416924,,M1,0.1657661769651921,,0.25,0.0,0.8959545913699296,,0.053084205175906535
ising,large,sigma,epsilon,15,0.47692307692307695,8245,1749,0,0.005,0.000732421875,0.005,0.25,0.5,0.16429417575416924,,M2,0.16618863404223466,-0.001992531473415674,0.25,0.0,1.1530891337865112,,0.043068324495988186
ising,large,sigma,epsilon,15,0.47692307692307695,8245,1749,0,0.005,0.000732421875,0.005,0.25,0.5,0.16429417575416924,,free,0.16515472570202736,,0.2494071818805569,-0.2371272477772357,0.5237860343544565,,0.044674615421865245
ising,large,sigma,epsilon,16,0.48205128205128206,8245,1749,0,0.005,0.000732421875,0.005,0.25,0.5,0.1621703228300861,,M1,0.16361402710154108,,0.25,0.0,0.8902395002121422,,0.05502997037316532
ising,large,sigma,epsilon,16,0.48205128205128206,8245,1749,0,0.005,0.000732421875,0.005,0.25,0.5,0.1621703228300861,,M2,0.16407315945058001,-0.002165511493683082,0.25,0.0,1.1733568678207629,,0.043135270400550624
ising,large,sigma,epsilon,16,0.48205128205128206,8245,1749,0,0.005,0.000732421875,0.005,0.25,0.5,0.1621703228300861,,free,0.1629451563955196,,0.2493428512492665,-0.2628595002933998,0.4777899876571956,,0.04492302649305433
ising,large,sigma,epsilon,17,0.48717948717948717,8245,1749,0,0.005,0.000732421875,0.005,0.25,0.5,0.16006935457950885,,M1,0.16148521098015511,,0.25,0.0,0.8845268379856996,,0.05708856765975554
ising,large,sigma,epsilon,17,0.48717948717948717,8245,1749,0,0.005,0.000732421875,0.005,0.25,0.5,0.16006935457950885,,M2,0.16198008051006202,-0.0023340669790099943,0.25,0.0,1.193686284031381,,0.0432043225490406
ising,large,sigma,epsilon,17,0.48717948717948717,8245,1749,0,0.005,0.000732421875,0.005,0.25,0.5,0.16006935457950885,,free,0.1607604029063495,,0.24927836262213057,-0.28865495114777096,0.4317180691182143,,0.04517611731326032
ising,large,sigma,epsilon,18,0.49230769230769234,8245,1749,0,0.005,0.000732421875,0.005,0.25,0.5,0.1579906757592118,,M1,0.15937912045817013,,0.25,0.0,0.8788143302041584,,0.059250196203750265
ising,large,sigma,epsilon,18,0.49230769230769234,8245,1749,0,0.005,0.000732421875,0.005,0.25,0.5,0.1579906757592118,,M2,0.15990880819870573,-0.00249828811364283,0.25,0.0,1.214079521007494,,0.04327601647933306
ising,large,sigma,epsilon,18,0.49230769230769234,8245,1749,0,0.005,0.000732421875,0.005,0.25,0.5,0.1579906757592118,,free,0.1585998267311702,,0.2492137051408897,-0.31451794364412144,0.3855613434344596,,0.04543435035573078
ising,large,sigma,epsilon,19,0.49743589743589745,8245,1749,0,0.005,0.000732421875,0.005,0.25,0.5,0.1559337098195871,,M1,0.1572951665366695,,0.25,0.0,0.8730996772010391,,0.061505999430464066
ising,large,sigma,epsilon,19,0.49743589743589745,8245,1749,0,0.005,0.000732421875,0.005,0.25,0.5,0.1559337098195871,,M2,0.15785877185892572,-0.0026582614050210574,0.25,0.0,1.2345387290316534,,0.043350887322672844
ising,large,sigma,epsilon,19,0.49743589743589745,8245,1749,0,0.005,0.000732421875,0.005,0.25,0.5,0.1559337098195871,,free,0.15646280969909526,,0.2491488678006676,-0.34045287973295535,0.3393107751494595,,0.04569818321497412
ising,large,sigma,epsilon,20,0.5025641025641026,8245,1749,0,0.005,0.000732421875,0.005,0.25,0.5,0.15389789806314835,,M1,0.15523277849968545,,0.25,0.0,0.8673805512206201,,0.06384804495839949
ising,large,sigma,epsilon,20,0.5025641025641026,8245,1749,0,0.005,0.000732421875,0.005,0.25,0.5,0.15389789806314835,,M2,0.15582941836765252,-0.0028140698305766207,0.25,0.0,1.2550660722550067,,0.043429469431123226
ising,large,sigma,epsilon,20,0.5025641025641026,8245,1749,0,0.005,0.000732421875,0.005,0.25,0.5,0.15389789806314835,,free,0.1543487532442559,,0.2490838396246804,-0.36646415012784317,0.29295733520839917,,0.04596806825320633
ising,large,sigma,epsilon,21,0.5076923076923077,8245,1749,0,0.005,0.000732421875,0.005,0.25,0.5,0.151882698845977,,M1,0.15319140309719942,,0.25,0.0,0.8616545934238218,,0.06626927834188943
ising,large,sigma,epsilon,21,0.5076923076923077,8245,1749,0,0.005,0.000732421875,0.005,0.25,0.5,0.151882698845977,,M2,0.1538202113486163,-0.00296579297585182,0.25,0.0,1.275663730866472,,0.04351229595035435
ising,large,sigma,epsilon,21,0.5076923076923077,8245,1749,0,0.005,0.000732421875,0.005,0.25,0.5,0.151882698845977,,free,0.1522570771884627,,0.24901860928912448,-0.3925562843502095,0.24649176326880795,,0.04624445223960963
ising,large,sigma,epsilon,22,0.5128205128205128,8245,1749,0,0.005,0.000732421875,0.005,0.25,0.5,0.14988758681937273,,M1,0.15117050376933763,,0.25,0.0,0.8559194107987889,,0.06876346152966843
ising,large,sigma,epsilon,22,0.5128205128205128,8245,1749,0,0.005,0.000732421875,0.005,0.25,0.5,0.14988758681937273,,M2,0.15183063042409237,-0.003113507164437844,0.25,0.0,1.2963339032612264,,0.04359989833831995
ising,large,sigma,epsilon,22,0.5128205128205128,8245,1749,0,0.005,0.000732421875,0.005,0.25,0.5,0.14988758681937273,,free,0.15018721927504006,,0.248953165472903,-0.41873381083880057,0.19990478332834183,,0.04652777598461094
ising,large,sigma,epsilon,23,0.517948717948718,8245,1749,0,0.005,0.000732421875,0.005,0.25,0.5,0.1479120522091616,,M1,0.14916955990915895,,0.25,0.0,0.8501725729686438,,0.07132510399149407
ising,large,sigma,epsilon,23,0.517948717948718,8245,1749,0,0.005,0.000732421875,0.005,0.25,0.5,0.1479120522091616,,M2,0.1498601705036066,-0.003257285580217238,0.25,0.0,1.3170788082164986,,0.043692805830936564
ising,large,sigma,epsilon,23,0.517948717948718,8245,1749,0,0.005,0.000732421875,0.005,0.25,0.5,0.1479120522091616,,free,0.1481386342996043,,0.24888749675226124,-0.44500129909550434,0.15318703720119675,,0.046818473971691595
ising,large,sigma,epsilon,24,0.5230769230769231,8245,1749,0,0.005,0.000732421875,0.005,0.25,0.5,0.1459556001302907,,M1,0.14718806616160857,,0.25,0.0,0.8444116088849318,,0.0739493920103963
ising,large,sigma,epsilon,24,0.5230769230769231,8245,1749,0,0.005,0.000732421875,0.005,0.25,0.5,0.1459556001302907,,M2,0.1479083411072666,-0.003397198382338899,0.25,0.0,1.3379006870806842,,0.043791544856337745
ising,large,sigma,epsilon,24,0.5230769230769231,8245,1749,0,0.005,0.000732421875,0.005,0.25,0.5,0.1459556001302907,,free,0.14611079317943662,,0.24882159138735752,-0.4713634450569937,0.10632894456079622,,0.04711697398930588
ising,large,sigma,epsilon,25,0.5282051282051282,8245,1749,0,0.005,0.000732421875,0.005,0.25,0.5,0.14401774993449842,,M1,0.14522553175637815,,0.25,0.0,0.8386340033982309,,0.07663211973121767
ising,large,sigma,epsilon,25,0.5282051282051282,8245,1749,0,0.005,0.000732421875,0.005,0.25,0.5,0.14401774993449842,,M2,0.14597466572154458,-0.0035333128133359245,0.25,0.0,1.3588018059830675,,0.0438966383997441
ising,large,sigma,epsilon,25,0.5282051282051282,8245,1749,0,0.005,0.000732421875,0.005,0.25,0.5,0.14401774993449842,,free,0.14410318247025292,,0.24875543753590867,-0.4978249856365302,0.059320837739340604,,0.047423696765582175
ising,large,sigma,epsilon,26,0.5333333333333333,8245,1749,0,0.005,0.000732421875,0.005,0.25,0.5,0.14209803458899806,,M1,0.14328147987256282,,0.25,0.0,0.8328371936935808,,0.07936962414667166
ising,large,sigma,epsilon,26,0.5333333333333333,8245,1749,0,0.005,0.000732421875,0.005,0.25,0.5,0.14209803458899806,,M2,0.1440586811854812,-0.0036656933007516795,0.25,0.0,1.379784458070854,,0.04400860532159262
ising,large,sigma,epsilon,26,0.5333333333333333,8245,1749,0,0.005,0.000732421875,0.005,0.25,0.5,0.14209803458899806,,free,0.14211530358635766,,0.2486890231258228,-0.5243907496708777,0.012152875590110135,,0.04773905560858093
ising,large,sigma,epsilon,27,0.5384615384615384,8245,1749,0,0.005,0.000732421875,0.005,0.25,0.5,0.14019600008424882,,M1,0.14135544703314598,,0.25,0.0,0.8270185655799178,,0.08215872520460482
ising,large,sigma,epsilon,27,0.5384615384615384,8245,1749,0,0.005,0.000732421875,0.005,0.25,0.5,0.14019600008424882,,M2,0.1421599371054138,-0.0037944015526169034,0.25,0.0,1.4008509657798873,,0.0441279596321032
ising,large,sigma,epsilon,27,0.5384615384615384,8245,1749,0,0.005,0.000732421875,0.005,0.25,0.5,0.14019600008424882,,free,0.1401466723017305,,0.2486223359929252,-0.5510656028299254,-0.03518487152891492,,0.04806345605493372
ising,large,sigma,epsilon,28,0.5435897435897435,8245,1749,0,0.005,0.000732421875,0.005,0.25,0.5,0.1383112048690126,,M1,0.13944698252747195,,0.25,0.0,0.8211754496210144,,0.08499667154187864
ising,large,sigma,epsilon,28,0.5435897435897435,8245,1749,0,0.005,0.000732421875,0.005,0.25,0.5,0.1383112048690126,,M2,0.14027799529645618,-0.003919496647099118,0.25,0.0,1.4220036831478877,,0.04425520972598483
ising,large,sigma,epsilon,28,0.5435897435897435,8245,1749,0,0.005,0.000732421875,0.005,0.25,0.5,0.1383112048690126,,free,0.13819681792027957,,0.24855536361807024,-0.5778545527719059,-0.08270259003336777,,0.04839729552966127
ising,large,sigma,epsilon,29,0.5487179487179488,8245,1749,0,0.005,0.000732421875,0.005,0.25,0.5,0.13644321931101028,,M1,0.13755564785998073,,0.25,0.0,0.8153051170940007,,0.08788109190878446
ising,large,sigma,epsilon,29,0.5487179487179488,8245,1749,0,0.005,0.000732421875,0.005,0.25,0.5,0.13644321931101028,,M2,0.13841242924906438,-0.004041035116602316,0.25,0.0,1.4432449981742757,,0.04439085758159709
ising,large,sigma,epsilon,29,0.5487179487179488,8245,1749,0,0.005,0.000732421875,0.005,0.25,0.5,0.13644321931101028,,free,0.13626528289308606,,0.2484880933327924,-0.6047626668830408,-0.1304105977730008,,0.04874096302000124
ising,large,sigma,epsilon,30,0.5538461538461539,8245,1749,0,0.005,0.000732421875,0.005,0.25,0.5,0.13459162518159742,,M1,0.13568101622359388,,0.25,0.0,0.8094047757626788,,0.09080995207619343
ising,large,sigma,epsilon,30,0.5538461538461539,8245,1749,0,0.005,0.000732421875,0.005,0.25,0.5,0.13459162518159742,,M2,0.13656282361913552,-0.0041590710265947475,0.25,0.0,1.4645773352379488,,0.04453539792931572
ising,large,sigma,epsilon,30,0.5538461538461539,8245,1749,0,0.005,0.000732421875,0.005,0.25,0.5,0.13459162518159742,,free,0.1343516220179032,,0.2484205120149681,-0.6317951940127631,-0.1783195376163893,,0.049094838765939675
ising,large,sigma,epsilon,31,0.558974358974359,8245,1749,0,0.005,0.000732421875,0.005,0.25,0.5,0.13275601516297647,,M1,0.13382267199623396,,0.25,0.0,0.8034715654488656,,0.0937815168627065
ising,large,sigma,epsilon,31,0.558974358974359,8245,1749,0,0.005,0.000732421875,0.005,0.25,0.5,0.13275601516297647,,M2,0.1347287737401727,-0.0042736560494004245,0.25,0.0,1.4860031575777422,,0.044689317394446544
ising,large,sigma,epsilon,31,0.558974358974359,8245,1749,0,0.005,0.000732421875,0.005,0.25,0.5,0.13275601516297647,,free,0.13245540236807266,,0.2483526066093398,-0.6589573562640783,-0.22644005586848204,,0.04945929397013893
ising,large,sigma,epsilon,32,0.5641025641025641,8245,1749,0,0.005,0.000732421875,0.005,0.25,0.5,0.1309359923765515,,M1,0.13198021025905649,,0.25,0.0,0.7975025533865088,,0.09679431684321985
ising,large,sigma,epsilon,32,0.5641025641025641,8245,1749,0,0.005,0.000732421875,0.005,0.25,0.5,0.1309359923765515,,M2,0.1329098851561424,-0.0043848395331812316,0.25,0.0,1.507524969845031,,0.04485309362044493
ising,large,sigma,epsilon,32,0.5641025641025641,8245,1749,0,0.005,0.000732421875,0.005,0.25,0.5,0.1309359923765515,,free,0.13057620220864627,,0.24828436342660154,-0.6862546293593841,-0.27478324437374413,,0.04983469052980324
ising,large,sigma,epsilon,33,0.5692307692307692,8245,1749,0,0.005,0.000732421875,0.005,0.25,0.5,0.12913116993111518,,M1,0.13015323633505624,,0.25,0.0,0.7914947293409247,,0.09984711927519936
ising,large,sigma,epsilon,33,0.5692307692307692,8245,1749,0,0.005,0.000732421875,0.005,0.25,0.5,0.12913116993111518,,M2,0.13110577317372973,-0.0044926685663116165,0.25,0.0,1.5291453207369798,,0.045027194378547714
ising,large,sigma,epsilon,33,0.5692307692307692,8245,1749,0,0.005,0.000732421875,0.005,0.25,0.5,0.12913116993111518,,free,0.12871361092152872,,0.24821576860551647,-0.7136925577934106,-0.3233603550631514,,0.050221380792823116
ising,large,sigma,epsilon,34,0.5743589743589743,8245,1749,0,0.005,0.000732421875,0.005,0.25,0.5,0.1273411704896317,,M1,0.12834136534678678,,0.25,0.0,0.7854450004733726,,0.1029389027857831
ising,large,sigma,epsilon,34,0.5743589743589743,8245,1749,0,0.005,0.000732421875,0.005,0.25,0.5,0.1273411704896317,,M2,0.12931606243276905,-0.004597188037332449,0.25,0.0,1.550866805718698,,0.045212076670361166
ising,large,sigma,epsilon,34,0.5743589743589743,8245,1749,0,0.005,0.000732421875,0.005,0.25,0.5,0.1273411704896317,,free,0.1268672285075509,,0.24814680805900544,-0.7412767763978256,-0.37218283785085404,,0.050619707340487215
ising,large,sigma,epsilon,35,0.5794871794871795,8245,1749,0,0.005,0.000732421875,0.005,0.25,0.5,0.12556562585345005,,M1,0.1265442217920056,,0.25,0.0,0.7793501859320262,,0.10606883538789794
ising,large,sigma,epsilon,35,0.5794871794871795,8245,1749,0,0.005,0.000732421875,0.005,0.25,0.5,0.12556562585345005,,M2,0.12754038649369845,-0.004698440690647902,0.25,0.0,1.572692069844961,,0.04540818583013057
ising,large,sigma,epsilon,35,0.5794871794871795,8245,1749,0,0.005,0.000732421875,0.005,0.25,0.5,0.12556562585345005,,free,0.12503666497938656,,0.24807746725330307,-0.7690130986787724,-0.42126248363612007,,0.051030002798771935
ising,large,sigma,epsilon,36,0.5846153846153846,8245,1749,0,0.005,0.000732421875,0.005,0.25,0.5,0.12380417656284509,,M1,0.12476143913612077,,0.25,0.0,0.7732070111461598,,0.10923625542865623
ising,large,sigma,epsilon,36,0.5846153846153846,8245,1749,0,0.005,0.000732421875,0.005,0.25,0.5,0.12380417656284509,,M2,0.12577838744094497,-0.004796467178119946,0.25,0.0,1.5946238106900434,,0.04561595463350495
ising,large,sigma,epsilon,36,0.5846153846153846,8245,1749,0,0.005,0.000732421875,0.005,0.25,0.5,0.12380417656284509,,free,0.12322153991948082,,0.2480077311558738,-0.796907537650482,-0.4706114604045797,,0.05145258967996075
ising,large,sigma,epsilon,37,0.5897435897435898,8245,1749,0,0.005,0.000732421875,0.005,0.25,0.5,0.12205647151284221,,M1,0.12299265942037609,,0.25,0.0,0.7670121018002574,,0.11244065511242515
ising,large,sigma,epsilon,37,0.5897435897435898,8245,1749,0,0.005,0.000732421875,0.005,0.25,0.5,0.12205647151284221,,M2,0.12402971550120763,-0.004891306106693584,0.25,0.0,1.6166647813981694,,0.04583580241985906
ising,large,sigma,epsilon,37,0.5897435897435898,8245,1749,0,0.005,0.000732421875,0.005,0.25,0.5,0.12205647151284221,,free,0.12142148225644683,,0.24793758444658004,-0.8249662213679843,-0.5202421866902562,,0.051887780256294445
ising,large,sigma,epsilon,38,0.5948717948717949,8245,1749,0,0.005,0.000732421875,0.005,0.25,0.5,0.1203221675833345,,M1,0.12123753288476669,,0.25,0.0,0.7607619774620655,,0.11568166628048741
ising,large,sigma,epsilon,38,0.5948717948717949,8245,1749,0,0.005,0.000732421875,0.005,0.25,0.5,0.1203221675833345,,M2,0.12229402867565356,-0.004982994082169046,0.25,0.0,1.6388177938644333,,0.04606813423501293
ising,large,sigma,epsilon,38,0.5948717948717949,8245,1749,0,0.005,0.000732421875,0.005,0.25,0.5,0.1203221675833345,,free,0.11963612992838625,,0.24786701157612406,-0.8531953695503747,-0.570167300612423,,0.05233587646694014
ising,large,sigma,epsilon,39,0.6,8245,1749,0,0.005,0.000732421875,0.005,0.25,0.5,0.11860092928255075,,M1,0.11949571760472724,,0.25,0.0,0.7544530448364117,,0.11895904816761081
ising,large,sigma,epsilon,39,0.6,8245,1749,0,0.005,0.000732421875,0.005,0.25,0.5,0.11860092928255075,,M2,0.12057099238509288,-0.005071565749230046,0.25,0.0,1.661085722059319,,0.04631334000111707
ising,large,sigma,epsilon,39,0.6,8245,1749,0,0.005,0.000732421875,0.005,0.25,0.5,0.11860092928255075,,free,0.11786512902649673,,0.2477959961037132,-0.8816015585147219,-0.6204000765466788,,0.05279716985943257
ising,small,I,epsilon,-1,0.5,9744,1974,0,0.02,0.000732421875,0.02,4.0,6.0,12.987878804533656,-170.91363441338743,M1,12.830588995488617,,4.0,0.0,-1.2110507913743018,,0.3182728480393489
ising,small,I,epsilon,-1,0.5,9744,1974,0,0.02,0.000732421875,0.02,4.0,6.0,12.987878804533656,-170.91363441338743,M2,12.883883634918975,-170.2837019058285,4.0,0.0,-0.8007094243778989,-0.36856773289093425,0.30386904493143135
ising,small,I,epsilon,-1,0.5,9744,1974,0,0.02,0.000732421875,0.02,4.0,6.0,12.987878804533656,-170.91363441338743,free,12.500720340975498,,3.9935720392549103,-0.16069901862724167,-3.750870106580506,,0.3047080070805591
ising,small,I,epsilon,0,0.4,9744,1974,0,0.02,0.000732421875,0.02,4.0,6.0,18.702545478528464,-302.37063551076994,M1,18.45902932868073,,4.0,0.0,-1.3020481630551362,,0.32485140954297503
ising,small,I,epsilon,0,0.4,9744,1974,0,0.02,0.000732421875,0.02,4.0,6.0,18.702545478528464,-302.37063551076994,M2,18.55257018012766,-298.87588384232504,4.0,0.0,-0.8018977875123179,-1.1557840802039254,0.30362945259965574
ising,small,I,epsilon,0,0.4,9744,1974,0,0.02,0.000732421875,0.02,4.0,6.0,18.702545478528464,-302.37063551076994,free,17.881368759076885,,3.992153367205123,-0.1961658198719296,-4.390721682213439,,0.3048438464673747
ising,small,I,epsilon,1,0.40512820512820513,9744,1974,0,0.02,0.000732421875,0.02,4.0,6.0,18.384210092707942,-294.3882266938225,M1,18.145695016641614,,4.0,0.0,-1.29739093963539,,0.3244856548285003
ising,small,I,epsilon,1,0.40512820512820513,9744,1974,0,0.02,0.000732421875,0.02,4.0,6.0,18.384210092707942,-294.3882266938225,M2,18.23679986799654,-291.09252855664056,4.0,0.0,-0.8018306142501652,-1.1195074525210624,0.30364167309843065
ising,small,I,epsilon,1,0.40512820512820513,9744,1974,0,0.02,0.000732421875,0.02,4.0,6.0,18.384210092707942,-294.3882266938225,free,17.583008848056362,,3.9922259260110673,-0.19435184972331765,-4.358094476788943,,0.30483521994686336
ising,small,I,epsilon,2,0.41025641025641024,9744,1974,0,0.02,0.000732421875,0.02,4.0,6.0,18.06860719946957,-286.5473586823818,M1,17.835028403449655,,4.0,0.0,-1.292732712827882,,0.32412289531613114
ising,small,I,epsilon,2,0.41025641025641024,9744,1974,0,0.02,0.000732421875,0.02,4.0,6.0,18.06860719946957,-286.5473586823818,M2,17.923739591551815,-283.4444452943483,4.0,0.0,-0.8017641111928597,-1.0828623241552315,0.3036539007345461
ising,small,I,epsilon,2,0.41025641025641024,9744,1974,0,0.02,0.000732421875,0.02,4.0,6.0,18.06860719946957,-286.5473586823818,free,17.28705911573877,,3.992298505658346,-0.1925373585413448,-4.325447308156349,,0.3048267715403871
ising,small,I,epsilon,3,0.4153846153846154,9744,1974,0,0.02,0.000732421875,0.02,4.0,6.0,17.755736798813345,-278.8467670136404,M1,17.527029861551416,,4.0,0.0,-1.2880734821278383,,0.3237631438408554
ising,small,I,epsilon,3,0.4153846153846154,9744,1974,0,0.02,0.000732421875,0.02,4.0,6.0,17.755736798813345,-278.8467670136404,M2,17.613389362462147,-275.93048132045686,4.0,0.0,-0.8016982790638782,-1.0458380867800599,0.3036661355132338
ising,small,I,epsilon,3,0.4153846153846154,9744,1974,0,0.02,0.000732421875,0.02,4.0,6.0,17.755736798813345,-278.8467670136404,free,16.993522054323158,,3.992371106185062,-0.19072234537345079,-4.292780148335651,,0.30481850148464223
ising,small,I,epsilon,4,0.4205128205128205,9744,1974,0,0.02,0.000732421875,0.02,4.0,6.0,17.445598890739273,-271.28518722479095,M1,17.221699763552277,,4.0,0.0,-1.2834132470273096,,0.3234064132313126
ising,small,I,epsilon,4,0.4205128205128205,9744,1974,0,0.02,0.000732421875,0.02,4.0,6.0,17.445598890739273,-271.28518722479095,M2,17.30574919234336,-268.5494832236975,4.0,0.0,-0.8016331183112957,-1.0084236552239778,0.303678377434465
ising,small,I,epsilon,4,0.4205128205128205,9744,1974,0,0.02,0.000732421875,0.02,4.0,6.0,17.445598890739273,-271.28518722479095,free,16.702400155630347,,3.9924437275804086,-0.1889068104897862,-4.260092988286246,,0.30481041001424247
ising,small,I,epsilon,5,0.4256410256410256,9744,1974,0,0.02,0.000732421875,0.02,4.0,6.0,17.138193475247355,-263.8613548530261,M1,16.919038482215825,,4.0,0.0,-1.278752007019035,,0.3230527162873638
ising,small,I,epsilon,5,0.4256410256410256,9744,1974,0,0.02,0.000732421875,0.02,4.0,6.0,17.138193475247355,-263.8613548530261,M2,17.000819092661352,-261.30029660826386,4.0,0.0,-0.8015686296482305,-0.9706075549368642,0.3036906265164311
ising,small,I,epsilon,5,0.4256410256410256,9744,1974,0,0.02,0.000732421875,0.02,4.0,6.0,17.138193475247355,-263.8613548530261,free,16.41369591747164,,3.992516369876033,-0.18709075309917278,-4.227385802489081,,0.3048024973798063
ising,small,I,epsilon,6,0.4307692307692308,9744,1974,0,0.02,0.000732421875,0.02,4.0,6.0,16.833520552337585,-256.57400543553825,M1,16.61904639045892,,4.0,0.0,-1.27408976162674,,0.32270206578011895
ising,small,I,epsilon,6,0.4307692307692308,9744,1974,0,0.02,0.000732421875,0.02,4.0,6.0,16.833520552337585,-256.57400543553825,M2,16.698599074814048,-254.18176637144236,4.0,0.0,-0.8015048135893488,-0.932377798770001,0.30370288275498053
ising,small,I,epsilon,6,0.4307692307692308,9744,1974,0,0.02,0.000732421875,0.02,4.0,6.0,16.833520552337585,-256.57400543553825,free,16.127411838959357,,3.992589033078081,-0.18527417304797789,-4.194658575327992,,0.30479476381023546
ising,small,I,epsilon,7,0.4358974358974359,9744,1974,0,0.02,0.000732421875,0.02,4.0,6.0,16.531580122009967,-249.42187450952008,M1,16.3217238613674,,4.0,0.0,-1.2694265103138425,,0.3223544744493345
ising,small,I,epsilon,7,0.4358974358974359,9744,1974,0,0.02,0.000732421875,0.02,4.0,6.0,16.531580122009967,-249.42187450952008,M2,16.39908915008655,-247.1927365101197,4.0,0.0,-0.8014416707028515,-0.8937219334847479,0.3037151461514705
ising,small,I,epsilon,7,0.4358974358974359,9744,1974,0,0.02,0.000732421875,0.02,4.0,6.0,16.531580122009967,-249.42187450952008,free,15.843550422801416,,3.9926617172003143,-0.1834570699921434,-4.161911288156395,,0.3047872095412949
ising,small,I,epsilon,8,0.441025641025641,9744,1974,0,0.02,0.000732421875,0.02,4.0,6.0,16.232372184264495,-242.40369761216405,M1,16.027071268178737,,4.0,0.0,-1.2647622525854496,,0.32200995501320107
ising,small,I,epsilon,8,0.441025641025641,9744,1974,0,0.02,0.000732421875,0.02,4.0,6.0,16.232372184264495,-242.40369761216405,M2,16.102289329657285,-240.33205019585816,4.0,0.0,-0.8013792015766574,-0.8546269865983835,0.3037274167130425
ising,small,I,epsilon,8,0.441025641025641,9744,1974,0,0.02,0.000732421875,0.02,4.0,6.0,16.232372184264495,-242.40369761216405,free,15.562114175015846,,3.99273442226048,-0.18163944348800198,-4.129143920802836,,0.3047798348131337
ising,small,I,epsilon,9,0.4461538461538462,9744,1974,0,0.02,0.000732421875,0.02,4.0,6.0,15.93589673910118,-235.51821028066286,M1,15.735088984283676,,4.0,0.0,-1.2600969879830504,,0.3216685201630914
ising,small,I,epsilon,9,0.4461538461538462,9744,1974,0,0.02,0.000732421875,0.02,4.0,6.0,15.93589673910118,-235.51821028066286,M2,15.808199624597941,-233.59854976947227,4.0,0.0,-0.801317406819746,-0.8150794407374984,0.30373969444911203
ising,small,I,epsilon,9,0.4461538461538462,9744,1974,0,0.02,0.000732421875,0.02,4.0,6.0,15.93589673910118,-235.51821028066286,free,15.283105603494457,,3.9928071482573775,-0.17982129356556298,-4.096356460474537,,0.30477263986741543
ising,small,I,epsilon,10,0.4512820512820513,9744,1974,0,0.02,0.000732421875,0.02,4.0,6.0,15.64215378652001,-228.76414805220895,M1,15.445777383244144,,4.0,0.0,-1.2554307159740263,,0.321330182545206
ising,small,I,epsilon,10,0.4512820512820513,9744,1974,0,0.02,0.000732421875,0.02,4.0,6.0,15.64215378652001,-228.76414805220895,M2,15.516820045878516,-226.9910766998597,4.0,0.0,-0.8012562870306494,-0.7750652221713561,0.3037519793597699
ising,small,I,epsilon,10,0.4512820512820513,9744,1974,0,0.02,0.000732421875,0.02,4.0,6.0,15.64215378652001,-228.76414805220895,free,15.006527221049817,,3.9928798952188513,-0.17800261952871654,-4.063548883005863,,0.3047656249374627
ising,small,I,epsilon,11,0.4564102564102564,9744,1974,0,0.02,0.000732421875,0.02,4.0,6.0,15.351143326520994,-222.14024646399503,M1,15.159136838776087,,4.0,0.0,-1.2507634360575115,,0.3209949547864797
ising,small,I,epsilon,11,0.4564102564102564,9744,1974,0,0.02,0.000732421875,0.02,4.0,6.0,15.351143326520994,-222.14024646399503,M2,15.228150604369013,-220.50847164435245,4.0,0.0,-0.80119584278453,-0.734569644905414,0.3037642714550461
ising,small,I,epsilon,11,0.4564102564102564,9744,1974,0,0.02,0.000732421875,0.02,4.0,6.0,15.351143326520994,-222.14024646399503,free,14.732381542353481,,3.99295266315343,-0.17618342116425545,-4.030721171748331,,0.30475879026712904
ising,small,I,epsilon,12,0.46153846153846156,9744,1974,0,0.02,0.000732421875,0.02,4.0,6.0,15.062865359104121,-215.64524105321343,M1,14.875167724755393,,4.0,0.0,-1.246095147728865,,0.3206628494648313
ising,small,I,epsilon,12,0.46153846153846156,9744,1974,0,0.02,0.000732421875,0.02,4.0,6.0,15.062865359104121,-215.64524105321343,M2,14.942191310842217,-214.14957443858165,4.0,0.0,-0.8011360746112417,-0.6935773807606016,0.3037765707261996
ising,small,I,epsilon,12,0.46153846153846156,9744,1974,0,0.02,0.000732421875,0.02,4.0,6.0,15.062865359104121,-215.64524105321343,free,14.460671085414875,,3.993025452073547,-0.17436369816132835,-3.997873308515465,,0.3047521360813739
ising,small,I,epsilon,13,0.4666666666666667,9744,1974,0,0.02,0.000732421875,0.02,4.0,6.0,14.777319884269405,-209.277867357057,M1,14.593870415215147,,4.0,0.0,-1.241425850499056,,0.32033387914168415
ising,small,I,epsilon,13,0.4666666666666667,9744,1974,0,0.02,0.000732421875,0.02,4.0,6.0,14.777319884269405,-209.277867357057,M2,14.658942175943887,-207.91322401007903,4.0,0.0,-0.8010769831918729,-0.6520724643326425,0.3037888771954001
ising,small,I,epsilon,13,0.4666666666666667,9744,1974,0,0.02,0.000732421875,0.02,4.0,6.0,14.777319884269405,-209.277867357057,free,14.191398371660721,,3.9930982619972686,-0.17254345006828542,-3.9650052729277574,,0.30474566263352215
ising,small,I,epsilon,14,0.4717948717948718,9744,1974,0,0.02,0.000732421875,0.02,4.0,6.0,14.494506902016838,-203.03686091271814,M1,14.315245284356175,,4.0,0.0,-1.2367555438241196,,0.320008056329778
ising,small,I,epsilon,14,0.4717948717948718,9744,1974,0,0.02,0.000732421875,0.02,4.0,6.0,14.494506902016838,-203.03686091271814,M2,14.3784032102314,-201.79825846802183,4.0,0.0,-0.8010185691055272,-0.6100382162767759,0.3038011908687348
ising,small,I,epsilon,14,0.4717948717948718,9744,1974,0,0.02,0.000732421875,0.02,4.0,6.0,14.494506902016838,-203.03686091271814,free,13.924565924718255,,3.9931710929270006,-0.17072267682498588,-3.9321170506274927,,0.30473937016445024
ising,small,I,epsilon,15,0.47692307692307695,9744,1974,0,0.02,0.000732421875,0.02,4.0,6.0,14.214426412346414,-196.9209572573894,M1,14.039292706529402,,4.0,0.0,-1.2320842272249166,,0.31968539349613107
ising,small,I,epsilon,15,0.47692307692307695,9744,1974,0,0.02,0.000732421875,0.02,4.0,6.0,14.214426412346414,-196.9209572573894,M2,14.100574424168345,-195.80351514232495,4.0,0.0,-0.8009608328562567,-0.5674571821240315,0.3038135117340107
ising,small,I,epsilon,15,0.47692307692307695,9744,1974,0,0.02,0.000732421875,0.02,4.0,6.0,14.214426412346414,-196.9209572573894,free,13.66017627271001,,3.993243944889651,-0.16890137775872338,-3.8992086177673135,,0.30473325889544256
ising,small,I,epsilon,16,0.48205128205128206,9744,1974,0,0.02,0.000732421875,0.02,4.0,6.0,13.937078415258151,-190.92889192826357,M1,13.766013056242011,,4.0,0.0,-1.22741190025063,,0.319365903091554
ising,small,I,epsilon,16,0.48205128205128206,9744,1974,0,0.02,0.000732421875,0.02,4.0,6.0,13.937078415258151,-190.92889192826357,M2,13.825455828103044,-189.9278304953594,4.0,0.0,-0.8009037750186132,-0.5243111311201143,0.3038258398075175
ising,small,I,epsilon,16,0.48205128205128206,9744,1974,0,0.02,0.000732421875,0.02,4.0,6.0,13.937078415258151,-190.92889192826357,free,13.398231945193778,,3.993316817882484,-0.16707955293789878,-3.8662799620503674,,0.30472732907569017
ising,small,I,epsilon,17,0.48717948717948717,9744,1974,0,0.02,0.000732421875,0.02,4.0,6.0,13.662462910752035,-185.05940046253303,M1,13.49540670818035,,4.0,0.0,-1.2227385623145182,,0.31904959749489004
ising,small,I,epsilon,17,0.48717948717948717,9744,1974,0,0.02,0.000732421875,0.02,4.0,6.0,13.662462910752035,-185.05940046253303,M2,13.553047432252317,-184.17003999685699,4.0,0.0,-0.8008473963622698,-0.480581080157616,0.30383817509808464
ising,small,I,epsilon,17,0.48717948717948717,9744,1974,0,0.02,0.000732421875,0.02,4.0,6.0,13.662462910752035,-185.05940046253303,free,13.138735476756985,,3.9933897119371706,-0.1652572015707343,-3.833331057630096,,0.30472158094572777
ising,small,I,epsilon,18,0.49230769230769234,9744,1974,0,0.02,0.000732421875,0.02,4.0,6.0,13.39057989882807,-179.31121839739035,M1,13.227474037169923,,4.0,0.0,-1.2180642129802188,,0.3187364890647903
ising,small,I,epsilon,18,0.49230769230769234,9744,1974,0,0.02,0.000732421875,0.02,4.0,6.0,13.39057989882807,-179.31121839739035,M2,13.283349246784937,-178.5289785184142,4.0,0.0,-0.8007916972476936,-0.43624703795306363,0.3038505175965226
ising,small,I,epsilon,18,0.49230769230769234,9744,1974,0,0.02,0.000732421875,0.02,4.0,6.0,13.39057989882807,-179.31121839739035,free,12.881689403092363,,3.993462627048732,-0.1634343237816971,-3.8003618930666727,,0.30471601473173965
ising,small,I,epsilon,19,0.49743589743589745,9744,1974,0,0.02,0.000732421875,0.02,4.0,6.0,13.121429379486257,-173.68308127002817,M1,12.962215418218468,,4.0,0.0,-1.2133888516497993,,0.31842659010097046
ising,small,I,epsilon,19,0.49743589743589745,9744,1974,0,0.02,0.000732421875,0.02,4.0,6.0,13.121429379486257,-173.68308127002817,M2,13.016361281714655,-173.0034798540422,4.0,0.0,-0.8007366783977288,-0.39128820781879625,0.3038628673171234
ising,small,I,epsilon,19,0.49743589743589745,9744,1974,0,0.02,0.000732421875,0.02,4.0,6.0,13.121429379486257,-173.68308127002817,free,12.627096264910044,,3.993535563247348,-0.16161091881630174,-3.7673724430437594,,0.30471063068010107
ising,small,I,epsilon,20,0.5025641025641026,9744,1974,0,0.02,0.000732421875,0.02,4.0,6.0,12.855011352726594,-168.173724617639,M1,12.699631226471753,,4.0,0.0,-1.2087124778920044,,0.318119912867103
ising,small,I,epsilon,20,0.5025641025641026,9744,1974,0,0.02,0.000732421875,0.02,4.0,6.0,12.855011352726594,-168.173724617639,M2,12.752083546955555,-167.59237703829743,4.0,0.0,-0.8006823405037888,-0.34568276385822383,0.30387522426938546
ising,small,I,epsilon,20,0.5025641025641026,9744,1974,0,0.02,0.000732421875,0.02,4.0,6.0,12.855011352726594,-168.173724617639,free,12.374958604463671,,3.993608520533469,-0.1597869866632795,-3.734362693978499,,0.3047054290315383
ising,small,I,epsilon,21,0.5076923076923077,9744,1974,0,0.02,0.000732421875,0.02,4.0,6.0,12.591325818549079,-162.78188397741548,M1,12.439721837253146,,4.0,0.0,-1.2040350911466047,,0.3178164695809049
ising,small,I,epsilon,21,0.5076923076923077,9744,1974,0,0.02,0.000732421875,0.02,4.0,6.0,12.591325818549079,-162.78188397741548,M2,12.490516052338318,-162.29450227178154,4.0,0.0,-0.8006286840917975,-0.29940782949874345,0.30388758846144676
ising,small,I,epsilon,21,0.5076923076923077,9744,1974,0,0.02,0.000732421875,0.02,4.0,6.0,12.591325818549079,-162.78188397741548,free,12.125278968411441,,3.9936814989320633,-0.1579625266984186,-3.7013326225827203,,0.30470041002792925
ising,small,I,epsilon,22,0.5128205128205128,9744,1974,0,0.02,0.000732421875,0.02,4.0,6.0,12.330372776953716,-157.50629488655008,M1,12.182487626027566,,4.0,0.0,-1.1993566910041609,,0.3175162724146606
ising,small,I,epsilon,22,0.5128205128205128,9744,1974,0,0.02,0.000732421875,0.02,4.0,6.0,12.330372776953716,-157.50629488655008,M2,12.231658807618077,-157.10868706142284,4.0,0.0,-0.8005757094395549,-0.2524393234020428,0.30389995987691715
ising,small,I,epsilon,22,0.5128205128205128,9744,1974,0,0.02,0.000732421875,0.02,4.0,6.0,12.330372776953716,-157.50629488655008,free,11.878059905316942,,3.9937544984439173,-0.15613753890206805,-3.6682822151344663,,0.30469557389105545
ising,small,I,epsilon,23,0.517948717948718,9744,1974,0,0.02,0.000732421875,0.02,4.0,6.0,12.0721522279405,-152.34569288223534,M1,11.927928968449212,,4.0,0.0,-1.1946772768279712,,0.31721933345997266
ising,small,I,epsilon,23,0.517948717948718,9744,1974,0,0.02,0.000732421875,0.02,4.0,6.0,12.0721522279405,-152.34569288223534,M2,11.975511822335324,-152.03376162361576,4.0,0.0,-0.8005234177009823,-0.20475226619022235,0.30391233854501043
ising,small,I,epsilon,23,0.517948717948718,9744,1974,0,0.02,0.000732421875,0.02,4.0,6.0,12.0721522279405,-152.34569288223534,free,11.633303968039215,,3.9938275190926578,-0.15431202268355593,-3.635211448755493,,0.3046909208744847
ising,small,I,epsilon,24,0.5230769230769231,9744,1974,0,0.02,0.000732421875,0.02,4.0,6.0,11.816664171509437,-147.29881350166403,M1,11.676046240299124,,4.0,0.0,-1.1899968482590007,,0.3169256648169707
ising,small,I,epsilon,24,0.5230769230769231,9744,1974,0,0.02,0.000732421875,0.02,4.0,6.0,11.816664171509437,-147.29881350166403,M2,11.722075106071824,-147.06855590127134,4.0,0.0,-0.8004718088347906,-0.15632006458089487,0.303924724454969
ising,small,I,epsilon,24,0.5230769230769231,9744,1974,0,0.02,0.000732421875,0.02,4.0,6.0,11.816664171509437,-147.29881350166403,free,11.391013711469878,,3.993900560879421,-0.1524859780144716,-3.602120309603307,,0.30468645121149646
ising,small,I,epsilon,25,0.5282051282051282,9744,1974,0,0.02,0.000732421875,0.02,4.0,6.0,11.563908607660524,-142.36439228202855,M1,11.426839817556822,,4.0,0.0,-1.1853154046279957,,0.3166352784552829
ising,small,I,epsilon,25,0.5282051282051282,9744,1974,0,0.02,0.000732421875,0.02,4.0,6.0,11.563908607660524,-142.36439228202855,M2,11.471348668151643,-142.21189837983067,4.0,0.0,-0.8004208840561411,-0.10711519907012912,0.3039371176233949
ising,small,I,epsilon,25,0.5282051282051282,9744,1974,0,0.02,0.000732421875,0.02,4.0,6.0,11.563908607660524,-142.36439228202855,free,11.151191695102332,,3.9939736238356085,-0.1506594041097875,-3.5690087716949592,,0.30468216514000745
ising,small,I,epsilon,26,0.5333333333333333,9744,1974,0,0.02,0.000732421875,0.02,4.0,6.0,11.313885536393764,-137.54116476052158,M1,11.180310076334392,,4.0,0.0,-1.1806329455048448,,0.3163481863551798
ising,small,I,epsilon,26,0.5333333333333333,9744,1974,0,0.02,0.000732421875,0.02,4.0,6.0,11.313885536393764,-137.54116476052158,M2,11.223332517900808,-137.4626171273674,4.0,0.0,-0.8003706436809144,-0.05710845425146438,0.30394951805652753
ising,small,I,epsilon,26,0.5333333333333333,9744,1974,0,0.02,0.000732421875,0.02,4.0,6.0,11.313885536393764,-137.54116476052158,free,10.913840480139307,,3.994046707962146,-0.14883230094635547,-3.5358768211647407,,0.3046780629046092
ising,small,I,epsilon,27,0.5384615384615384,9744,1974,0,0.02,0.000732421875,0.02,4.0,6.0,11.066594957709153,-132.8278664743356,M1,10.936457392915763,,4.0,0.0,-1.1759494703719509,,0.3160644004075821
ising,small,I,epsilon,27,0.5384615384615384,9744,1974,0,0.02,0.000732421875,0.02,4.0,6.0,11.066594957709153,-132.8278664743356,M2,10.978026664501023,-132.81953920180806,4.0,0.0,-0.8003210883437251,-0.006269221021593108,0.3039619257537758
ising,small,I,epsilon,27,0.5384615384615384,9744,1974,0,0.02,0.000732421875,0.02,4.0,6.0,11.066594957709153,-132.8278664743356,free,10.678962631684636,,3.9941198132757516,-0.14700466810620982,-3.502724437876781,,0.30467414473723525
ising,small,I,epsilon,28,0.5435897435897435,9744,1974,0,0.02,0.000732421875,0.02,4.0,6.0,10.822036871606691,-128.2232329606632,M1,10.695282143743578,,4.0,0.0,-1.171264978736808,,0.3157839324610902
ising,small,I,epsilon,28,0.5435897435897435,9744,1974,0,0.02,0.000732421875,0.02,4.0,6.0,10.822036871606691,-128.2232329606632,M2,10.735431117037004,-128.28149084406007,4.0,0.0,-0.800272218596032,0.04543473288864952,0.30397434072320106
ising,small,I,epsilon,28,0.5435897435897435,9744,1974,0,0.02,0.000732421875,0.02,4.0,6.0,10.822036871606691,-128.2232329606632,free,10.44656071781601,,3.9941929397889995,-0.14517650527501313,-3.4695516033197316,,0.30467041087952457
ising,small,I,epsilon,29,0.5487179487179488,9744,1974,0,0.02,0.000732421875,0.02,4.0,6.0,10.580211278086376,-123.72599975669685,M1,10.45678470542607,,4.0,0.0,-1.1665794700711274,,0.31550679429412515
ising,small,I,epsilon,29,0.5487179487179488,9744,1974,0,0.02,0.000732421875,0.02,4.0,6.0,10.580211278086376,-123.72599975669685,M2,10.49554588449075,-123.84729743774166,4.0,0.0,-0.8002240349489265,0.09803734161237809,0.3039867629611945
ising,small,I,epsilon,29,0.5487179487179488,9744,1974,0,0.02,0.000732421875,0.02,4.0,6.0,10.580211278086376,-123.72599975669685,free,10.216637309790457,,3.9942660875145357,-0.1433478121366072,-3.436358298902309,,0.30466686156198586
ising,small,I,epsilon,30,0.5538461538461539,9744,1974,0,0.02,0.000732421875,0.02,4.0,6.0,10.341118177148216,-119.33490239962934,M1,10.220965454733157,,4.0,0.0,-1.1618929438459769,,0.3152329976315172
ising,small,I,epsilon,30,0.5538461538461539,9744,1974,0,0.02,0.000732421875,0.02,4.0,6.0,10.341118177148216,-119.33490239962934,M2,10.258370975703778,-119.51578340100251,4.0,0.0,-0.800176538232511,0.15157426514451622,0.30399919249181256
ising,small,I,epsilon,30,0.5538461538461539,9744,1974,0,0.02,0.000732421875,0.02,4.0,6.0,10.341118177148216,-119.33490239962934,free,9.989194982209133,,3.994339256469134,-0.14151858827164965,-3.403144504399558,,0.3046634970381996
ising,small,I,epsilon,31,0.558974358974359,9744,1974,0,0.02,0.000732421875,0.02,4.0,6.0,10.104757568792207,-115.04867642665312,M1,9.98782476859167,,4.0,0.0,-1.1572053995800524,,0.3149625541293311
ising,small,I,epsilon,31,0.558974358974359,9744,1974,0,0.02,0.000732421875,0.02,4.0,6.0,10.104757568792207,-115.04867642665312,M2,10.023906399446297,-115.28577242283467,4.0,0.0,-0.800129728946819,0.20608320195034668,0.30401162930771325
ising,small,I,epsilon,31,0.558974358974359,9744,1974,0,0.02,0.000732421875,0.02,4.0,6.0,10.104757568792207,-115.04867642665312,free,9.764236312634225,,3.994412446664485,-0.1396888333878743,-3.3699102016030325,,0.3046603175350382
ising,small,I,epsilon,32,0.5641025641025641,9744,1974,0,0.02,0.000732421875,0.02,4.0,6.0,9.871129453018348,-110.86605737496076,M1,9.75736302409487,,4.0,0.0,-1.152516836750539,,0.31469547538546744
ising,small,I,epsilon,32,0.5641025641025641,9744,1974,0,0.02,0.000732421875,0.02,4.0,6.0,9.871129453018348,-110.86605737496076,M2,9.792152164374613,-111.15608729649169,4.0,0.0,-0.8000836076522688,0.26160389247902316,0.3040240734138603
ising,small,I,epsilon,32,0.5641025641025641,9744,1974,0,0.02,0.000732421875,0.02,4.0,6.0,9.871129453018348,-110.86605737496076,free,9.541763881882988,,3.9944856581138373,-0.1378585471540683,-3.3366553716368097,,0.304657323291063
ising,small,I,epsilon,33,0.5692307692307692,9744,1974,0,0.02,0.000732421875,0.02,4.0,6.0,9.640233829826638,-106.78578078174483,M1,9.529580598498143,,4.0,0.0,-1.1478272548341772,,0.3144317729549722
ising,small,I,epsilon,33,0.5692307692307692,9744,1974,0,0.02,0.000732421875,0.02,4.0,6.0,9.640233829826638,-106.78578078174483,M2,9.563108279022607,-107.12554990604814,4.0,0.0,-0.8000381750638219,0.31817824603235234,0.30403652484768184
ising,small,I,epsilon,33,0.5692307692307692,9744,1974,0,0.02,0.000732421875,0.02,4.0,6.0,9.640233829826638,-106.78578078174483,free,9.32178027403076,,3.9945588908322476,-0.13602772919381056,-3.303379994897959,,0.30465451457439946
ising,small,I,epsilon,34,0.5743589743589743,9744,1974,0,0.02,0.000732421875,0.02,4.0,6.0,9.41207069921708,-102.8065821841979,M1,9.304477869218548,,4.0,0.0,-1.1431366533135146,,0.3141714582596489
ising,small,I,epsilon,34,0.5743589743589743,9744,1974,0,0.02,0.000732421875,0.02,4.0,6.0,9.41207069921708,-102.8065821841979,M2,9.336774751843024,-103.19298135978862,4.0,0.0,-0.7999934316294532,0.3758506190765232,0.30404898356084603
ising,small,I,epsilon,34,0.5743589743589743,9744,1974,0,0.02,0.000732421875,0.02,4.0,6.0,9.41207069921708,-102.8065821841979,free,9.10428807622234,,3.9946321448315674,-0.13419637921081584,-3.270084053027167,,0.304651891572454
ising,small,I,epsilon,35,0.5794871794871795,9744,1974,0,0.02,0.000732421875,0.02,4.0,6.0,9.186640061189667,-98.92719711951247,M1,9.082055213833138,,4.0,0.0,-1.1384450316973105,,0.3139145427208187
ising,small,I,epsilon,35,0.5794871794871795,9744,1974,0,0.02,0.000732421875,0.02,4.0,6.0,9.186640061189667,-98.92719711951247,M2,9.113151591160273,-99.35720184474506,4.0,0.0,-0.7999493780088018,0.4346678544961735,0.3040614495864101
ising,small,I,epsilon,35,0.5794871794871795,9744,1974,0,0.02,0.000732421875,0.02,4.0,6.0,9.186640061189667,-98.92719711951247,free,8.88928987887774,,3.99470542012567,-0.13236449685825047,-3.2367675268799023,,0.3046494545499438
ising,small,I,epsilon,36,0.5846153846153846,9744,1974,0,0.02,0.000732421875,0.02,4.0,6.0,8.963941915744412,-95.14636112488127,M1,8.862313010084378,,4.0,0.0,-1.1337523894653034,,0.31366103766835485
ising,small,I,epsilon,36,0.5846153846153846,9744,1974,0,0.02,0.000732421875,0.02,4.0,6.0,8.963941915744412,-95.14636112488127,M2,8.89223880519155,-95.61703067685052,4.0,0.0,-0.7999060148629722,0.4946795089215028,0.30407392293646296
ising,small,I,epsilon,36,0.5846153846153846,9744,1974,0,0.02,0.000732421875,0.02,4.0,6.0,8.963941915744412,-95.14636112488127,free,8.676788275639153,,3.9947787167289106,-0.13053208177723485,-3.203430397076734,,0.30464720375061144
ising,small,I,epsilon,37,0.5897435897435898,9744,1974,0,0.02,0.000732421875,0.02,4.0,6.0,8.743976262881302,-91.46280973749676,M1,8.645251635878049,,4.0,0.0,-1.1290587260894713,,0.31341095435937555
ising,small,I,epsilon,37,0.5897435897435898,9744,1974,0,0.02,0.000732421875,0.02,4.0,6.0,8.743976262881302,-91.46280973749676,M2,8.674036402059334,-91.97128634762855,4.0,0.0,-0.7998633427090507,0.5559381037944844,0.3040864036133173
ising,small,I,epsilon,37,0.5897435897435898,9744,1974,0,0.02,0.000732421875,0.02,4.0,6.0,8.743976262881302,-91.46280973749676,free,8.466785863302853,,3.994852034654115,-0.12869913364712549,-3.1700726448119387,,0.3046451394110181
ising,small,I,epsilon,38,0.5948717948717949,9744,1974,0,0.02,0.000732421875,0.02,4.0,6.0,8.526743102600346,-87.87527849455152,M1,8.43087146928043,,4.0,0.0,-1.124364041068382,,0.3131643039647349
ising,small,I,epsilon,38,0.5948717948717949,9744,1974,0,0.02,0.000732421875,0.02,4.0,6.0,8.526743102600346,-87.87527849455152,M2,8.458544389760004,-88.41878643282999,4.0,0.0,-0.7998213622683714,0.618499249834148,0.30409889161553805
ising,small,I,epsilon,38,0.5948717948717949,9744,1974,0,0.02,0.000732421875,0.02,4.0,6.0,8.526743102600346,-87.87527849455152,free,8.259285241947033,,3.994925373916141,-0.12686565209647505,-3.1366942504899353,,0.3046432617607513
ising,small,I,epsilon,39,0.6,9744,1974,0,0.02,0.000732421875,0.02,4.0,6.0,8.312242434901542,-84.38250293323816,M1,8.219172888521976,,4.0,0.0,-1.119668333887669,,0.3129210976214031
ising,small,I,epsilon,39,0.6,9744,1974,0,0.02,0.000732421875,0.02,4.0,6.0,8.312242434901542,-84.38250293323816,M2,8.245762776202762,-84.95834770513986,4.0,0.0,-0.7997800740224381,0.6824220091661726,0.3041113869701007
ising,small,I,epsilon,39,0.6,9744,1974,0,0.02,0.000732421875,0.02,4.0,6.0,8.312242434901542,-84.38250293323816,free,8.054288882997614,,3.9949987304852437,-0.1250317378689081,-3.1032967809123235,,0.304641571060712
ising,small,I,sigma,-1,0.5,9744,1974,0,0.02,0.000732421875,0.02,2.0,4.0,0.2056167583560283,,M1,0.20572728815774144,,2.0,0.0,0.053755249619169554,,0.017787709449834547
ising,small,I,sigma,-1,0.5,9744,1974,0,0.02,0.000732421875,0.02,2.0,4.0,0.2056167583560283,,M2,0.2057022097390275,0.10385504474911521,2.0,0.0,0.041558569292887704,,0.01697420186026175
ising,small,I,sigma,-1,0.5,9744,1974,0,0.02,0.000732421875,0.02,2.0,4.0,0.2056167583560283,,free,0.2058569816273316,,2.0001485675269826,0.007428376349127852,0.11683058969704785,,0.0170921484702872
ising,small,I,sigma,0,0.4,9744,1974,0,0.02,0.000732421875,0.02,2.0,4.0,0.29608813203268075,,M1,0.29624026541829657,,2.0,0.0,0.05138111567370984,,0.017149078650544252
ising,small,I,sigma,0,0.4,9744,1974,0,0.02,0.000732421875,0.02,2.0,4.0,0.29608813203268075,,M2,0.2962102779501743,0.124184458329558,2.0,0.0,0.04125322979176005,,0.016570776938683245
ising,small,I,sigma,0,0.4,9744,1974,0,0.02,0.000732421875,0.02,2.0,4.0,0.29608813203268075,,free,0.29639514279344203,,2.00012321534304,0.006160767152008084,0.10368897890422613,,0.01665541994589569
ising,small,I,sigma,1,0.40512820512820513,9744,1974,0,0.02,0.000732421875,0.02,2.0,4.0,0.2910484260816533,,M1,0.29119822309736204,,2.0,0.0,0.051468072762128614,,0.01717708271743637
ising,small,I,sigma,1,0.40512820512820513,9744,1974,0,0.02,0.000732421875,0.02,2.0,4.0,0.2910484260816533,,M2,0.29116853851961105,0.12293012513493684,2.0,0.0,0.041268884211054235,,0.016591456106633862
ising,small,I,sigma,1,0.40512820512820513,9744,1974,0,0.02,0.000732421875,0.02,2.0,4.0,0.2910484260816533,,free,0.291351551583564,,2.000124094982177,0.0062047491088401685,0.10414950734887185,,0.01667708538919081
ising,small,I,sigma,2,0.41025641025641024,9744,1974,0,0.02,0.000732421875,0.02,2.0,4.0,0.2860519794091755,,M1,0.2861994643525184,,2.0,0.0,0.051558791394334946,,0.017205550175923713
ising,small,I,sigma,2,0.41025641025641024,9744,1974,0,0.02,0.000732421875,0.02,2.0,4.0,0.2860519794091755,,M2,0.28617007465031225,0.12170898303446254,2.0,0.0,0.04128453904799212,,0.016612136427033013
ising,small,I,sigma,2,0.41025641025641024,9744,1974,0,0.02,0.000732421875,0.02,2.0,4.0,0.2860519794091755,,free,0.2863512844764652,,2.0001250200797704,0.006251003988522186,0.10463310476225285,,0.016698822207484035
ising,small,I,sigma,3,0.4153846153846154,9744,1974,0,0.02,0.000732421875,0.02,2.0,4.0,0.2810987920152471,,M1,0.28124398873759326,,2.0,0.0,0.05165327154386112,,0.01723448804115275
ising,small,I,sigma,3,0.4153846153846154,9744,1974,0,0.02,0.000732421875,0.02,2.0,4.0,0.2810987920152471,,M2,0.2812148863625804,0.12051910025683972,2.0,0.0,0.04130019431993759,,0.016632817873049103
ising,small,I,sigma,3,0.4153846153846154,9744,1974,0,0.02,0.000732421875,0.02,2.0,4.0,0.2810987920152471,,free,0.28139433864205055,,2.0001259906352824,0.006299531764120125,0.10513977121160423,,0.016720631432793467
ising,small,I,sigma,4,0.4205128205128205,9744,1974,0,0.02,0.000732421875,0.02,2.0,4.0,0.2761888638998685,,M1,0.2763317958161806,,2.0,0.0,0.05175151318335125,,0.017263903715302942
ising,small,I,sigma,4,0.4205128205128205,9744,1974,0,0.02,0.000732421875,0.02,2.0,4.0,0.2761888638998685,,M2,0.27630297367664647,0.11935858577170218,2.0,0.0,0.04131585001896365,,0.016653500420546773
ising,small,I,sigma,4,0.4205128205128205,9744,1974,0,0.02,0.000732421875,0.02,2.0,4.0,0.2761888638998685,,free,0.2764807113101213,,2.000127006648166,0.0063503324083002965,0.10566950677584064,,0.016742514169662798
ising,small,I,sigma,5,0.4256410256410256,9744,1974,0,0.02,0.000732421875,0.02,2.0,4.0,0.27132219506303945,,M1,0.27146288516165784,,2.0,0.0,0.05185351629111157,,0.017293804974041416
ising,small,I,sigma,5,0.4256410256410256,9744,1974,0,0.02,0.000732421875,0.02,2.0,4.0,0.27132219506303945,,M2,0.2714343366128194,0.11822558874049267,2.0,0.0,0.041331506165165344,,0.016674184044994635
ising,small,I,sigma,5,0.4256410256410256,9744,1974,0,0.02,0.000732421875,0.02,2.0,4.0,0.27132219506303945,,free,0.2716103997707893,,2.000128068118216,0.0064034059108042385,0.10622231169952201,,0.016764471588562715
ising,small,I,sigma,6,0.4307692307692308,9744,1974,0,0.02,0.000732421875,0.02,2.0,4.0,0.26649878550475997,,M1,0.2666372563571792,,2.0,0.0,0.051959280848867806,,0.017324199963624578
ising,small,I,sigma,6,0.4307692307692308,9744,1974,0,0.02,0.000732421875,0.02,2.0,4.0,0.26649878550475997,,M2,0.26660897519136256,0.11711829900242632,2.0,0.0,0.04134716276245065,,0.016694868719050637
ising,small,I,sigma,6,0.4307692307692308,9744,1974,0,0.02,0.000732421875,0.02,2.0,4.0,0.26649878550475997,,free,0.26678340137390194,,2.000129175045099,0.006458752254956401,0.10679818619168113,,0.01678650492518966
ising,small,I,sigma,7,0.4358974358974359,9744,1974,0,0.02,0.000732421875,0.02,2.0,4.0,0.2617186352250301,,M1,0.26185490899565783,,2.0,0.0,0.052068806835459114,,0.017355097201092417
ising,small,I,sigma,7,0.4358974358974359,9744,1974,0,0.02,0.000732421875,0.02,2.0,4.0,0.2617186352250301,,M2,0.2618268894325039,0.11603494695564584,2.0,0.0,0.0413628198010052,,0.016715554419511083
ising,small,I,sigma,7,0.4358974358974359,9744,1974,0,0.02,0.000732421875,0.02,2.0,4.0,0.2617186352250301,,free,0.2619997135286548,,2.0001303274280104,0.006516371400522303,0.10739713027430042,,0.01680861548712031
ising,small,I,sigma,8,0.441025641025641,9744,1974,0,0.02,0.000732421875,0.02,2.0,4.0,0.2569817442238498,,M1,0.25711584267979504,,2.0,0.0,0.052182094237962495,,0.017386505558999565
ising,small,I,sigma,8,0.441025641025641,9744,1974,0,0.02,0.000732421875,0.02,2.0,4.0,0.2569817442238498,,M2,0.25708807935652955,0.11497380329300498,2.0,0.0,0.04137847729259736,,0.016736241120214403
ising,small,I,sigma,8,0.441025641025641,9744,1974,0,0.02,0.000732421875,0.02,2.0,4.0,0.2569817442238498,,free,0.2572593337052198,,2.000131525267101,0.006576263355051459,0.10801914439813043,,0.016830804644035774
ising,small,I,sigma,9,0.4461538461538462,9744,1974,0,0.02,0.000732421875,0.02,2.0,4.0,0.25228811250121913,,M1,0.25242005702206505,,2.0,0.0,0.052299143046341534,,0.017418434266092152
ising,small,I,sigma,9,0.4461538461538462,9744,1974,0,0.02,0.000732421875,0.02,2.0,4.0,0.25228811250121913,,M2,0.252392544983682,0.11393317936034295,2.0,0.0,0.041394135231942464,,0.016756928794729162
ising,small,I,sigma,9,0.4461538461538462,9744,1974,0,0.02,0.000732421875,0.02,2.0,4.0,0.25228811250121913,,free,0.25256225943326177,,2.000132768562197,0.006638428109839722,0.10866422889477256,,0.016853073832108028
ising,small,I,sigma,10,0.4512820512820513,9744,1974,0,0.02,0.000732421875,0.02,2.0,4.0,0.247637740057138,,M1,0.24776755164470365,,2.0,0.0,0.052419953249316364,,0.017450892902190755
ising,small,I,sigma,10,0.4512820512820513,9744,1974,0,0.02,0.000732421875,0.02,2.0,4.0,0.247637740057138,,M2,0.24774028633421638,0.11291142687475131,2.0,0.0,0.04140979361817454,,0.01677761742029375
ising,small,I,sigma,10,0.4512820512820513,9744,1974,0,0.02,0.000732421875,0.02,2.0,4.0,0.247637740057138,,free,0.24790848830167214,,2.0001340573125277,0.006702865626384558,0.10933238385701927,,0.016875424556319737
ising,small,I,sigma,11,0.4564102564102564,9744,1974,0,0.02,0.000732421875,0.02,2.0,4.0,0.2430306268916065,,M1,0.2431583261797367,,2.0,0.0,0.052544524845887786,,0.017483891382842384
ising,small,I,sigma,11,0.4564102564102564,9744,1974,0,0.02,0.000732421875,0.02,2.0,4.0,0.2430306268916065,,M2,0.24313130342838507,0.11190693810830395,2.0,0.0,0.04142545244860685,,0.016798306965983945
ising,small,I,sigma,11,0.4564102564102564,9744,1974,0,0.02,0.000732421875,0.02,2.0,4.0,0.2430306268916065,,free,0.24329801796068803,,2.000135391518701,0.006769575935039462,0.1100236099875529,,0.016897858378421848
ising,small,I,sigma,12,0.46153846153846156,9744,1974,0,0.02,0.000732421875,0.02,2.0,4.0,0.23846677300462452,,M1,0.23859238026892185,,2.0,0.0,0.052672857821955965,,0.01751743997067354
ising,small,I,sigma,12,0.46153846153846156,9744,1974,0,0.02,0.000732421875,0.02,2.0,4.0,0.23846677300462452,,M2,0.23856559628644114,0.11091814563041895,2.0,0.0,0.041441111720286194,,0.016818997414069455
ising,small,I,sigma,12,0.46153846153846156,9744,1974,0,0.02,0.000732421875,0.02,2.0,4.0,0.23846677300462452,,free,0.23873084611887502,,2.00013677117991,0.006838558995503341,0.11073790739197786,,0.016920376937582637
ising,small,I,sigma,13,0.4666666666666667,9744,1974,0,0.02,0.000732421875,0.02,2.0,4.0,0.2339461783961922,,M1,0.23406971356383105,,2.0,0.0,0.05280495218418224,,0.017551549249612598
ising,small,I,sigma,13,0.4666666666666667,9744,1974,0,0.02,0.000732421875,0.02,2.0,4.0,0.2339461783961922,,M2,0.23404316492861224,0.10994352276060093,2.0,0.0,0.04145677141851323,,0.01683968873408621
ising,small,I,sigma,13,0.4666666666666667,9744,1974,0,0.02,0.000732421875,0.02,2.0,4.0,0.2339461783961922,,free,0.2342069705458235,,2.0001381962964335,0.006909814821676186,0.1114752766722571,,0.0169429819247932
ising,small,I,sigma,14,0.4717948717948718,9744,1974,0,0.02,0.000732421875,0.02,2.0,4.0,0.22946884306630946,,M1,0.22959032572577906,,2.0,0.0,0.05294080793116773,,0.017586230131167082
ising,small,I,sigma,14,0.4717948717948718,9744,1974,0,0.02,0.000732421875,0.02,2.0,4.0,0.22946884306630946,,M2,0.2295640093751598,0.10898158302465596,2.0,0.0,0.04147243154175584,,0.01686038090291268
ising,small,I,sigma,14,0.4717948717948718,9744,1974,0,0.02,0.000732421875,0.02,2.0,4.0,0.22946884306630946,,free,0.22972638907052634,,2.0001396668681495,0.006983343407473974,0.11223571826806111,,0.016965675100888852
ising,small,I,sigma,15,0.47692307692307695,9744,1974,0,0.02,0.000732421875,0.02,2.0,4.0,0.2250347670149762,,M1,0.22515421642585498,,2.0,0.0,0.053080425066420744,,0.017621493842459993
ising,small,I,sigma,15,0.47692307692307695,9744,1974,0,0.02,0.000732421875,0.02,2.0,4.0,0.2250347670149762,,M2,0.22512812964632964,0.10803088048994161,2.0,0.0,0.04148809208099902,,0.016881073894950114
ising,small,I,sigma,15,0.47692307692307695,9744,1974,0,0.02,0.000732421875,0.02,2.0,4.0,0.2250347670149762,,free,0.2252890995817534,,2.000141182894858,0.007059144742904699,0.11301923260607083,,0.01698845828755175
ising,small,I,sigma,16,0.48205128205128206,9744,1974,0,0.02,0.000732421875,0.02,2.0,4.0,0.2206439502421927,,M1,0.220761385344925,,2.0,0.0,0.05322380360006651,,0.01765735192008942
ising,small,I,sigma,16,0.48205128205128206,9744,1974,0,0.02,0.000732421875,0.02,2.0,4.0,0.2206439502421927,,M2,0.2207355257623591,0.10709000974956387,2.0,0.0,0.041503753021965295,,0.016901767682804686
ising,small,I,sigma,16,0.48205128205128206,9744,1974,0,0.02,0.000732421875,0.02,2.0,4.0,0.2206439502421927,,free,0.22089510002879686,,2.0001427443770665,0.007137218853325855,0.11382582043537592,,0.017011333367160295
ising,small,I,sigma,17,0.48717948717948717,9744,1974,0,0.02,0.000732421875,0.02,2.0,4.0,0.2162963927479587,,M1,0.21641183217360635,,2.0,0.0,0.05337094353772276,,0.017693816208277584
ising,small,I,sigma,17,0.48717948717948717,9744,1974,0,0.02,0.000732421875,0.02,2.0,4.0,0.2162963927479587,,M2,0.21638619774348555,0.10615760577580566,2.0,0.0,0.04151941434895612,,0.016922462244524192
ising,small,I,sigma,17,0.48717948717948717,9744,1974,0,0.02,0.000732421875,0.02,2.0,4.0,0.2162963927479587,,free,0.21654438842015017,,2.000144351314652,0.00721756573260901,0.11465548224858235,,0.017034302289426945
ising,small,I,sigma,18,0.49230769230769234,9744,1974,0,0.02,0.000732421875,0.02,2.0,4.0,0.21199209453227436,,M1,0.2121055566122966,,2.0,0.0,0.053521844893600345,,0.017730898841025303
ising,small,I,sigma,18,0.49230769230769234,9744,1974,0,0.02,0.000732421875,0.02,2.0,4.0,0.21199209453227436,,M2,0.21208014560997995,0.1052323439056712,2.0,0.0,0.04153507606019513,,0.01694315755267061
ising,small,I,sigma,18,0.49230769230769234,9744,1974,0,0.02,0.000732421875,0.02,2.0,4.0,0.21199209453227436,,free,0.21223696282433802,,2.000146003707688,0.0073001853843956965,0.11550821864556582,,0.017057367058984342
ising,small,I,sigma,19,0.49743589743589745,9744,1974,0,0.02,0.000732421875,0.02,2.0,4.0,0.2077310555951396,,M1,0.207842558371151,,2.0,0.0,0.05367650768055565,,0.017768612247729014
ising,small,I,sigma,19,0.49743589743589745,9744,1974,0,0.02,0.000732421875,0.02,2.0,4.0,0.2077310555951396,,M2,0.20781736938206347,0.10431294009074506,2.0,0.0,0.04155073812943666,,0.016963853583897702
ising,small,I,sigma,19,0.49743589743589745,9744,1974,0,0.02,0.000732421875,0.02,2.0,4.0,0.2077310555951396,,free,0.20797282137002557,,2.0001477015566143,0.0073850778307127385,0.11638403039608836,,0.01708052974676766
ising,small,I,sigma,20,0.5025641025641026,9744,1974,0,0.02,0.000732421875,0.02,2.0,4.0,0.2035132759365544,,M1,0.20362283717010243,,2.0,0.0,0.05383493191970512,,0.017806969133587165
ising,small,I,sigma,20,0.5025641025641026,9744,1974,0,0.02,0.000732421875,0.02,2.0,4.0,0.2035132759365544,,M2,0.20359786907998761,0.10339815064719664,2.0,0.0,0.04156640054262528,,0.016984550309772188
ising,small,I,sigma,20,0.5025641025641026,9744,1974,0,0.02,0.000732421875,0.02,2.0,4.0,0.2035132759365544,,free,0.2037519622450105,,2.000149444861087,0.007472243054351679,0.11728291796084811,,0.017103792477968775
ising,small,I,sigma,21,0.5076923076923077,9744,1974,0,0.02,0.000732421875,0.02,2.0,4.0,0.1993387555565188,,M1,0.19944639273883358,,2.0,0.0,0.05399711762736903,,0.017845982483229536
ising,small,I,sigma,21,0.5076923076923077,9744,1974,0,0.02,0.000732421875,0.02,2.0,4.0,0.1993387555565188,,M2,0.19942164472400464,0.10248677226553136,2.0,0.0,0.04158206328439551,,0.01700524770836153
ising,small,I,sigma,21,0.5076923076923077,9744,1974,0,0.02,0.000732421875,0.02,2.0,4.0,0.1993387555565188,,free,0.19957438369787936,,2.000151233621887,0.007561681094347961,0.11820488228830861,,0.017127157444306502
ising,small,I,sigma,22,0.5128205128205128,9744,1974,0,0.02,0.000732421875,0.02,2.0,4.0,0.19520749445503283,,M1,0.19531322481680255,,2.0,0.0,0.05416306482746158,,0.01788566554567186
ising,small,I,sigma,22,0.5128205128205128,9744,1974,0,0.02,0.000732421875,0.02,2.0,4.0,0.19520749445503283,,M2,0.1952886963343512,0.10157764218193843,2.0,0.0,0.041597726329656304,,0.01702594575363219
ising,small,I,sigma,22,0.5128205128205128,9744,1974,0,0.02,0.000732421875,0.02,2.0,4.0,0.19520749445503283,,free,0.1954400840365065,,2.0001530678391966,0.007653391959827616,0.11914992409640668,,0.017150626892798313
ising,small,I,sigma,23,0.517948717948718,9744,1974,0,0.02,0.000732421875,0.02,2.0,4.0,0.19111949263209635,,M1,0.19122333315323412,,2.0,0.0,0.054332773547938196,,0.01792603182645174
ising,small,I,sigma,23,0.517948717948718,9744,1974,0,0.02,0.000732421875,0.02,2.0,4.0,0.19111949263209635,,M2,0.19119902393127636,0.10066963802789058,2.0,0.0,0.04161338965726902,,0.01704664441767935
ising,small,I,sigma,23,0.517948717948718,9744,1974,0,0.02,0.000732421875,0.02,2.0,4.0,0.19111949263209635,,free,0.19134906162891133,,2.000154947513603,0.007747375680144941,0.12011804429437056,,0.017174203127346303
ising,small,I,sigma,24,0.5230769230769231,9744,1974,0,0.02,0.000732421875,0.02,2.0,4.0,0.18707475008770952,,M1,0.1871767175071013,,2.0,0.0,0.05450624381109215,,0.017967095087116722
ising,small,I,sigma,24,0.5230769230769231,9744,1974,0,0.02,0.000732421875,0.02,2.0,4.0,0.18707475008770952,,M2,0.18715262753504128,0.09976167775343746,2.0,0.0,0.04162905325024724,,0.017067343679967498
ising,small,I,sigma,24,0.5230769230769231,9744,1974,0,0.02,0.000732421875,0.02,2.0,4.0,0.18707475008770952,,free,0.1873013149022979,,2.000156872644956,0.00784363224779483,0.12110924348804897,,0.017197888516647143
ising,small,I,sigma,25,0.5282051282051282,9744,1974,0,0.02,0.000732421875,0.02,2.0,4.0,0.18307326682187228,,M1,0.18317337764715608,,2.0,0.0,0.05468347564978604,,0.018008869328492886
ising,small,I,sigma,25,0.5282051282051282,9744,1974,0,0.02,0.000732421875,0.02,2.0,4.0,0.18307326682187228,,M2,0.1831495071658918,0.09885271986907446,2.0,0.0,0.04164471708132389,,0.017088043513880883
ising,small,I,sigma,25,0.5282051282051282,9744,1974,0,0.02,0.000732421875,0.02,2.0,4.0,0.18307326682187228,,free,0.18329684234438937,,2.0001588432339634,0.00794216169817119,0.12212352267391147,,0.01722168548165687
ising,small,I,sigma,26,0.5333333333333333,9744,1974,0,0.02,0.000732421875,0.02,2.0,4.0,0.17911504283458465,,M1,0.17921331335191532,,2.0,0.0,0.054864469100679436,,0.01805136878515338
ising,small,I,sigma,26,0.5333333333333333,9744,1974,0,0.02,0.000732421875,0.02,2.0,4.0,0.17911504283458465,,M2,0.17918966284407983,0.09794176329904193,2.0,0.0,0.04166038112392023,,0.017108743891943744
ising,small,I,sigma,26,0.5333333333333333,9744,1974,0,0.02,0.000732421875,0.02,2.0,4.0,0.17911504283458465,,free,0.17933564250236256,,2.0001608592809053,0.008042964045262835,0.12316088268566894,,0.017245596499702597
ising,small,I,sigma,27,0.5384615384615384,9744,1974,0,0.02,0.000732421875,0.02,2.0,4.0,0.17520007812584662,,M1,0.17529652440964485,,2.0,0.0,0.055049224195524715,,0.018094607921663453
ising,small,I,sigma,27,0.5384615384615384,9744,1974,0,0.02,0.000732421875,0.02,2.0,4.0,0.17520007812584662,,M2,0.1752730945898676,0.09702784729720121,2.0,0.0,0.04167604535456615,,0.017129444792338258
ising,small,I,sigma,27,0.5384615384615384,9744,1974,0,0.02,0.000732421875,0.02,2.0,4.0,0.17520007812584662,,free,0.17541771398365286,,2.000162920786686,0.008146039334300248,0.12422132463314473,,0.017269624109585012
ising,small,I,sigma,28,0.5435897435897435,9744,1974,0,0.02,0.000732421875,0.02,2.0,4.0,0.17132837269565818,,M1,0.17142301061839343,,2.0,0.0,0.0552377409802185,,0.018138601416747457
ising,small,I,sigma,28,0.5435897435897435,9744,1974,0,0.02,0.000732421875,0.02,2.0,4.0,0.17132837269565818,,M2,0.1713998024234849,0.09611005176475815,2.0,0.0,0.04169170972843084,,0.017150146184665954
ising,small,I,sigma,28,0.5435897435897435,9744,1974,0,0.02,0.000732421875,0.02,2.0,4.0,0.17132837269565818,,free,0.17154305545541532,,2.0001650277521197,0.008251387605984206,0.1253048496167697,,0.017293770898980577
ising,small,I,sigma,29,0.5487179487179488,9744,1974,0,0.02,0.000732421875,0.02,2.0,4.0,0.16749992654401924,,M1,0.16759277178594204,,2.0,0.0,0.05543001948624671,,0.018183364160116882
ising,small,I,sigma,29,0.5487179487179488,9744,1974,0,0.02,0.000732421875,0.02,2.0,4.0,0.16749992654401924,,M2,0.1675697863652398,0.09518749658176928,2.0,0.0,0.041707374243071804,,0.017170848049420356
ising,small,I,sigma,29,0.5487179487179488,9744,1974,0,0.02,0.000732421875,0.02,2.0,4.0,0.16749992654401924,,free,0.16771166564380405,,2.0001671801769714,0.00835900884856855,0.126411458293485,,0.017318039519033827
ising,small,I,sigma,30,0.5538461538461539,9744,1974,0,0.02,0.000732421875,0.02,2.0,4.0,0.16371473967092998,,M1,0.16380580772986406,,2.0,0.0,0.05562605976536794,,0.01822891124427348
ising,small,I,sigma,30,0.5538461538461539,9744,1974,0,0.02,0.000732421875,0.02,2.0,4.0,0.16371473967092998,,M2,0.16378304643534852,0.09425934256175338,2.0,0.0,0.04172303883929196,,0.01719155035849059
ising,small,I,sigma,30,0.5538461538461539,9744,1974,0,0.02,0.000732421875,0.02,2.0,4.0,0.16371473967092998,,free,0.16392354333585865,,2.000169378062464,0.008468903123204363,0.12754115197468607,,0.01734243267071588
ising,small,I,sigma,31,0.558974358974359,9744,1974,0,0.02,0.000732421875,0.02,2.0,4.0,0.1599728120763903,,M1,0.160062118277475,,2.0,0.0,0.055825861860858694,,0.018275257947895335
ising,small,I,sigma,31,0.558974358974359,9744,1974,0,0.02,0.000732421875,0.02,2.0,4.0,0.1599728120763903,,M2,0.16003958265411575,0.09332479049493256,2.0,0.0,0.04173870350767661,,0.017212253087320405
ising,small,I,sigma,31,0.558974358974359,9744,1974,0,0.02,0.000732421875,0.02,2.0,4.0,0.1599728120763903,,free,0.16017868737782284,,2.0001716214090477,0.008581070452384765,0.12869393165022558,,0.01736695310957651
ising,small,I,sigma,32,0.5641025641025641,9744,1974,0,0.02,0.000732421875,0.02,2.0,4.0,0.15627414376040022,,M1,0.1563617032658588,,2.0,0.0,0.05602942582287884,,0.018322419739188103
ising,small,I,sigma,32,0.5641025641025641,9744,1974,0,0.02,0.000732421875,0.02,2.0,4.0,0.15627414376040022,,M2,0.15633939504177682,0.09238308191354373,2.0,0.0,0.04175436819326972,,0.017232956211047354
ising,small,I,sigma,32,0.5641025641025641,9744,1974,0,0.02,0.000732421875,0.02,2.0,4.0,0.15627414376040022,,free,0.15647709667588205,,2.000173910217374,0.008695510868705902,0.12986979841846935,,0.017391603647472702
ising,small,I,sigma,33,0.5692307692307692,9744,1974,0,0.02,0.000732421875,0.02,2.0,4.0,0.1526187347229597,,M1,0.15270456254185802,,2.0,0.0,0.05623675170294273,,0.01837041225491707
ising,small,I,sigma,33,0.5692307692307692,9744,1974,0,0.02,0.000732421875,0.02,2.0,4.0,0.1526187347229597,,M2,0.15268248361862966,0.09143349850139086,2.0,0.0,0.04177003287682002,,0.01725365970530494
ising,small,I,sigma,33,0.5692307692307692,9744,1974,0,0.02,0.000732421875,0.02,2.0,4.0,0.1526187347229597,,free,0.15281877019650594,,2.000176244488864,0.008812224443199845,0.1310687537210642,,0.017416387147342883
ising,small,I,sigma,34,0.5743589743589743,9744,1974,0,0.02,0.000732421875,0.02,2.0,4.0,0.14900658496406882,,M1,0.14909069596207658,,2.0,0.0,0.05644783955558452,,0.01841925129923778
ising,small,I,sigma,34,0.5743589743589743,9744,1974,0,0.02,0.000732421875,0.02,2.0,4.0,0.14900658496406882,,M2,0.14906884840492082,0.09047536257984246,2.0,0.0,0.041785697502572106,,0.01727436354310982
ising,small,I,sigma,34,0.5743589743589743,9744,1974,0,0.02,0.000732421875,0.02,2.0,4.0,0.14900658496406882,,free,0.14920370696495447,,2.0001786242234325,0.008931211171625542,0.13229079837859814,,0.01744130652457211
ising,small,I,sigma,35,0.5794871794871795,9744,1974,0,0.02,0.000732421875,0.02,2.0,4.0,0.14543769448372743,,M1,0.14552010339287932,,2.0,0.0,0.05666268943855801,,0.01846895283010318
ising,small,I,sigma,35,0.5794871794871795,9744,1974,0,0.02,0.000732421875,0.02,2.0,4.0,0.14543769448372743,,M2,0.1454984894209569,0.08950803664376329,2.0,0.0,0.04180136205078622,,0.01729506770173466
ising,small,I,sigma,35,0.5794871794871795,9744,1974,0,0.02,0.000732421875,0.02,2.0,4.0,0.14543769448372743,,free,0.14563190606748133,,2.0001810494228662,0.009052471143311536,0.1335359340254305,,0.01746636474815307
ising,small,I,sigma,36,0.5846153846153846,9744,1974,0,0.02,0.000732421875,0.02,2.0,4.0,0.14191206328193573,,M1,0.14199278471039029,,2.0,0.0,0.056881301411415564,,0.018519532952365955
ising,small,I,sigma,36,0.5846153846153846,9744,1974,0,0.02,0.000732421875,0.02,2.0,4.0,0.14191206328193573,,M2,0.14197140668700392,0.08853092377033932,2.0,0.0,0.04181702647103602,,0.017315772154922048
ising,small,I,sigma,36,0.5846153846153846,9744,1974,0,0.02,0.000732421875,0.02,2.0,4.0,0.14191206328193573,,free,0.1421033666489249,,2.0001835200870617,0.009176004353084188,0.1348041615102824,,0.01749156483690207
ising,small,I,sigma,37,0.5897435897435898,9744,1974,0,0.02,0.000732421875,0.02,2.0,4.0,0.1384296913586936,,M1,0.13850873980049697,,2.0,0.0,0.05710367553919404,,0.018571007906146922
ising,small,I,sigma,37,0.5897435897435898,9744,1974,0,0.02,0.000732421875,0.02,2.0,4.0,0.1384296913586936,,M2,0.13848760022334045,0.08754346741761428,2.0,0.0,0.04183269071720286,,0.017336476875504388
ising,small,I,sigma,37,0.5897435897435898,9744,1974,0,0.02,0.000732421875,0.02,2.0,4.0,0.1384296913586936,,free,0.13861808791510136,,2.0001860362178423,0.009301810892115014,0.136095482521581,,0.017516909859465694
ising,small,I,sigma,38,0.5948717948717949,9744,1974,0,0.02,0.000732421875,0.02,2.0,4.0,0.13499057871400105,,M1,0.1350679685588404,,2.0,0.0,0.05732981188510955,,0.018623394061843313
ising,small,I,sigma,38,0.5948717948717949,9744,1974,0,0.02,0.000732421875,0.02,2.0,4.0,0.13499057871400105,,M2,0.13504707005025923,0.08654515137676287,2.0,0.0,0.041848354749163263,,0.017357181841789478
ising,small,I,sigma,38,0.5948717948717949,9744,1974,0,0.02,0.000732421875,0.02,2.0,4.0,0.13499057871400105,,free,0.13517606913106242,,2.000188597816183,0.009429890809142805,0.13740989840065332,,0.01754240293911778
ising,small,I,sigma,39,0.6,9744,1974,0,0.02,0.000732421875,0.02,2.0,4.0,0.13159472534785813,,M1,0.13167047089082717,,2.0,0.0,0.057559710519416996,,0.01867670790253143
ising,small,I,sigma,39,0.6,9744,1974,0,0.02,0.000732421875,0.02,2.0,4.0,0.13159472534785813,,M2,0.13164981618805568,0.08553549986884534,2.0,0.0,0.04186401852499522,,0.01737788702629769
ising,small,I,sigma,39,0.6,9744,1974,0,0.02,0.000732421875,0.02,2.0,4.0,0.13159472534785813,,free,0.1317773096213607,,2.0001912048825443,0.009560244127215789,0.13874741029318294,,0.017568047243256
ising,small,epsilon,I,-1,0.5,9744,1974,0,0.02,0.000732421875,0.02,4.0,6.0,12.987878804533656,-366.2435023144016,M1,12.771783011285406,,4.0,0.0,-1.663826684098857,,0.3618666389620995
ising,small,epsilon,I,-1,0.5,9744,1974,0,0.02,0.000732421875,0.02,4.0,6.0,12.987878804533656,-366.2435023144016,M2,12.882921030254122,-355.1012539864154,4.0,0.0,-0.8081209861836469,-3.0423060771249344,0.30268530174191477
ising,small,epsilon,I,-1,0.5,9744,1974,0,0.02,0.000732421875,0.02,4.0,6.0,12.987878804533656,-366.2435023144016,free,12.092741173093062,,3.986517143300191,-0.3370714174952272,-6.89210027990198,,0.30606540269263416
ising,small,epsilon,I,0,0.4,9744,1974,0,0.02,0.000732421875,0.02,4.0,6.0,18.702545478528464,-471.1356413772462,M1,18.4082203253936,,4.0,0.0,-1.57371708291133,,0.351184909720269
ising,small,epsilon,I,0,0.4,9744,1974,0,0.02,0.000732421875,0.02,4.0,6.0,18.702545478528464,-471.1356413772462,M2,18.55173922638984,-458.56262499029566,4.0,0.0,-0.8063407855992466,-2.6686616937314445,0.30291910232662894
ising,small,epsilon,I,0,0.4,9744,1974,0,0.02,0.000732421875,0.02,4.0,6.0,18.702545478528464,-471.1356413772462,free,17.528886874246712,,3.9879202973027175,-0.3019925674320634,-6.27539500240315,,0.30565998719851806
ising,small,epsilon,I,1,0.40512820512820513,9744,1974,0,0.02,0.000732421875,0.02,4.0,6.0,18.384210092707942,-465.9522263564475,M1,18.09404341115464,,4.0,0.0,-1.5783472887333727,,0.35171241789702246
ising,small,epsilon,I,1,0.40512820512820513,9744,1974,0,0.02,0.000732421875,0.02,4.0,6.0,18.384210092707942,-465.9522263564475,M2,18.23595504780224,-453.4271943700211,4.0,0.0,-0.8064259718425837,-2.6880506794370262,0.3029070459231074
ising,small,epsilon,I,1,0.40512820512820513,9744,1974,0,0.02,0.000732421875,0.02,4.0,6.0,18.384210092707942,-465.9522263564475,free,17.22468128814848,,3.987848149250733,-0.30379626873167087,-6.307199486473369,,0.3056792172097368
ising,small,epsilon,I,2,0.41025641025641024,9744,1974,0,0.02,0.000732421875,0.02,4.0,6.0,18.06860719946957,-460.7402818935562,M1,17.78258539416562,,4.0,0.0,-1.5829764970060833,,0.3522421909180165
ising,small,epsilon,I,2,0.41025641025641024,9744,1974,0,0.02,0.000732421875,0.02,4.0,6.0,18.06860719946957,-460.7402818935562,M2,17.92288174641514,-448.2661385888929,4.0,0.0,-0.8065118215570544,-2.7074132206102997,0.3028949967376642
ising,small,epsilon,I,2,0.41025641025641024,9744,1974,0,0.02,0.000732421875,0.02,4.0,6.0,18.06860719946957,-460.7402818935562,free,16.9232409798601,,3.987776021991177,-0.3055994502205728,-6.3389845546207635,,0.30569861737524767
ising,small,epsilon,I,3,0.4153846153846154,9744,1974,0,0.02,0.000732421875,0.02,4.0,6.0,17.755736798813345,-455.5010724513795,M1,17.473845885411556,,4.0,0.0,-1.5876047082463374,,0.35277421609669035
ising,small,epsilon,I,3,0.4153846153846154,9744,1974,0,0.02,0.000732421875,0.02,4.0,6.0,17.755736798813345,-455.5010724513795,M2,17.61251932157117,-443.0806985028515,4.0,0.0,-0.8065983341887906,-2.726749660914096,0.30288295478570026
ising,small,epsilon,I,3,0.4153846153846154,9744,1974,0,0.02,0.000732421875,0.02,4.0,6.0,17.755736798813345,-455.5010724513795,free,16.624563154529127,,3.9877039154769913,-0.3074021130752169,-6.370750237522193,,0.3057181874620196
ising,small,epsilon,I,4,0.4205128205128205,9744,1974,0,0.02,0.000732421875,0.02,4.0,6.0,17.445598890739273,-450.23586249272506,M1,17.167824496057953,,4.0,0.0,-1.5922319229107806,,0.3533084807474799
ising,small,epsilon,I,4,0.4205128205128205,9744,1974,0,0.02,0.000732421875,0.02,4.0,6.0,17.445598890739273,-450.23586249272506,M2,17.30486777251224,-437.8721140694666,4.0,0.0,-0.8066855090984482,-2.7460603326458166,0.30287092003827343
ising,small,epsilon,I,4,0.4205128205128205,9744,1974,0,0.02,0.000732421875,0.02,4.0,6.0,17.445598890739273,-450.23586249272506,free,16.328645021660662,,3.987631829672793,-0.3092042581801735,-6.402496561304805,,0.3057379271989343
ising,small,epsilon,I,5,0.4256410256410256,9744,1974,0,0.02,0.000732421875,0.02,4.0,6.0,17.138193475247355,-444.94591648040034,M1,16.864520837428223,,4.0,0.0,-1.5968581415211403,,0.3538449722556172
ising,small,epsilon,I,5,0.4256410256410256,9744,1974,0,0.02,0.000732421875,0.02,4.0,6.0,17.138193475247355,-444.94591648040034,M2,16.99992709834203,-432.6416242999592,4.0,0.0,-0.8067733457731263,-2.7653455677872585,0.30285889251465575
ising,small,epsilon,I,5,0.4256410256410256,9744,1974,0,0.02,0.000732421875,0.02,4.0,6.0,17.138193475247355,-444.94591648040034,free,16.035483801745528,,3.9875597646585477,-0.3110058835363083,-6.434223508413927,,0.3057578363566962
ising,small,epsilon,I,6,0.4307692307692308,9744,1974,0,0.02,0.000732421875,0.02,4.0,6.0,16.833520552337585,-439.63249887721264,M1,16.563934521021988,,4.0,0.0,-1.6014833645607296,,0.3543836780076919
ising,small,epsilon,I,6,0.4307692307692308,9744,1974,0,0.02,0.000732421875,0.02,4.0,6.0,16.833520552337585,-439.63249887721264,M2,16.697697298066153,-427.3904673292648,4.0,0.0,-0.8068618436003372,-2.784605682976804,0.30284687218384293
ising,small,epsilon,I,6,0.4307692307692308,9744,1974,0,0.02,0.000732421875,0.02,4.0,6.0,16.833520552337585,-439.63249887721264,free,15.745076706804614,,3.9874877203350545,-0.31280699162363756,-6.465931129194624,,0.30577791465985577
ising,small,epsilon,I,7,0.4358974358974359,9744,1974,0,0.02,0.000732421875,0.02,4.0,6.0,16.531580122009967,-434.29687414596947,M1,16.266065158505867,,4.0,0.0,-1.6061075925258628,,0.35492458547103883
ising,small,epsilon,I,7,0.4358974358974359,9744,1974,0,0.02,0.000732421875,0.02,4.0,6.0,16.531580122009967,-434.29687414596947,M2,16.39817837057117,-422.1198803783496,4.0,0.0,-0.8069510019867221,-2.8038409881640414,0.3028348590659181
ising,small,epsilon,I,7,0.4358974358974359,9744,1974,0,0.02,0.000732421875,0.02,4.0,6.0,16.531580122009967,-434.29687414596947,free,15.45742095982705,,3.987415696717664,-0.31460758205840156,-6.497619430539448,,0.30579816188350106
ising,small,epsilon,I,8,0.441025641025641,9744,1974,0,0.02,0.000732421875,0.02,4.0,6.0,16.232372184264495,-428.94030674947817,M1,15.970912361714763,,4.0,0.0,-1.6107308259182718,,0.35546768211322954
ising,small,epsilon,I,8,0.441025641025641,9744,1974,0,0.02,0.000732421875,0.02,4.0,6.0,16.232372184264495,-428.94030674947817,M2,16.101370314613842,-416.83109971578733,4.0,0.0,-0.8070408204270074,-2.8230517960540324,0.3028228531482876
ising,small,epsilon,I,8,0.441025641025641,9744,1974,0,0.02,0.000732421875,0.02,4.0,6.0,16.232372184264495,-428.94030674947817,free,15.172513785353592,,3.9873436937940947,-0.31640765514763247,-6.529288429810154,,0.30581857776723426
ising,small,epsilon,I,9,0.4461538461538462,9744,1974,0,0.02,0.000732421875,0.02,4.0,6.0,15.93589673910118,-423.5640611505463,M1,15.678475742656241,,4.0,0.0,-1.6153530652173287,,0.35601295545776535
ising,small,epsilon,I,9,0.4461538461538462,9744,1974,0,0.02,0.000732421875,0.02,4.0,6.0,15.93589673910118,-423.5640611505463,M2,15.807273128856874,-411.52536075787697,4.0,0.0,-0.8071312982890211,-2.8422383995393874,0.30281085442382877
ising,small,epsilon,I,9,0.4461538461538462,9744,1974,0,0.02,0.000732421875,0.02,4.0,6.0,15.93589673910118,-423.5640611505463,free,14.890352409313298,,3.9872717115190714,-0.3182072120232138,-6.560938156824758,,0.3058391620595851
ising,small,epsilon,I,10,0.4512820512820513,9744,1974,0,0.02,0.000732421875,0.02,4.0,6.0,15.64215378652001,-418.1694018119812,M1,15.388754913500595,,4.0,0.0,-1.6199743109403975,,0.35656039307962606
ising,small,epsilon,I,10,0.4512820512820513,9744,1974,0,0.02,0.000732421875,0.02,4.0,6.0,15.64215378652001,-418.1694018119812,M2,15.515886811836294,-406.20389799630266,4.0,0.0,-0.8072224350110235,-2.8614010886091834,0.30279886290443836
ising,small,epsilon,I,10,0.4512820512820513,9744,1974,0,0.02,0.000732421875,0.02,4.0,6.0,15.64215378652001,-418.1694018119812,free,14.610934068672925,,3.987199749974379,-0.32000625064052546,-6.5925685933081795,,0.3058599145267261
ising,small,epsilon,I,11,0.4564102564102564,9744,1974,0,0.02,0.000732421875,0.02,4.0,6.0,15.351143326520994,-412.7575931965903,M1,15.101749486594343,,4.0,0.0,-1.6245945635579573,,0.3571099825621004
ising,small,epsilon,I,11,0.4564102564102564,9744,1974,0,0.02,0.000732421875,0.02,4.0,6.0,15.351143326520994,-412.7575931965903,M2,15.2272113619559,-400.86794493715325,4.0,0.0,-0.8073142301458835,-2.8805401658048124,0.3027868785886653
ising,small,epsilon,I,11,0.4564102564102564,9744,1974,0,0.02,0.000732421875,0.02,4.0,6.0,15.351143326520994,-412.7575931965903,free,14.334255991958772,,3.9871278090457194,-0.3218047738570151,-6.624179795164986,,0.3058808349174675
ising,small,epsilon,I,12,0.46153846153846156,9744,1974,0,0.02,0.000732421875,0.02,4.0,6.0,15.062865359104121,-407.32989976718096,M1,14.817459074447873,,4.0,0.0,-1.6292138235699083,,0.35766171154432197
ising,small,epsilon,I,12,0.46153846153846156,9744,1974,0,0.02,0.000732421875,0.02,4.0,6.0,15.062865359104121,-407.32989976718096,M2,14.941246777555651,-395.5187343589624,4.0,0.0,-0.8074066829188098,-2.8996558845715836,0.3027749014420605
ising,small,epsilon,I,12,0.46153846153846156,9744,1974,0,0.02,0.000732421875,0.02,4.0,6.0,15.062865359104121,-407.32989976718096,free,14.06031542022756,,3.987055888771829,-0.3236027807042796,-6.655771760388274,,0.30590192296001023
ising,small,epsilon,I,13,0.4666666666666667,9744,1974,0,0.02,0.000732421875,0.02,4.0,6.0,14.777319884269405,-401.8875859865608,M1,14.535883289739672,,4.0,0.0,-1.6338320914792148,,0.35821556772228275
ising,small,epsilon,I,13,0.4666666666666667,9744,1974,0,0.02,0.000732421875,0.02,4.0,6.0,14.777319884269405,-401.8875859865608,M2,14.657993056824935,-390.15749802208677,4.0,0.0,-0.8074997927837613,-2.9187485191110807,0.30276293148193345
ising,small,epsilon,I,13,0.4666666666666667,9744,1974,0,0.02,0.000732421875,0.02,4.0,6.0,14.777319884269405,-401.8875859865608,free,13.789109591839773,,3.986983989087174,-0.32540027282065287,-6.687344526402184,,0.3059231784253064
ising,small,epsilon,I,14,0.4717948717948718,9744,1974,0,0.02,0.000732421875,0.02,4.0,6.0,14.494506902016838,-396.43191631753706,M1,14.257021745318205,,4.0,0.0,-1.6384493677779943,,0.35877153881187424
ising,small,epsilon,I,14,0.4717948717948718,9744,1974,0,0.02,0.000732421875,0.02,4.0,6.0,14.494506902016838,-396.43191631753706,M2,14.377450197825656,-384.7854667364106,4.0,0.0,-0.8075935592875783,-2.9378183495694543,0.3027509687162229
ising,small,epsilon,I,14,0.4717948717948718,9744,1974,0,0.02,0.000732421875,0.02,4.0,6.0,14.494506902016838,-396.43191631753706,free,13.520635755520416,,3.986912110049918,-0.3271972487520536,-6.718898083803815,,0.3059446010705197
ising,small,epsilon,I,15,0.47692307692307695,9744,1974,0,0.02,0.000732421875,0.02,4.0,6.0,14.214426412346414,-390.9641552229172,M1,13.980874054201804,,4.0,0.0,-1.6430656529464405,,0.3593296125633679
ising,small,epsilon,I,15,0.47692307692307695,9744,1974,0,0.02,0.000732421875,0.02,4.0,6.0,14.214426412346414,-390.9641552229172,M2,14.099618198537497,-379.40387050642545,4.0,0.0,-0.8076879817619398,-2.95686562618519,0.3027390131149081
ising,small,epsilon,I,15,0.47692307692307695,9744,1974,0,0.02,0.000732421875,0.02,4.0,6.0,14.214426412346414,-390.9641552229172,free,13.254891158908686,,3.986840251641428,-0.328993708964298,-6.750432452232413,,0.30596619062546404
ising,small,epsilon,I,16,0.48205128205128206,9744,1974,0,0.02,0.000732421875,0.02,4.0,6.0,13.937078415258151,-385.485567165509,M1,13.707439829583974,,4.0,0.0,-1.6476809474127108,,0.3598897767611286
ising,small,epsilon,I,16,0.48205128205128206,9744,1974,0,0.02,0.000732421875,0.02,4.0,6.0,13.937078415258151,-385.485567165509,M2,13.824497056768791,-374.01393822938104,4.0,0.0,-0.8077830599425129,-2.975890646303392,0.3027270647066003
ising,small,epsilon,I,16,0.48205128205128206,9744,1974,0,0.02,0.000732421875,0.02,4.0,6.0,13.937078415258151,-385.485567165509,free,12.991873049345969,,3.986768413773332,-0.3307896556666967,-6.781947677623612,,0.30598794686104824
ising,small,epsilon,I,17,0.48717948717948717,9744,1974,0,0.02,0.000732421875,0.02,4.0,6.0,13.662462910752035,-379.9974166081194,M1,13.436718684795858,,4.0,0.0,-1.652295251821112,,0.36045201931533666
ising,small,epsilon,I,17,0.48717948717948717,9744,1974,0,0.02,0.000732421875,0.02,4.0,6.0,13.662462910752035,-379.9974166081194,M2,13.552086770339173,-368.61689839886225,4.0,0.0,-0.8078787926735997,-2.9948935734459448,0.30271512345452994
ising,small,epsilon,I,17,0.48717948717948717,9744,1974,0,0.02,0.000732421875,0.02,4.0,6.0,13.662462910752035,-379.9974166081194,free,12.731578685340628,,3.9866965965032315,-0.33258508741921267,-6.813443750898118,,0.30600986951940773
ising,small,epsilon,I,18,0.49230769230769234,9744,1974,0,0.02,0.000732421875,0.02,4.0,6.0,13.39057989882807,-374.50096801355613,M1,13.16871023337821,,4.0,0.0,-1.6569085665160688,,0.361016328055694
ising,small,epsilon,I,18,0.49230769230769234,9744,1974,0,0.02,0.000732421875,0.02,4.0,6.0,13.39057989882807,-374.50096801355613,M2,13.282387336799092,-363.2139779786797,4.0,0.0,-0.8079751799132118,-3.0138747290148205,0.30270318938667445
ising,small,epsilon,I,18,0.49230769230769234,9744,1974,0,0.02,0.000732421875,0.02,4.0,6.0,13.39057989882807,-374.50096801355613,free,12.474005325791666,,3.9866247998356745,-0.33438000410813684,-6.844920682760147,,0.3060319583622583
ising,small,epsilon,I,19,0.49743589743589745,9744,1974,0,0.02,0.000732421875,0.02,4.0,6.0,13.121429379486257,-368.99748584462645,M1,12.903414089004984,,4.0,0.0,-1.6615208920920832,,0.3615826909510303
ising,small,epsilon,I,19,0.49743589743589745,9744,1974,0,0.02,0.000732421875,0.02,4.0,6.0,13.121429379486257,-368.99748584462645,M2,13.015398753710155,-357.8064035426739,4.0,0.0,-0.8080722207129964,-3.0328342959672128,0.3026912624724142
ising,small,epsilon,I,19,0.49743589743589745,9744,1974,0,0.02,0.000732421875,0.02,4.0,6.0,13.121429379486257,-368.99748584462645,free,12.219150226379318,,3.9865530236451328,-0.33617440887168115,-6.876378533252947,,0.30605421312853404
ising,small,epsilon,I,20,0.5025641025641026,9744,1974,0,0.02,0.000732421875,0.02,4.0,6.0,12.855011352726594,-363.48823456413794,M1,12.640829865540114,,4.0,0.0,-1.6661322289773906,,0.36215109595078093
ising,small,epsilon,I,20,0.5025641025641026,9744,1974,0,0.02,0.000732421875,0.02,4.0,6.0,12.855011352726594,-363.48823456413794,M2,12.751121018438536,-352.39540043323206,4.0,0.0,-0.8081699147315269,-3.051772540645614,0.30267934272293795
ising,small,epsilon,I,20,0.5025641025641026,9744,1974,0,0.02,0.000732421875,0.02,4.0,6.0,12.855011352726594,-363.48823456413794,free,11.967010659268594,,3.9864812680673567,-0.33796829831608255,-6.907817263573646,,0.30607663357669945
ising,small,epsilon,I,21,0.5076923076923077,9744,1974,0,0.02,0.000732421875,0.02,4.0,6.0,12.591325818549079,-357.974478634898,M1,12.380957177004023,,4.0,0.0,-1.670742577681128,,0.3627215310759498
ising,small,epsilon,I,21,0.5076923076923077,9744,1974,0,0.02,0.000732421875,0.02,4.0,6.0,12.591325818549079,-357.974478634898,M2,12.489554128263478,-346.98219321499454,4.0,0.0,-0.8082682614381609,-3.0706896932489403,0.3026674301423903
ising,small,epsilon,I,21,0.5076923076923077,9744,1974,0,0.02,0.000732421875,0.02,4.0,6.0,12.591325818549079,-357.974478634898,free,11.717583886985459,,3.9864095329783282,-0.33976167554179426,-6.939236933067483,,0.30609921946432495
ising,small,epsilon,I,22,0.5128205128205128,9744,1974,0,0.02,0.000732421875,0.02,4.0,6.0,12.330372776953716,-352.4574825197139,M1,12.123795637592911,,4.0,0.0,-1.6753519386446425,,0.3632939843830975
ising,small,epsilon,I,22,0.5128205128205128,9744,1974,0,0.02,0.000732421875,0.02,4.0,6.0,12.330372776953716,-352.4574825197139,M2,12.230698080366782,-341.5680055795945,4.0,0.0,-0.8083672601791325,-3.0895859728301556,0.30265552471667045
ising,small,epsilon,I,22,0.5128205128205128,9744,1974,0,0.02,0.000732421875,0.02,4.0,6.0,12.330372776953716,-352.4574825197139,free,11.470867180799575,,3.9863378183609086,-0.34155454097728466,-6.9706375606146675,,0.30612197053709367
ising,small,epsilon,I,23,0.517948717948718,9744,1974,0,0.02,0.000732421875,0.02,4.0,6.0,12.0721522279405,-346.93851068139315,M1,11.869344861655584,,4.0,0.0,-1.6799603124248663,,0.3638684439907108
ising,small,epsilon,I,23,0.517948717948718,9744,1974,0,0.02,0.000732421875,0.02,4.0,6.0,12.0721522279405,-346.93851068139315,M2,11.974552871810907,-336.15406034982914,4.0,0.0,-0.8084669103467945,-3.1084615859978126,0.30264362644197834
ising,small,epsilon,I,23,0.517948717948718,9744,1974,0,0.02,0.000732421875,0.02,4.0,6.0,12.0721522279405,-346.93851068139315,free,11.22685782051488,,3.986266124312837,-0.343346892179075,-7.002019121902892,,0.30614488654735167
ising,small,epsilon,I,24,0.5230769230769231,9744,1974,0,0.02,0.000732421875,0.02,4.0,6.0,11.816664171509437,-341.41882758274335,M1,11.617604463723476,,4.0,0.0,-1.6845676994519665,,0.36444489803898605
ising,small,epsilon,I,24,0.5230769230769231,9744,1974,0,0.02,0.000732421875,0.02,4.0,6.0,11.816664171509437,-341.41882758274335,M2,11.721118499526016,-330.74157934220074,4.0,0.0,-0.808567211496003,-3.1273167669568447,0.3026317353320753
ising,small,epsilon,I,24,0.5230769230769231,9744,1974,0,0.02,0.000732421875,0.02,4.0,6.0,11.816664171509437,-341.41882758274335,free,10.98555307807738,,3.9861944506906557,-0.3451387327336075,-7.033381683435724,,0.3061679672612289
ising,small,epsilon,I,25,0.5282051282051282,9744,1974,0,0.02,0.000732421875,0.02,4.0,6.0,11.563908607660524,-335.8996976865717,M1,11.368574058479696,,4.0,0.0,-1.689174100281532,,0.36502333472293
ising,small,epsilon,I,25,0.5282051282051282,9744,1974,0,0.02,0.000732421875,0.02,4.0,6.0,11.563908607660524,-335.8996976865717,M2,11.470394960358002,-325.33178361934677,4.0,0.0,-0.8086681629477233,-3.1461517054075627,0.30261985135702074
ising,small,epsilon,I,25,0.5282051282051282,9744,1974,0,0.02,0.000732421875,0.02,4.0,6.0,11.563908607660524,-335.8996976865717,free,10.746950238856353,,3.986122797571883,-0.3469300607029213,-7.0647252284835265,,0.30619121240563935
ising,small,epsilon,I,26,0.5333333333333333,9744,1974,0,0.02,0.000732421875,0.02,4.0,6.0,11.313885536393764,-330.38238545568584,M1,11.12225326078633,,4.0,0.0,-1.693779515366356,,0.3656037422952429
ising,small,epsilon,I,26,0.5333333333333333,9744,1974,0,0.02,0.000732421875,0.02,4.0,6.0,11.313885536393764,-330.38238545568584,M2,11.222382251024499,-319.9258932622793,4.0,0.0,-0.8087697641532943,-3.164966612546316,0.3026079745383679
ising,small,epsilon,I,26,0.5333333333333333,9744,1974,0,0.02,0.000732421875,0.02,4.0,6.0,11.313885536393764,-330.38238545568584,free,10.511046587909005,,3.9860511649574106,-0.34872087606473423,-7.096049769128731,,0.3062146217589265
ising,small,epsilon,I,27,0.5384615384615384,9744,1974,0,0.02,0.000732421875,0.02,4.0,6.0,11.066594957709153,-324.86815535289304,M1,10.878641685674012,,4.0,0.0,-1.698383945137616,,0.36618610900910176
ising,small,epsilon,I,27,0.5384615384615384,9744,1974,0,0.02,0.000732421875,0.02,4.0,6.0,11.066594957709153,-324.86815535289304,M2,10.977080368125472,-314.52512743747263,4.0,0.0,-0.8088720146147921,-3.1837617030161414,0.302596104855176
ising,small,epsilon,I,27,0.5384615384615384,9744,1974,0,0.02,0.000732421875,0.02,4.0,6.0,11.066594957709153,-324.86815535289304,free,10.27783940756737,,3.9859795527048787,-0.3505111823780327,-7.12735537133149,,0.30623819505557304
ising,small,epsilon,I,28,0.5435897435897435,9744,1974,0,0.02,0.000732421875,0.02,4.0,6.0,10.822036871606691,-319.35827184100077,M1,10.637738948324671,,4.0,0.0,-1.7029873901608594,,0.3667704232138476
ising,small,epsilon,I,28,0.5435897435897435,9744,1974,0,0.02,0.000732421875,0.02,4.0,6.0,10.822036871606691,-319.35827184100077,M2,10.734489308156023,-309.13070449294634,4.0,0.0,-0.8089749137739743,-3.20253716589074,0.30258424231687486
ising,small,epsilon,I,28,0.5435897435897435,9744,1974,0,0.02,0.000732421875,0.02,4.0,6.0,10.822036871606691,-319.35827184100077,free,10.04732599587707,,3.9859079609655805,-0.3523009758604867,-7.158641990605263,,0.30626193205844526
ising,small,epsilon,I,29,0.5487179487179488,9744,1974,0,0.02,0.000732421875,0.02,4.0,6.0,10.580211278086376,-313.85399938281637,M1,10.399544664101295,,4.0,0.0,-1.707589850868807,,0.36735667327398297
ising,small,epsilon,I,29,0.5487179487179488,9744,1974,0,0.02,0.000732421875,0.02,4.0,6.0,10.580211278086376,-313.85399938281637,M2,10.494609067502564,-303.74384185093805,4.0,0.0,-0.8090784610427337,-3.22129319739739,0.3025723869121967
ising,small,epsilon,I,29,0.5487179487179488,9744,1974,0,0.02,0.000732421875,0.02,4.0,6.0,10.580211278086376,-313.85399938281637,free,9.819503641244811,,3.9858363895813076,-0.3540902604673102,-7.18990969884632,,0.3062858325141763
ising,small,epsilon,I,30,0.5538461538461539,9744,1974,0,0.02,0.000732421875,0.02,4.0,6.0,10.341118177148216,-308.3566024411475,M1,10.164058448524443,,4.0,0.0,-1.7121913277718726,,0.3679448476289466
ising,small,epsilon,I,30,0.5538461538461539,9744,1974,0,0.02,0.000732421875,0.02,4.0,6.0,10.341118177148216,-308.3566024411475,M2,10.257439642437756,-298.3657560667795,4.0,0.0,-0.809182655850238,-3.2400299832317847,0.3025605386551772
ising,small,epsilon,I,30,0.5538461538461539,9744,1974,0,0.02,0.000732421875,0.02,4.0,6.0,10.341118177148216,-308.3566024411475,free,9.594369645492346,,3.9857648386409696,-0.35587903397575893,-7.221158474970657,,0.3063098961926798
ising,small,epsilon,I,31,0.558974358974359,9744,1974,0,0.02,0.000732421875,0.02,4.0,6.0,10.104757568792207,-302.86734547880144,M1,9.931279917284433,,4.0,0.0,-1.7167918213450983,,0.3685349347249382
ising,small,epsilon,I,31,0.558974358974359,9744,1974,0,0.02,0.000732421875,0.02,4.0,6.0,10.104757568792207,-302.86734547880144,M2,10.022981029115954,-292.9976627753879,4.0,0.0,-0.8092874976913245,-3.2587477160374023,0.30254869752805236
ising,small,epsilon,I,31,0.558974358974359,9744,1974,0,0.02,0.000732421875,0.02,4.0,6.0,10.104757568792207,-302.86734547880144,free,9.37192130821772,,3.985693308098637,-0.35766729753407,-7.252388348611127,,0.3063341228307839
ising,small,epsilon,I,32,0.5641025641025641,9744,1974,0,0.02,0.000732421875,0.02,4.0,6.0,9.871129453018348,-297.3874929585857,M1,9.701208686233691,,4.0,0.0,-1.721391332100286,,0.36912692308849093
ising,small,epsilon,I,32,0.5641025641025641,9744,1974,0,0.02,0.000732421875,0.02,4.0,6.0,9.871129453018348,-297.3874929585857,M2,9.791233223593197,-287.6407767795964,4.0,0.0,-0.8093929859335436,-3.2774465671112196,0.30253686352768955
ising,small,epsilon,I,32,0.5641025641025641,9744,1974,0,0.02,0.000732421875,0.02,4.0,6.0,9.871129453018348,-297.3874929585857,free,9.152155933577124,,3.985621797940105,-0.35945505149737045,-7.28359933747379,,0.30635851218339294
ising,small,epsilon,I,33,0.5692307692307692,9744,1974,0,0.02,0.000732421875,0.02,4.0,6.0,9.640233829826638,-291.91830934330767,M1,9.473844371397917,,4.0,0.0,-1.7259898604732649,,0.36972080127038454
ising,small,epsilon,I,33,0.5692307692307692,9744,1974,0,0.02,0.000732421875,0.02,4.0,6.0,9.640233829826638,-291.91830934330767,M2,9.562196221801182,-282.2963119312952,4.0,0.0,-0.8094991200733093,-3.2961267258836524,0.3025250366567235
ising,small,epsilon,I,33,0.5692307692307692,9744,1974,0,0.02,0.000732421875,0.02,4.0,6.0,9.640233829826638,-291.91830934330767,free,8.935070829106605,,3.985550308154173,-0.3612422961456696,-7.314791458048209,,0.30638306400736487
ising,small,epsilon,I,34,0.5743589743589743,9744,1974,0,0.02,0.000732421875,0.02,4.0,6.0,9.41207069921708,-286.46105909577466,M1,9.249186588962372,,4.0,0.0,-1.7305874069587834,,0.37031655789096884
ising,small,epsilon,I,34,0.5743589743589743,9744,1974,0,0.02,0.000732421875,0.02,4.0,6.0,9.41207069921708,-286.46105909577466,M2,9.335870019570548,-276.96548124968496,4.0,0.0,-0.8096058995059496,-3.314788361134624,0.30251321691941424
ising,small,epsilon,I,34,0.5743589743589743,9744,1974,0,0.02,0.000732421875,0.02,4.0,6.0,9.41207069921708,-286.46105909577466,free,8.72066330685294,,3.98547883876549,-0.3630290308627493,-7.34596471339356,,0.3064077780668451
ising,small,epsilon,I,35,0.5794871794871795,9744,1974,0,0.02,0.000732421875,0.02,4.0,6.0,9.186640061189667,-281.01700667879425,M1,9.027234955277656,,4.0,0.0,-1.7351839720535223,,0.3709141815856501
ising,small,epsilon,I,35,0.5794871794871795,9744,1974,0,0.02,0.000732421875,0.02,4.0,6.0,9.186640061189667,-281.01700667879425,M2,9.112254612612816,-271.6494968450736,4.0,0.0,-0.8097133237112919,-3.3334316468710434,0.30250140429417066
ising,small,epsilon,I,35,0.5794871794871795,9744,1974,0,0.02,0.000732421875,0.02,4.0,6.0,9.186640061189667,-281.01700667879425,free,8.508930676770674,,3.9854073896476345,-0.3648152588091369,-7.377119163317147,,0.3064326540939024
ising,small,epsilon,I,36,0.5846153846153846,9744,1974,0,0.02,0.000732421875,0.02,4.0,6.0,8.963941915744412,-275.58741655517383,M1,8.807989086861017,,4.0,0.0,-1.739779556240506,,0.37151366106726136
ising,small,epsilon,I,36,0.5846153846153846,9744,1974,0,0.02,0.000732421875,0.02,4.0,6.0,8.963941915744412,-275.58741655517383,M2,8.891349996528179,-266.34956993960844,4.0,0.0,-0.8098213921793884,-3.352056756087751,0.302489598800218
ising,small,epsilon,I,36,0.5846153846153846,9744,1974,0,0.02,0.000732421875,0.02,4.0,6.0,8.963941915744412,-275.58741655517383,free,8.299870261451746,,3.985335960941701,-0.36660097645747625,-7.408254767093925,,0.30645769186303545
ising,small,epsilon,I,37,0.5897435897435898,9744,1974,0,0.02,0.000732421875,0.02,4.0,6.0,8.743976262881302,-270.17355318772087,M1,8.591448600396925,,4.0,0.0,-1.7443741599787566,,0.37211498508751706
ising,small,epsilon,I,37,0.5897435897435898,9744,1974,0,0.02,0.000732421875,0.02,4.0,6.0,8.743976262881302,-270.17355318772087,M2,8.673156166819679,-261.0669109107018,4.0,0.0,-0.8099301042508444,-3.370663845358557,0.30247780042558203
ising,small,epsilon,I,37,0.5897435897435898,9744,1974,0,0.02,0.000732421875,0.02,4.0,6.0,8.743976262881302,-270.17355318772087,free,8.093479377761948,,3.985264552531433,-0.3683861867141758,-7.439371580647491,,0.3064828911210238
ising,small,epsilon,I,38,0.5948717948717949,9744,1974,0,0.02,0.000732421875,0.02,4.0,6.0,8.526743102600346,-264.7766810392427,M1,8.377613112729996,,4.0,0.0,-1.7489677837821849,,0.37271814243260526
ising,small,epsilon,I,38,0.5948717948717949,9744,1974,0,0.02,0.000732421875,0.02,4.0,6.0,8.526743102600346,-264.7766810392427,M2,8.457673118859951,-255.80272920744414,4.0,0.0,-0.8100394594898863,-3.3892530854968017,0.3024660091698091
ising,small,epsilon,I,38,0.5948717948717949,9744,1974,0,0.02,0.000732421875,0.02,4.0,6.0,8.526743102600346,-264.7766810392427,free,7.88975534989287,,3.9851931644176353,-0.37017088955911825,-7.470469615921904,,0.30650825162265866
ising,small,epsilon,I,39,0.6,9744,1974,0,0.02,0.000732421875,0.02,4.0,6.0,8.312242434901542,-259.3980645725469,M1,8.166482240873036,,4.0,0.0,-1.7535604281281092,,0.37332312194672035
ising,small,epsilon,I,39,0.6,9744,1974,0,0.02,0.000732421875,0.02,4.0,6.0,8.312242434901542,-259.3980645725469,M2,8.244900847931607,-250.55823345388117,4.0,0.0,-0.8101494572292589,-3.4078246239934717,0.30245422501251273
ising,small,epsilon,I,39,0.6,9744,1974,0,0.02,0.000732421875,0.02,4.0,6.0,8.312242434901542,-259.3980645725469,free,7.68869550515665,,3.985121796599093,-0.3719550850226794,-7.501548885614017,,0.3065337731055826
ising,small,epsilon,sigma,-1,0.5,9744,1974,0,0.02,0.000732421875,0.02,2.0,4.0,0.2056167583560283,,M1,0.20791290935594803,,2.0,0.0,1.1167139382403324,,0.47220221360409986
ising,small,epsilon,sigma,-1,0.5,9744,1974,0,0.02,0.000732421875,0.02,2.0,4.0,0.2056167583560283,,M2,0.20566494003597838,9.30931718557378,2.0,0.0,0.023432759243613432,,0.022635509729651466
ising,small,epsilon,sigma,-1,0.5,9744,1974,0,0.02,0.000732421875,0.02,2.0,4.0,0.2056167583560283,,free,0.21985003724779323,,2.013162769281198,0.6581384640599097,6.922236789240599,,0.18635017301494905
ising,small,epsilon,sigma,0,0.4,9744,1974,0,0.02,0.000732421875,0.02,2.0,4.0,0.29608813203268075,,M1,0.2996144895690334,,2.0,0.0,1.1909823984310952,,0.5041141317581876
ising,small,epsilon,sigma,0,0.4,9744,1974,0,0.02,0.000732421875,0.02,2.0,4.0,0.29608813203268075,,M2,0.2961557294129693,14.323458543490975,2.0,0.0,0.022830155273201314,,0.022997025624291394
ising,small,epsilon,sigma,0,0.4,9744,1974,0,0.02,0.000732421875,0.02,2.0,4.0,0.29608813203268075,,free,0.31802493461887865,,2.0140605018011426,0.70302509005713,7.4088760112062335,,0.19874484676421217
ising,small,epsilon,sigma,1,0.40512820512820513,9744,1974,0,0.02,0.000732421875,0.02,2.0,4.0,0.2910484260816533,,M1,0.2945035539997005,,2.0,0.0,1.1871316277374033,,0.5024590666781293
ising,small,epsilon,sigma,1,0.40512820512820513,9744,1974,0,0.02,0.000732421875,0.02,2.0,4.0,0.2910484260816533,,M2,0.2911149743773481,14.0328260856673,2.0,0.0,0.022865025106200143,,0.02297863352615819
ising,small,epsilon,sigma,1,0.40512820512820513,9744,1974,0,0.02,0.000732421875,0.02,2.0,4.0,0.2910484260816533,,free,0.3125382209992794,,2.0140139311107967,0.700696555539837,7.38358052882826,,0.19810152409376203
ising,small,epsilon,sigma,2,0.41025641025641024,9744,1974,0,0.02,0.000732421875,0.02,2.0,4.0,0.2860519794091755,,M1,0.2894367907986826,,2.0,0.0,1.183285428228209,,0.5008060160931073
ising,small,epsilon,sigma,2,0.41025641025641024,9744,1974,0,0.02,0.000732421875,0.02,2.0,4.0,0.2860519794091755,,M2,0.286117483757312,13.74595365244801,2.0,0.0,0.022899456340708113,,0.02296022604220934
ising,small,epsilon,sigma,2,0.41025641025641024,9744,1974,0,0.02,0.000732421875,0.02,2.0,4.0,0.2860519794091755,,free,0.3071006051101485,,2.01396741822796,0.6983709113979941,7.3583219890482,,0.1974590378078136
ising,small,epsilon,sigma,3,0.4153846153846154,9744,1974,0,0.02,0.000732421875,0.02,2.0,4.0,0.2810987920152471,,M1,0.2844141942813098,,2.0,0.0,1.1794437970700677,,0.4991549785483752
ising,small,epsilon,sigma,3,0.4153846153846154,9744,1974,0,0.02,0.000732421875,0.02,2.0,4.0,0.2810987920152471,,M2,0.281163257668037,13.462817225441466,2.0,0.0,0.022933450666129396,,0.02294180307307271
ising,small,epsilon,sigma,3,0.4153846153846154,9744,1974,0,0.02,0.000732421875,0.02,2.0,4.0,0.2810987920152471,,free,0.3017120487494185,,2.0139209632980637,0.6960481649031847,7.333100432908757,,0.19681738718535544
ising,small,epsilon,sigma,4,0.4205128205128205,9744,1974,0,0.02,0.000732421875,0.02,2.0,4.0,0.2761888638998685,,M1,0.2794357587753388,,2.0,0.0,1.1756067314312446,,0.49750595259510044
ising,small,epsilon,sigma,4,0.4205128205128205,9744,1974,0,0.02,0.000732421875,0.02,2.0,4.0,0.2761888638998685,,M2,0.2762522962231935,13.183392843954204,2.0,0.0,0.022967009758945167,,0.022923364523374387
ising,small,epsilon,sigma,4,0.4205128205128205,9744,1974,0,0.02,0.000732421875,0.02,2.0,4.0,0.2761888638998685,,free,0.29637251340210524,,2.013874566148902,0.6937283074450962,7.307915756355121,,0.1961765715130486
ising,small,epsilon,sigma,5,0.4256410256410256,9744,1974,0,0.02,0.000732421875,0.02,2.0,4.0,0.27132219506303945,,M1,0.2745014786209527,,2.0,0.0,1.171774228486755,,0.49585893678529114
ising,small,epsilon,sigma,5,0.4256410256410256,9744,1974,0,0.02,0.000732421875,0.02,2.0,4.0,0.27132219506303945,,M2,0.2713845995349988,12.90765660476951,2.0,0.0,0.02300013529850098,,0.02290491029672402
ising,small,epsilon,sigma,5,0.4256410256410256,9744,1974,0,0.02,0.000732421875,0.02,2.0,4.0,0.27132219506303945,,free,0.2910819610474844,,2.01382822691491,0.6914113457455073,7.28276799465446,,0.19553659007594057
ising,small,epsilon,sigma,6,0.4307692307692308,9744,1974,0,0.02,0.000732421875,0.02,2.0,4.0,0.26649878550475997,,M1,0.2696113481707521,,2.0,0.0,1.167946285419963,,0.49421392967931543
ising,small,epsilon,sigma,6,0.4307692307692308,9744,1974,0,0.02,0.000732421875,0.02,2.0,4.0,0.26649878550475997,,M2,0.26656016771418445,12.635584662247627,2.0,0.0,0.023032828951996542,,0.02288644030237782
ising,small,epsilon,sigma,6,0.4307692307692308,9744,1974,0,0.02,0.000732421875,0.02,2.0,4.0,0.26649878550475997,,free,0.2858403530954889,,2.013781945186958,0.6890972593478928,7.257656936070145,,0.19489744216606542
ising,small,epsilon,sigma,7,0.4358974358974359,9744,1974,0,0.02,0.000732421875,0.02,2.0,4.0,0.2617186352250301,,M1,0.2647653617897211,,2.0,0.0,1.16412289941501,,0.49257092983565653
ising,small,epsilon,sigma,7,0.4358974358974359,9744,1974,0,0.02,0.000732421875,0.02,2.0,4.0,0.2617186352250301,,M2,0.2617790008700474,12.367153227971766,2.0,0.0,0.02306509239031751,,0.022867954450006896
ising,small,epsilon,sigma,7,0.4358974358974359,9744,1974,0,0.02,0.000732421875,0.02,2.0,4.0,0.2617186352250301,,free,0.28064765199514524,,2.0137357213121834,0.6867860656091684,7.232582713813884,,0.1942591270738382
ising,small,epsilon,sigma,8,0.441025641025641,9744,1974,0,0.02,0.000732421875,0.02,2.0,4.0,0.2569817442238498,,M1,0.2599635138552426,,2.0,0.0,1.1603040676677168,,0.49092993582144534
ising,small,epsilon,sigma,8,0.441025641025641,9744,1974,0,0.02,0.000732421875,0.02,2.0,4.0,0.2569817442238498,,M2,0.25704109911042167,12.102338570929795,2.0,0.0,0.023096927274401935,,0.022849452651913144
ising,small,epsilon,sigma,8,0.441025641025641,9744,1974,0,0.02,0.000732421875,0.02,2.0,4.0,0.2569817442238498,,free,0.27550381934892365,,2.0136895548564544,0.68447774282272,7.207545104425694,,0.19362164409597976
ising,small,epsilon,sigma,9,0.4461538461538462,9744,1974,0,0.02,0.000732421875,0.02,2.0,4.0,0.25228811250121913,,M1,0.2552057987570523,,2.0,0.0,1.1564897873731717,,0.48929094620174857
ising,small,epsilon,sigma,9,0.4461538461538462,9744,1974,0,0.02,0.000732421875,0.02,2.0,4.0,0.25228811250121913,,M2,0.25234646254171955,11.841117017153255,2.0,0.0,0.023128335267941225,,0.022830934820891595
ising,small,epsilon,sigma,9,0.4461538461538462,9744,1974,0,0.02,0.000732421875,0.02,2.0,4.0,0.25228811250121913,,free,0.27040881772062364,,2.0136434461016592,0.682172305082962,7.182544210963138,,0.19298499252684584
ising,small,epsilon,sigma,10,0.4512820512820513,9744,1974,0,0.02,0.000732421875,0.02,2.0,4.0,0.247637740057138,,M1,0.2504922108972535,,2.0,0.0,1.1526800557366101,,0.48765395955177737
ising,small,epsilon,sigma,10,0.4512820512820513,9744,1974,0,0.02,0.000732421875,0.02,2.0,4.0,0.247637740057138,,M2,0.24769509126889486,11.583464949929319,2.0,0.0,0.023159318019794206,,0.022812400873517193
ising,small,epsilon,sigma,10,0.4512820512820513,9744,1974,0,0.02,0.000732421875,0.02,2.0,4.0,0.247637740057138,,free,0.2653626092465639,,2.0135973948829116,0.6798697441455781,7.157579933226743,,0.19234917166998872
ising,small,epsilon,sigma,11,0.4564102564102564,9744,1974,0,0.02,0.000732421875,0.02,2.0,4.0,0.2430306268916065,,M1,0.24582274469028717,,2.0,0.0,1.1488748699668871,,0.4860189744461412
ising,small,epsilon,sigma,11,0.4564102564102564,9744,1974,0,0.02,0.000732421875,0.02,2.0,4.0,0.2430306268916065,,M2,0.24308698539549908,11.3293588094467,2.0,0.0,0.02318987718272769,,0.022793850728569244
ising,small,epsilon,sigma,11,0.4564102564102564,9744,1974,0,0.02,0.000732421875,0.02,2.0,4.0,0.2430306268916065,,free,0.26036515631089585,,2.0135514011566764,0.6775700578338206,7.132652226182445,,0.19171418082690617
ising,small,epsilon,sigma,12,0.46153846153846156,9744,1974,0,0.02,0.000732421875,0.02,2.0,4.0,0.23846677300462452,,M1,0.24119739456292844,,2.0,0.0,1.1450742272806957,,0.4843859894639399
ising,small,epsilon,sigma,12,0.46153846153846156,9744,1974,0,0.02,0.000732421875,0.02,2.0,4.0,0.23846677300462452,,M2,0.23852214502366792,11.078775092834547,2.0,0.0,0.023220014405245237,,0.02277528430540538
ising,small,epsilon,sigma,12,0.46153846153846156,9744,1974,0,0.02,0.000732421875,0.02,2.0,4.0,0.23846677300462452,,free,0.25541642151468297,,2.0135054649837527,0.6752732491876356,7.107761092456166,,0.19108001930237573
ising,small,epsilon,sigma,13,0.4666666666666667,9744,1974,0,0.02,0.000732421875,0.02,2.0,4.0,0.2339461783961922,,M1,0.23661615495425917,,2.0,0.0,1.141278124896461,,0.48275500318784764
ising,small,epsilon,sigma,13,0.4666666666666667,9744,1974,0,0.02,0.000732421875,0.02,2.0,4.0,0.2339461783961922,,M2,0.23400057025412185,10.831690354048236,2.0,0.0,0.02324973132818986,,0.022756701526016585
ising,small,epsilon,sigma,13,0.4666666666666667,9744,1974,0,0.02,0.000732421875,0.02,2.0,4.0,0.2339461783961922,,free,0.250516367207311,,2.0134595860997173,0.6729793049858657,7.082906386723242,,0.19044668640470366
ising,small,epsilon,sigma,14,0.4717948717948718,9744,1974,0,0.02,0.000732421875,0.02,2.0,4.0,0.22946884306630946,,M1,0.23207902031567118,,2.0,0.0,1.1374865600413786,,0.4811260142061009
ising,small,epsilon,sigma,14,0.4717948717948718,9744,1974,0,0.02,0.000732421875,0.02,2.0,4.0,0.22946884306630946,,M2,0.2295222611861798,10.58808120382543,2.0,0.0,0.023279029586986688,,0.022738102315509975
ising,small,epsilon,sigma,14,0.4717948717948718,9744,1974,0,0.02,0.000732421875,0.02,2.0,4.0,0.22946884306630946,,free,0.24566495620438186,,2.0134137645708448,0.6706882285422378,7.058088114120231,,0.18981418144642878
ising,small,epsilon,sigma,15,0.47692307692307695,9744,1974,0,0.02,0.000732421875,0.02,2.0,4.0,0.2250347670149762,,M1,0.22758598511084094,,2.0,0.0,1.1336995299463748,,0.47949902110620185
ising,small,epsilon,sigma,15,0.47692307692307695,9744,1974,0,0.02,0.000732421875,0.02,2.0,4.0,0.2250347670149762,,M2,0.2250872179177881,10.347924309460293,2.0,0.0,0.023307910820902222,,0.02271948659816174
ising,small,epsilon,sigma,15,0.47692307692307695,9744,1974,0,0.02,0.000732421875,0.02,2.0,4.0,0.2250347670149762,,free,0.240862151198782,,2.0133680002519254,0.6684000125962708,7.0333061836407085,,0.18918250373766507
ising,small,epsilon,sigma,16,0.48205128205128206,9744,1974,0,0.02,0.000732421875,0.02,2.0,4.0,0.2206439502421927,,M1,0.22313704381572902,,2.0,0.0,1.129917031851435,,0.477874022485527
ising,small,epsilon,sigma,16,0.48205128205128206,9744,1974,0,0.02,0.000732421875,0.02,2.0,4.0,0.2206439502421927,,M2,0.22069544054548637,10.111196394944377,2.0,0.0,0.023336376654414792,,0.02270085430374116
ising,small,epsilon,sigma,16,0.48205128205128206,9744,1974,0,0.02,0.000732421875,0.02,2.0,4.0,0.2206439502421927,,free,0.23610791539678067,,2.0133222933987063,0.6661146699353138,7.0085606868503625,,0.1885516525978467
ising,small,epsilon,sigma,17,0.48717948717948717,9744,1974,0,0.02,0.000732421875,0.02,2.0,4.0,0.2162963927479587,,M1,0.21873219091854504,,2.0,0.0,1.1261390629961454,,0.47625101693811744
ising,small,epsilon,sigma,17,0.48717948717948717,9744,1974,0,0.02,0.000732421875,0.02,2.0,4.0,0.2162963927479587,,M2,0.21634692916446174,9.877874240596583,2.0,0.0,0.023364428717931318,,0.02268220536095754
ising,small,epsilon,sigma,17,0.48717948717948717,9744,1974,0,0.02,0.000732421875,0.02,2.0,4.0,0.2162963927479587,,free,0.23140221138903103,,2.0132766435615075,0.6638321780753742,6.983851394449525,,0.18792162734295953
ising,small,epsilon,sigma,18,0.49230769230769234,9744,1974,0,0.02,0.000732421875,0.02,2.0,4.0,0.21199209453227436,,M1,0.21437142091975775,,2.0,0.0,1.1223656206298616,,0.4746300030683329
ising,small,epsilon,sigma,18,0.49230769230769234,9744,1974,0,0.02,0.000732421875,0.02,2.0,4.0,0.21199209453227436,,M2,0.21204168386851016,9.647934683263568,2.0,0.0,0.023392068626537643,,0.02266353970326706
ising,small,epsilon,sigma,18,0.49230769230769234,9744,1974,0,0.02,0.000732421875,0.02,2.0,4.0,0.21199209453227436,,free,0.22674500258942978,,2.013231051005869,0.6615525502934538,6.959178402244337,,0.18729242729730605
ising,small,epsilon,sigma,19,0.49743589743589745,9744,1974,0,0.02,0.000732421875,0.02,2.0,4.0,0.2077310555951396,,M1,0.21005472833206815,,2.0,0.0,1.1185967020055587,,0.47301097947818077
ising,small,epsilon,sigma,19,0.49743589743589745,9744,1974,0,0.02,0.000732421875,0.02,2.0,4.0,0.2077310555951396,,M2,0.2077797047500939,9.42135461597146,2.0,0.0,0.023419298002869127,,0.022644857262304606
ising,small,epsilon,sigma,19,0.49743589743589745,9744,1974,0,0.02,0.000732421875,0.02,2.0,4.0,0.2077310555951396,,free,0.22213625209743929,,2.013185515581438,0.6592757790718995,6.934541617299095,,0.18666405178252823
ising,small,epsilon,sigma,20,0.5025641025641026,9744,1974,0,0.02,0.000732421875,0.02,2.0,4.0,0.2035132759365544,,M1,0.205782107680406,,2.0,0.0,1.114832304384361,,0.4713939447781735
ising,small,epsilon,sigma,20,0.5025641025641026,9744,1974,0,0.02,0.000732421875,0.02,2.0,4.0,0.2035132759365544,,M2,0.20356099190030663,9.198110988057195,2.0,0.0,0.023446118457193244,,0.02262615797549038
ising,small,epsilon,sigma,20,0.5025641025641026,9744,1974,0,0.02,0.000732421875,0.02,2.0,4.0,0.2035132759365544,,free,0.2175759233126111,,2.013140037343829,0.6570018671914424,6.909941040131828,,0.18603650012694775
ising,small,epsilon,sigma,21,0.5076923076923077,9744,1974,0,0.02,0.000732421875,0.02,2.0,4.0,0.1993387555565188,,M1,0.20155355350190332,,2.0,0.0,1.111072425029036,,0.4697788975790517
ising,small,epsilon,sigma,21,0.5076923076923077,9744,1974,0,0.02,0.000732421875,0.02,2.0,4.0,0.1993387555565188,,M2,0.19938554540890663,8.97818080491841,2.0,0.0,0.02347253159937779,,0.022607441779131227
ising,small,epsilon,sigma,21,0.5076923076923077,9744,1974,0,0.02,0.000732421875,0.02,2.0,4.0,0.1993387555565188,,free,0.2130639794561024,,2.013094616047154,0.6547308023576948,6.885376534665899,,0.18540977165959344
ising,small,epsilon,sigma,22,0.5128205128205128,9744,1974,0,0.02,0.000732421875,0.02,2.0,4.0,0.19520749445503283,,M1,0.19736906034589893,,2.0,0.0,1.1073170612125427,,0.4681658364958004
ising,small,epsilon,sigma,22,0.5128205128205128,9744,1974,0,0.02,0.000732421875,0.02,2.0,4.0,0.19520749445503283,,M2,0.19525336536432342,8.761541128007389,2.0,0.0,0.023498539038491195,,0.02258870861229315
ising,small,epsilon,sigma,22,0.5128205128205128,9744,1974,0,0.02,0.000732421875,0.02,2.0,4.0,0.19520749445503283,,free,0.2086003841337998,,2.013049251748565,0.6524625874282597,6.860848102249539,,0.18478386571097147
ising,small,epsilon,sigma,23,0.517948717948718,9744,1974,0,0.02,0.000732421875,0.02,2.0,4.0,0.19111949263209635,,M1,0.1932286227739051,,2.0,0.0,1.1035662102079735,,0.4665547601486089
ising,small,epsilon,sigma,23,0.517948717948718,9744,1974,0,0.02,0.000732421875,0.02,2.0,4.0,0.19111949263209635,,M2,0.19116445185364145,8.548169074759052,2.0,0.0,0.023524142370789924,,0.022569958417484617
ising,small,epsilon,sigma,23,0.517948717948718,9744,1974,0,0.02,0.000732421875,0.02,2.0,4.0,0.19111949263209635,,free,0.20418510089505515,,2.013003944332383,0.6501972166191416,6.836355665777116,,0.18415878161785193
ising,small,epsilon,sigma,24,0.5230769230769231,9744,1974,0,0.02,0.000732421875,0.02,2.0,4.0,0.18707475008770952,,M1,0.1891322353596107,,2.0,0.0,1.0998198692963923,,0.4649456671612995
ising,small,epsilon,sigma,24,0.5230769230769231,9744,1974,0,0.02,0.000732421875,0.02,2.0,4.0,0.18707475008770952,,M2,0.18711880496263072,8.338041818477986,2.0,0.0,0.023549343190643057,,0.022551191137385542
ising,small,epsilon,sigma,24,0.5230769230769231,9744,1974,0,0.02,0.000732421875,0.02,2.0,4.0,0.18707475008770952,,free,0.1998180936392879,,2.012958693969028,0.6479346984513912,6.811899278552391,,0.18353451871876894
ising,small,epsilon,sigma,25,0.5282051282051282,9744,1974,0,0.02,0.000732421875,0.02,2.0,4.0,0.18307326682187228,,M1,0.18507989268886743,,2.0,0.0,1.0960780357667232,,0.4633385561587231
ising,small,epsilon,sigma,25,0.5282051282051282,9744,1974,0,0.02,0.000732421875,0.02,2.0,4.0,0.18307326682187228,,M2,0.1831164247757647,8.131136588205933,2.0,0.0,0.02357414309672734,,0.022532406715742494
ising,small,epsilon,sigma,25,0.5282051282051282,9744,1974,0,0.02,0.000732421875,0.02,2.0,4.0,0.18307326682187228,,free,0.19549932591582234,,2.012913500306658,0.6456750153329027,6.78747875627328,,0.18291107635202553
ising,small,epsilon,sigma,26,0.5333333333333333,9744,1974,0,0.02,0.000732421875,0.02,2.0,4.0,0.17911504283458465,,M1,0.18107158935966403,,2.0,0.0,1.0923407069088453,,0.4617334257696865
ising,small,epsilon,sigma,26,0.5333333333333333,9744,1974,0,0.02,0.000732421875,0.02,2.0,4.0,0.17911504283458465,,M2,0.17915731137620286,7.927430668689546,2.0,0.0,0.023598543678571282,,0.022513605099602808
ising,small,epsilon,sigma,26,0.5333333333333333,9744,1974,0,0.02,0.000732421875,0.02,2.0,4.0,0.17911504283458465,,free,0.19122876193298202,,2.012868363652831,0.643418182641553,6.763094214026766,,0.1822884538595649
ising,small,epsilon,sigma,27,0.5384615384615384,9744,1974,0,0.02,0.000732421875,0.02,2.0,4.0,0.17520007812584662,,M1,0.1771073199821267,,2.0,0.0,1.0886078800205201,,0.4601302746311017
ising,small,epsilon,sigma,27,0.5384615384615384,9744,1974,0,0.02,0.000732421875,0.02,2.0,4.0,0.17520007812584662,,M2,0.17524146484579406,7.726901400365442,2.0,0.0,0.023622546513779596,,0.02249478623868491
ising,small,epsilon,sigma,27,0.5384615384615384,9744,1974,0,0.02,0.000732421875,0.02,2.0,4.0,0.17520007812584662,,free,0.18700636540128293,,2.012823283593068,0.6411641796534084,6.738745439916882,,0.1816666505909266
ising,small,epsilon,sigma,28,0.5435897435897435,9744,1974,0,0.02,0.000732421875,0.02,2.0,4.0,0.17132837269565818,,M1,0.17318707917850115,,2.0,0.0,1.0848795524047272,,0.4585291013767301
ising,small,epsilon,sigma,28,0.5435897435897435,9744,1974,0,0.02,0.000732421875,0.02,2.0,4.0,0.17132837269565818,,M2,0.17136888526512553,7.529526179085891,2.0,0.0,0.023646153191059227,,0.022475950080717105
ising,small,epsilon,sigma,28,0.5435897435897435,9744,1974,0,0.02,0.000732421875,0.02,2.0,4.0,0.17132837269565818,,free,0.18283210072847403,,2.0127782604491804,0.63891302245902,6.71443255534252,,0.1810456658906723
ising,small,epsilon,sigma,29,0.5487179487179488,9744,1974,0,0.02,0.000732421875,0.02,2.0,4.0,0.16749992654401924,,M1,0.1693108615831401,,2.0,0.0,1.0811557213697975,,0.4569299046488025
ising,small,epsilon,sigma,29,0.5487179487179488,9744,1974,0,0.02,0.000732421875,0.02,2.0,4.0,0.16749992654401924,,M2,0.1675395727134834,7.335282456227235,2.0,0.0,0.023669365284018085,,0.022457096578971162
ising,small,epsilon,sigma,29,0.5487179487179488,9744,1974,0,0.02,0.000732421875,0.02,2.0,4.0,0.16749992654401924,,free,0.17870593184752293,,2.0127332938185467,0.6366646909273355,6.690155353924121,,0.18042549911164082
ising,small,epsilon,sigma,30,0.5538461538461539,9744,1974,0,0.02,0.000732421875,0.02,2.0,4.0,0.16371473967092998,,M1,0.16547866184248836,,2.0,0.0,1.07743638422777,,0.4553326830913362
ising,small,epsilon,sigma,30,0.5538461538461539,9744,1974,0,0.02,0.000732421875,0.02,2.0,4.0,0.16371473967092998,,M2,0.1637535272688853,7.144147738496234,2.0,0.0,0.023692184364887403,,0.022438225686937794
ising,small,epsilon,sigma,30,0.5538461538461539,9744,1974,0,0.02,0.000732421875,0.02,2.0,4.0,0.16371473967092998,,free,0.17462782327776413,,2.012688383921747,0.6344191960873546,6.6659139114594534,,0.17980614960782185
ising,small,epsilon,sigma,31,0.558974358974359,9744,1974,0,0.02,0.000732421875,0.02,2.0,4.0,0.1599728120763903,,M1,0.1616904746150782,,2.0,0.0,1.073721538299699,,0.45373743535318134
ising,small,epsilon,sigma,31,0.558974358974359,9744,1974,0,0.02,0.000732421875,0.02,2.0,4.0,0.1599728120763903,,M2,0.16001074900808365,6.9560995878954985,2.0,0.0,0.023714612002456725,,0.022419337359748003
ising,small,epsilon,sigma,31,0.558974358974359,9744,1974,0,0.02,0.000732421875,0.02,2.0,4.0,0.1599728120763903,,free,0.17059773942887238,,2.012643530716031,0.632176535801543,6.641708184393513,,0.17918761673595412
ising,small,epsilon,sigma,32,0.5641025641025641,9744,1974,0,0.02,0.000732421875,0.02,2.0,4.0,0.15627414376040022,,M1,0.15794629457150428,,2.0,0.0,1.070011180907704,,0.45214416008495095
ising,small,epsilon,sigma,32,0.5641025641025641,9744,1974,0,0.02,0.000732421875,0.02,2.0,4.0,0.15627414376040022,,M2,0.15631123800657273,6.771115621590436,2.0,0.0,0.02373664976171863,,0.02240043155464265
ising,small,epsilon,sigma,32,0.5641025641025641,9744,1974,0,0.02,0.000732421875,0.02,2.0,4.0,0.15627414376040022,,free,0.1666156446269318,,2.0125987338992606,0.6299366949630292,6.617538012166091,,0.178569899855668
ising,small,epsilon,sigma,33,0.5692307692307692,9744,1974,0,0.02,0.000732421875,0.02,2.0,4.0,0.1526187347229597,,M1,0.15424611639442304,,2.0,0.0,1.0663053093825203,,0.45055285593997757
ising,small,epsilon,sigma,33,0.5692307692307692,9744,1974,0,0.02,0.000732421875,0.02,2.0,4.0,0.1526187347229597,,M2,0.15265499433860366,6.589173511845206,2.0,0.0,0.0237582992086649,,0.022381508229362836
ising,small,epsilon,sigma,33,0.5692307692307692,9744,1974,0,0.02,0.000732421875,0.02,2.0,4.0,0.1526187347229597,,free,0.16268150368480117,,2.0125539937067716,0.6276996853385786,6.593403477042226,,0.17795299832667333
ising,small,epsilon,sigma,34,0.5743589743589743,9744,1974,0,0.02,0.000732421875,0.02,2.0,4.0,0.14900658496406882,,M1,0.1505899347785329,,2.0,0.0,1.0626039210588578,,0.4489635215801872
ising,small,epsilon,sigma,34,0.5743589743589743,9744,1974,0,0.02,0.000732421875,0.02,2.0,4.0,0.14900658496406882,,M2,0.14904201807716466,6.410250986022558,2.0,0.0,0.023779561892767198,,0.022362567345000164
ising,small,epsilon,sigma,34,0.5743589743589743,9744,1974,0,0.02,0.000732421875,0.02,2.0,4.0,0.14900658496406882,,free,0.15879528126389716,,2.0125093100281357,0.6254655014067856,6.569304505696016,,0.1773369115171703
ising,small,epsilon,sigma,35,0.5794871794871795,9744,1974,0,0.02,0.000732421875,0.02,2.0,4.0,0.14543769448372743,,M1,0.14697774443056258,,2.0,0.0,1.0589070132760225,,0.4473761556653687
ising,small,epsilon,sigma,35,0.5794871794871795,9744,1974,0,0.02,0.000732421875,0.02,2.0,4.0,0.14543769448372743,,M2,0.1454723092940269,6.234325826344992,2.0,0.0,0.02380043937189047,,0.02234360886305186
ising,small,epsilon,sigma,35,0.5794871794871795,9744,1974,0,0.02,0.000732421875,0.02,2.0,4.0,0.14543769448372743,,free,0.1549569421046308,,2.0124646827184693,0.6232341359234672,6.545241008319502,,0.17672163879328454
ising,small,epsilon,sigma,36,0.5846153846153846,9744,1974,0,0.02,0.000732421875,0.02,2.0,4.0,0.14191206328193573,,M1,0.1434095400692614,,2.0,0.0,1.0552145833794713,,0.44579075686180347
ising,small,epsilon,sigma,36,0.5846153846153846,9744,1974,0,0.02,0.000732421875,0.02,2.0,4.0,0.14191206328193573,,M2,0.1419458680597246,6.0613758699377245,2.0,0.0,0.02382093319417411,,0.022324632747671762
ising,small,epsilon,sigma,36,0.5846153846153846,9744,1974,0,0.02,0.000732421875,0.02,2.0,4.0,0.14191206328193573,,free,0.15116645112025534,,2.0124201117374443,0.6210055868722142,6.521212942929289,,0.17610717952535537
ising,small,epsilon,sigma,37,0.5897435897435898,9744,1974,0,0.02,0.000732421875,0.02,2.0,4.0,0.1384296913586936,,M1,0.13988531642538748,,2.0,0.0,1.0515266287216773,,0.4442073238396972
ising,small,epsilon,sigma,37,0.5897435897435898,9744,1974,0,0.02,0.000732421875,0.02,2.0,4.0,0.1384296913586936,,M2,0.13846269444357187,5.89137900870886,2.0,0.0,0.023841044904715503,,0.02230563896407152
ising,small,epsilon,sigma,37,0.5897435897435898,9744,1974,0,0.02,0.000732421875,0.02,2.0,4.0,0.1384296913586936,,free,0.1474237733842417,,2.012375597143313,0.6187798571656522,6.497220312543339,,0.17549353308769947
ising,small,epsilon,sigma,38,0.5948717948717949,9744,1974,0,0.02,0.000732421875,0.02,2.0,4.0,0.13499057871400105,,M1,0.13640506824168755,,2.0,0.0,1.0478431466564242,,0.44262585527005455
ising,small,epsilon,sigma,38,0.5948717948717949,9744,1974,0,0.02,0.000732421875,0.02,2.0,4.0,0.13499057871400105,,M2,0.13502278851367278,5.724313189226203,2.0,0.0,0.02386077604716874,,0.022286627478197703
ising,small,epsilon,sigma,38,0.5948717948717949,9744,1974,0,0.02,0.000732421875,0.02,2.0,4.0,0.13499057871400105,,free,0.1437288739844636,,2.0123311388694693,0.6165569434734675,6.473263063029022,,0.1748806988546261
ising,small,epsilon,sigma,39,0.6,9744,1974,0,0.02,0.000732421875,0.02,2.0,4.0,0.13159472534785813,,M1,0.13296879027289257,,2.0,0.0,1.0441641345443342,,0.44104634983045016
ising,small,epsilon,sigma,39,0.6,9744,1974,0,0.02,0.000732421875,0.02,2.0,4.0,0.13159472534785813,,M2,0.1316261503369177,5.560156412711535,2.0,0.0,0.023880128155995273,,0.022267598258818883
ising,small,epsilon,sigma,39,0.6,9744,1974,0,0.02,0.000732421875,0.02,2.0,4.0,0.13159472534785813,,free,0.14008171815862366,,2.012286736933292,0.6143368466646093,6.4493411786308075,,0.17426867620667902
ising,small,sigma,I,-1,0.5,9744,1974,0,0.02,0.000732421875,0.02,2.0,4.0,0.2056167583560283,,M1,0.20572004062074736,,2.0,0.0,0.05023047029086847,,0.01560989937564106
ising,small,sigma,I,-1,0.5,9744,1974,0,0.02,0.000732421875,0.02,2.0,4.0,0.2056167583560283,,M2,0.20569907031692813,0.08684247066747841,2.0,0.0,0.040031737470203055,,0.014963104006509062
ising,small,sigma,I,-1,0.5,9744,1974,0,0.02,0.000732421875,0.02,2.0,4.0,0.2056167583560283,,free,0.20582712382195636,,2.000122677844175,0.006133892208759484,0.10230949442544546,,0.015070712543251097
ising,small,sigma,I,0,0.4,9744,1974,0,0.02,0.000732421875,0.02,2.0,4.0,0.29608813203268075,,M1,0.2962340041872632,,2.0,0.0,0.049266464542507826,,0.015849761133516084
ising,small,sigma,I,0,0.4,9744,1974,0,0.02,0.000732421875,0.02,2.0,4.0,0.29608813203268075,,M2,0.29620756527857917,0.10948912193468066,2.0,0.0,0.040337059468908976,,0.015364116866086176
ising,small,sigma,I,0,0.4,9744,1974,0,0.02,0.000732421875,0.02,2.0,4.0,0.29608813203268075,,free,0.29636935251204166,,2.0001076844748735,0.0053842237436763085,0.09497863944438745,,0.015442430322006824
ising,small,sigma,I,1,0.40512820512820513,9744,1974,0,0.02,0.000732421875,0.02,2.0,4.0,0.2910484260816533,,M1,0.2911918579489151,,2.0,0.0,0.049281100465914385,,0.015833063268233465
ising,small,sigma,I,1,0.40512820512820513,9744,1974,0,0.02,0.000732421875,0.02,2.0,4.0,0.2910484260816533,,M2,0.2911657808822492,0.10799065748152244,2.0,0.0,0.040321400179288425,,0.015343533533364342
ising,small,sigma,I,1,0.40512820512820513,9744,1974,0,0.02,0.000732421875,0.02,2.0,4.0,0.2910484260816533,,free,0.29132533294949275,,2.0001080327680203,0.005401638401014708,0.09514116656372806,,0.015422614464860544
ising,small,sigma,I,2,0.41025641025641024,9744,1974,0,0.02,0.000732421875,0.02,2.0,4.0,0.2860519794091755,,M1,0.2861930015999265,,2.0,0.0,0.04929949830876357,,0.01581679391271493
ising,small,sigma,I,2,0.41025641025641024,9744,1974,0,0.02,0.000732421875,0.02,2.0,4.0,0.2860519794091755,,M2,0.28616727477966913,0.1065402129042962,2.0,0.0,0.040305741191448696,,0.01532295204815737
ising,small,sigma,I,2,0.41025641025641024,9744,1974,0,0.02,0.000732421875,0.02,2.0,4.0,0.2860519794091755,,free,0.2863246634999639,,2.0001084265271856,0.005421326359278389,0.09532676241277294,,0.015402870871859054
ising,small,sigma,I,3,0.4153846153846154,9744,1974,0,0.02,0.000732421875,0.02,2.0,4.0,0.2810987920152471,,M1,0.28123743460037987,,2.0,0.0,0.04932165810418443,,0.01580095903959868
ising,small,sigma,I,3,0.4153846153846154,9744,1974,0,0.02,0.000732421875,0.02,2.0,4.0,0.2810987920152471,,M2,0.28121204695042706,0.10513563681973409,2.0,0.0,0.0402900824895136,,0.015302372439360536
ising,small,sigma,I,3,0.4153846153846154,9744,1974,0,0.02,0.000732421875,0.02,2.0,4.0,0.2810987920152471,,free,0.2813673409470881,,2.0001088657525155,0.005443287625772619,0.09553542721250086,,0.01538320075544381
ising,small,sigma,I,4,0.4205128205128205,9744,1974,0,0.02,0.000732421875,0.02,2.0,4.0,0.2761888638998685,,M1,0.2763251564201408,,2.0,0.0,0.049347579894365445,,0.015785565118361728
ising,small,sigma,I,4,0.4205128205128205,9744,1974,0,0.02,0.000732421875,0.02,2.0,4.0,0.2761888638998685,,M2,0.27630009737410416,0.10377481838861148,2.0,0.0,0.04027442405352133,,0.015281794731715198
ising,small,sigma,I,4,0.4205128205128205,9744,1974,0,0.02,0.000732421875,0.02,2.0,4.0,0.2761888638998685,,free,0.27645336213501454,,2.0001093504446814,0.005467522234070543,0.0957671614312039,,0.015363605410874535
ising,small,sigma,I,5,0.4256410256410256,9744,1974,0,0.02,0.000732421875,0.02,2.0,4.0,0.27132219506303945,,M1,0.2714561665388186,,2.0,0.0,0.0493772637170542,,0.015770619121548445
ising,small,sigma,I,5,0.4256410256410256,9744,1974,0,0.02,0.000732421875,0.02,2.0,4.0,0.27132219506303945,,M2,0.271431426030316,0.10245568697795376,2.0,0.0,0.04025876587470112,,0.01526121895473447
ising,small,sigma,I,5,0.4256410256410256,9744,1974,0,0.02,0.000732421875,0.02,2.0,4.0,0.27132219506303945,,free,0.2715827239678759,,2.0001098806045006,0.005494030225028368,0.09602196561027121,,0.015344086224375308
ising,small,sigma,I,6,0.4307692307692308,9744,1974,0,0.02,0.000732421875,0.02,2.0,4.0,0.26649878550475997,,M1,0.2666304644457983,,2.0,0.0,0.04941070961690386,,0.015756128520628254
ising,small,sigma,I,6,0.4307692307692308,9744,1974,0,0.02,0.000732421875,0.02,2.0,4.0,0.26649878550475997,,M2,0.266606032898681,0.10117621242791705,2.0,0.0,0.04024310794434882,,0.015240645135380381
ising,small,sigma,I,6,0.4307692307692308,9744,1974,0,0.02,0.000732421875,0.02,2.0,4.0,0.26649878550475997,,free,0.2667554234092603,,2.000110456232456,0.0055228116228045465,0.09629984017158755,,0.015324644667431504
ising,small,sigma,I,7,0.4358974358974359,9744,1974,0,0.02,0.000732421875,0.02,2.0,4.0,0.2617186352250301,,M1,0.26184804964022446,,2.0,0.0,0.04944791763992207,,0.01574210129160932
ising,small,sigma,I,7,0.4358974358974359,9744,1974,0,0.02,0.000732421875,0.02,2.0,4.0,0.2617186352250301,,M2,0.26182391795874405,0.09993440529900201,2.0,0.0,0.040227450224716854,,0.015220073300894522
ising,small,sigma,I,7,0.4358974358974359,9744,1974,0,0.02,0.000732421875,0.02,2.0,4.0,0.2617186352250301,,free,0.26197145748317596,,2.0001110773295516,0.00555386647758116,0.09660078577458098,,0.015305282301263235
ising,small,sigma,I,8,0.441025641025641,9744,1974,0,0.02,0.000732421875,0.02,2.0,4.0,0.2569817442238498,,M1,0.2571089216310068,,2.0,0.0,0.04948888783564698,,0.01572854590814525
ising,small,sigma,I,8,0.441025641025641,9744,1974,0,0.02,0.000732421875,0.02,2.0,4.0,0.2569817442238498,,M2,0.25708508119014684,0.09872831619044177,2.0,0.0,0.040211792712807615,,0.01519950347865809
ising,small,sigma,I,8,0.441025641025641,9744,1974,0,0.02,0.000732421875,0.02,2.0,4.0,0.2569817442238498,,free,0.25723082327274127,,2.0001117438961526,0.0055871948076324784,0.0969248028274361,,0.015286000774046911
ising,small,sigma,I,9,0.4461538461538462,9744,1974,0,0.02,0.000732421875,0.02,2.0,4.0,0.25228811250121913,,M1,0.25241307993681683,,2.0,0.0,0.04953362025612584,,0.015715471348369946
ising,small,sigma,I,9,0.4461538461538462,9744,1974,0,0.02,0.000732421875,0.02,2.0,4.0,0.25228811250121913,,M2,0.2523895225724472,0.09755603647467596,2.0,0.0,0.04019613537182831,,0.015178935695814398
ising,small,sigma,I,9,0.4461538461538462,9744,1974,0,0.02,0.000732421875,0.02,2.0,4.0,0.25228811250121913,,free,0.2525335179216696,,2.000112455933322,0.005622796666093777,0.09727189205130937,,0.015266801824513338
ising,small,sigma,I,10,0.4512820512820513,9744,1974,0,0.02,0.000732421875,0.02,2.0,4.0,0.247637740057138,,M1,0.24776052408608495,,2.0,0.0,0.04958211495493803,,0.015702887087735696
ising,small,sigma,I,10,0.4512820512820513,9744,1974,0,0.02,0.000732421875,0.02,2.0,4.0,0.247637740057138,,M2,0.2477372420852932,0.0964156975626769,2.0,0.0,0.04018047819862591,,0.015158369980292671
ising,small,sigma,I,10,0.4512820512820513,9744,1974,0,0.02,0.000732421875,0.02,2.0,4.0,0.247637740057138,,free,0.24787953863291654,,2.0001132134415975,0.005660672079876861,0.09764205396267656,,0.01524768727994143
ising,small,sigma,I,11,0.4564102564102564,9744,1974,0,0.02,0.000732421875,0.02,2.0,4.0,0.2430306268916065,,M1,0.24315125361701567,,2.0,0.0,0.04963437199334564,,0.015690803104205203
ising,small,sigma,I,11,0.4564102564102564,9744,1974,0,0.02,0.000732421875,0.02,2.0,4.0,0.2430306268916065,,M2,0.24312823970822117,0.09530547180693293,2.0,0.0,0.04016482114339581,,0.015137806356922148
ising,small,sigma,I,11,0.4564102564102564,9744,1974,0,0.02,0.000732421875,0.02,2.0,4.0,0.2430306268916065,,free,0.24326888267035274,,2.000114016422555,0.0057008211277409515,0.09803528954088758,,0.01522865905691293
ising,small,sigma,I,12,0.46153846153846156,9744,1974,0,0.02,0.000732421875,0.02,2.0,4.0,0.23846677300462452,,M1,0.23858526807754402,,2.0,0.0,0.04969039142288523,,0.015679229874512927
ising,small,sigma,I,12,0.46153846153846156,9744,1974,0,0.02,0.000732421875,0.02,2.0,4.0,0.23846677300462452,,M2,0.23856251542090376,0.09422357129023262,2.0,0.0,0.04014916420971293,,0.015117244858537627
ising,small,sigma,I,12,0.46153846153846156,9744,1974,0,0.02,0.000732421875,0.02,2.0,4.0,0.23846677300462452,,free,0.2387015473561386,,2.0001148648763554,0.005743243817768473,0.09845159917081237,,0.01520971916767048
ising,small,sigma,I,13,0.4666666666666667,9744,1974,0,0.02,0.000732421875,0.02,2.0,4.0,0.2339461783961922,,M1,0.23406256702541078,,2.0,0.0,0.049750173316143176,,0.015668178369341198
ising,small,sigma,I,13,0.4666666666666667,9744,1974,0,0.02,0.000732421875,0.02,2.0,4.0,0.2339461783961922,,M2,0.23404006920287057,0.09316824929549507,2.0,0.0,0.040133507340045504,,0.015096685505198213
ising,small,sigma,I,13,0.4666666666666667,9744,1974,0,0.02,0.000732421875,0.02,2.0,4.0,0.2339461783961922,,free,0.23417753007367287,,2.000115758804502,0.0057879402250993195,0.09889098384368022,,0.01519086970589215
ising,small,sigma,I,14,0.4717948717948718,9744,1974,0,0.02,0.000732421875,0.02,2.0,4.0,0.22946884306630946,,M1,0.2295831500280767,,2.0,0.0,0.04981371773169485,,0.015657660060475167
ising,small,sigma,I,14,0.4717948717948718,9744,1974,0,0.02,0.000732421875,0.02,2.0,4.0,0.22946884306630946,,M2,0.22956090103376706,0.09213779887834295,2.0,0.0,0.0401178505227362,,0.015076128330369979
ising,small,sigma,I,14,0.4717948717948718,9744,1974,0,0.02,0.000732421875,0.02,2.0,4.0,0.22946884306630946,,free,0.22969682826537385,,2.000116698207784,0.005834910389190817,0.09935344424885084,,0.015172112867522907
ising,small,sigma,I,15,0.47692307692307695,9744,1974,0,0.02,0.000732421875,0.02,2.0,4.0,0.2250347670149762,,M1,0.2251470166627844,,2.0,0.0,0.04988102473992839,,0.01564768690808749
ising,small,sigma,I,15,0.47692307692307695,9744,1974,0,0.02,0.000732421875,0.02,2.0,4.0,0.2250347670149762,,M2,0.22512501089319154,0.0911305537989231,2.0,0.0,0.04010219372427848,,0.015055573358649791
ising,small,sigma,I,15,0.47692307692307695,9744,1974,0,0.02,0.000732421875,0.02,2.0,4.0,0.2250347670149762,,free,0.22525943943379778,,2.0001176830873106,0.005884154365531913,0.09983898123910873,,0.015153450932820355
ising,small,sigma,I,16,0.48205128205128206,9744,1974,0,0.02,0.000732421875,0.02,2.0,4.0,0.2206439502421927,,M1,0.22075416651652702,,2.0,0.0,0.049952094409722037,,0.015638271367018956
ising,small,sigma,I,16,0.48205128205128206,9744,1974,0,0.02,0.000732421875,0.02,2.0,4.0,0.2206439502421927,,M2,0.22073239876075035,0.09014488816328373,2.0,0.0,0.04008653691187636,,0.015035020619118227
ising,small,sigma,I,16,0.48205128205128206,9744,1974,0,0.02,0.000732421875,0.02,2.0,4.0,0.2206439502421927,,free,0.22086536114128044,,2.0001187134441953,0.0059356722097669845,0.10034759568287033,,0.015134886278393418
ising,small,sigma,I,17,0.48717948717948717,9744,1974,0,0.02,0.000732421875,0.02,2.0,4.0,0.2162963927479587,,M1,0.21640459918605243,,2.0,0.0,0.05002692681048693,,0.015629426379501876
ising,small,sigma,I,17,0.48717948717948717,9744,1974,0,0.02,0.000732421875,0.02,2.0,4.0,0.2162963927479587,,M2,0.21638306461606407,0.08917921641340695,2.0,0.0,0.04007088005686388,,0.015014470140896671
ising,small,sigma,I,17,0.48717948717948717,9744,1974,0,0.02,0.000732421875,0.02,2.0,4.0,0.2162963927479587,,free,0.2165145910097495,,2.0001197892793474,0.005989463967370767,0.10087928837771987,,0.0151164213735108
ising,small,sigma,I,18,0.49230769230769234,9744,1974,0,0.02,0.000732421875,0.02,2.0,4.0,0.21199209453227436,,M1,0.21209831427789191,,2.0,0.0,0.05010552202520113,,0.015621165370864727
ising,small,sigma,I,18,0.49230769230769234,9744,1974,0,0.02,0.000732421875,0.02,2.0,4.0,0.21199209453227436,,M2,0.21207700843873037,0.08823199360295043,2.0,0.0,0.04005522311734122,,0.014993921948067349
ising,small,sigma,I,18,0.49230769230769234,9744,1974,0,0.02,0.000732421875,0.02,2.0,4.0,0.21199209453227436,,free,0.21220712672174422,,2.000120910594551,0.006045529727560783,0.10143406052205428,,0.01509805877649163
ising,small,sigma,I,19,0.49743589743589745,9744,1974,0,0.02,0.000732421875,0.02,2.0,4.0,0.2077310555951396,,M1,0.2078353114083132,,2.0,0.0,0.05018788012938202,,0.015613502250767713
ising,small,sigma,I,19,0.49743589743589745,9744,1974,0,0.02,0.000732421875,0.02,2.0,4.0,0.2077310555951396,,M2,0.2078142302083633,0.0873017150378849,2.0,0.0,0.040039566055916076,,0.014973376069537409
ising,small,sigma,I,19,0.49743589743589745,9744,1974,0,0.02,0.000732421875,0.02,2.0,4.0,0.2077310555951396,,free,0.20794296601862097,,2.000122077390575,0.006103869528750749,0.10201191289105349,,0.01507980114336146
ising,small,sigma,I,20,0.5025641025641026,9744,1974,0,0.02,0.000732421875,0.02,2.0,4.0,0.2035132759365544,,M1,0.20361559020334585,,2.0,0.0,0.05027400120243275,,0.015606451405888185
ising,small,sigma,I,20,0.5025641025641026,9744,1974,0,0.02,0.000732421875,0.02,2.0,4.0,0.2035132759365544,,M2,0.2035947299045966,0.08638691636799319,2.0,0.0,0.040023908841990696,,0.014952832534407642
ising,small,sigma,I,20,0.5025641025641026,9744,1974,0,0.02,0.000732421875,0.02,2.0,4.0,0.2035132759365544,,free,0.20372210670203145,,2.000123289668747,0.006164483437354207,0.10261284651629232,,0.015061651224206683
ising,small,sigma,I,21,0.5076923076923077,9744,1974,0,0.02,0.000732421875,0.02,2.0,4.0,0.1993387555565188,,M1,0.19943915029878992,,2.0,0.0,0.05036388533219416,,0.015600027693976976
ising,small,sigma,I,21,0.5076923076923077,9744,1974,0,0.02,0.000732421875,0.02,2.0,4.0,0.1993387555565188,,M2,0.19941850750704312,0.0854861737921392,2.0,0.0,0.04000825143191111,,0.014932291367154344
ising,small,sigma,I,21,0.5076923076923077,9744,1974,0,0.02,0.000732421875,0.02,2.0,4.0,0.1993387555565188,,free,0.19954454663349938,,2.0001245474305005,0.0062273715250249495,0.10323686249873454,,0.015043611859245638
ising,small,sigma,I,22,0.5128205128205128,9744,1974,0,0.02,0.000732421875,0.02,2.0,4.0,0.19520749445503283,,M1,0.19530599134018828,,2.0,0.0,0.05045753260162211,,0.015594246446744196
ising,small,sigma,I,22,0.5128205128205128,9744,1974,0,0.02,0.000732421875,0.02,2.0,4.0,0.19520749445503283,,M2,0.19528556299532276,0.08459810382603718,2.0,0.0,0.039992593782267605,,0.014911752599041084
ising,small,sigma,I,22,0.5128205128205128,9744,1974,0,0.02,0.000732421875,0.02,2.0,4.0,0.19520749445503283,,free,0.19541028373420183,,2.000125850677156,0.006292533857799043,0.10388396190172955,,0.015025685990399757
ising,small,sigma,I,23,0.517948717948718,9744,1974,0,0.02,0.000732421875,0.02,2.0,4.0,0.19111949263209635,,M1,0.19121611298285135,,2.0,0.0,0.05055494310095554,,0.015589123452337554
ising,small,sigma,I,23,0.517948717948718,9744,1974,0,0.02,0.000732421875,0.02,2.0,4.0,0.19111949263209635,,M2,0.1911958963490864,0.08372136330779452,2.0,0.0,0.03997693586239581,,0.014891216255362785
ising,small,sigma,I,23,0.517948717948718,9744,1974,0,0.02,0.000732421875,0.02,2.0,4.0,0.19111949263209635,,free,0.1913193159851089,,2.0001271994100494,0.006359970502467505,0.1045541458176702,,0.015007876647802268
ising,small,sigma,I,24,0.5230769230769231,9744,1974,0,0.02,0.000732421875,0.02,2.0,4.0,0.18707475008770952,,M1,0.18716951489184291,,2.0,0.0,0.05065611692063321,,0.015584674963999375
ising,small,sigma,I,24,0.5230769230769231,9744,1974,0,0.02,0.000732421875,0.02,2.0,4.0,0.18707475008770952,,M2,0.1871495075479389,0.08285464965581962,2.0,0.0,0.03996127761460855,,0.01487068236605667
ising,small,sigma,I,24,0.5230769230769231,9744,1974,0,0.02,0.000732421875,0.02,2.0,4.0,0.18707475008770952,,free,0.18727164142711902,,2.000128593630718,0.006429681535902176,0.10524741544071237,,0.01499018696325253
ising,small,sigma,I,25,0.5282051282051282,9744,1974,0,0.02,0.000732421875,0.02,2.0,4.0,0.18307326682187228,,M1,0.18316619674199253,,2.0,0.0,0.050761054157999475,,0.015580917680727046
ising,small,sigma,I,25,0.5282051282051282,9744,1974,0,0.02,0.000732421875,0.02,2.0,4.0,0.18307326682187228,,M2,0.18314639657152443,0.08199670056797435,2.0,0.0,0.039945618998160626,,0.014850150956800813
ising,small,sigma,I,25,0.5282051282051282,9744,1974,0,0.02,0.000732421875,0.02,2.0,4.0,0.18307326682187228,,free,0.18326725816073788,,2.0001300333404957,0.006501667024783053,0.10596377190033035,,0.014972620159007877
ising,small,sigma,I,26,0.5333333333333333,9744,1974,0,0.02,0.000732421875,0.02,2.0,4.0,0.17911504283458465,,M1,0.1792061582178777,,2.0,0.0,0.05086975490784518,,0.015577868748954199
ising,small,sigma,I,26,0.5333333333333333,9744,1974,0,0.02,0.000732421875,0.02,2.0,4.0,0.17911504283458465,,M2,0.17918656339948807,0.08114629410732402,2.0,0.0,0.03992995996962012,,0.014829622056398171
ising,small,sigma,I,26,0.5333333333333333,9744,1974,0,0.02,0.000732421875,0.02,2.0,4.0,0.17911504283458465,,free,0.17930616434672864,,2.000131518541362,0.00657592706809762,0.10670321661396809,,0.014955179556712767
ising,small,sigma,I,27,0.5384615384615384,9744,1974,0,0.02,0.000732421875,0.02,2.0,4.0,0.17520007812584662,,M1,0.1752893990138379,,2.0,0.0,0.05098221926995716,,0.015575545753934661
ising,small,sigma,I,27,0.5384615384615384,9744,1974,0,0.02,0.000732421875,0.02,2.0,4.0,0.17520007812584662,,M2,0.17527000801147008,0.08030224878253096,2.0,0.0,0.03991430047949329,,0.01480909569369015
ising,small,sigma,I,27,0.5384615384615384,9744,1974,0,0.02,0.000732421875,0.02,2.0,4.0,0.17520007812584662,,free,0.1753883582049249,,2.0001330492344023,0.006652461720113578,0.10746575063913522,,0.014937868574670738
ising,small,sigma,I,28,0.5435897435897435,9744,1974,0,0.02,0.000732421875,0.02,2.0,4.0,0.17132837269565818,,M1,0.17141591883397328,,2.0,0.0,0.05109844734860758,,0.015573966709093636
ising,small,sigma,I,28,0.5435897435897435,9744,1974,0,0.02,0.000732421875,0.02,2.0,4.0,0.17132837269565818,,M2,0.1713967303871081,0.07946342353495477,2.0,0.0,0.039898640472912916,,0.014788571894411654
ising,small,sigma,I,28,0.5435897435897435,9744,1974,0,0.02,0.000732421875,0.02,2.0,4.0,0.17132837269565818,,free,0.17151383801552217,,2.0001346254214765,0.0067312710738232084,0.10825137538277296,,0.014920690725142188
ising,small,sigma,I,29,0.5487179487179488,9744,1974,0,0.02,0.000732421875,0.02,2.0,4.0,0.16749992654401924,,M1,0.16758571739212766,,2.0,0.0,0.05121843924265068,,0.015573150053837357
ising,small,sigma,I,29,0.5487179487179488,9744,1974,0,0.02,0.000732421875,0.02,2.0,4.0,0.16749992654401924,,M2,0.1675667305060663,0.07862871754575097,2.0,0.0,0.03988297990655809,,0.014768050691298652
ising,small,sigma,I,29,0.5487179487179488,9744,1974,0,0.02,0.000732421875,0.02,2.0,4.0,0.16749992654401924,,free,0.16768260211819294,,2.000136247104089,0.006812355204455223,0.10906009211035794,,0.014903649623591907
ising,small,sigma,I,30,0.5538461538461539,9744,1974,0,0.02,0.000732421875,0.02,2.0,4.0,0.16371473967092998,,M1,0.16379879441192807,,2.0,0.0,0.051342195068726504,,0.015573114634083344
ising,small,sigma,I,30,0.5538461538461539,9744,1974,0,0.02,0.000732421875,0.02,2.0,4.0,0.16371473967092998,,M2,0.1637800083479942,0.07779707057156394,2.0,0.0,0.03986731872487326,,0.01474753210589963
ising,small,sigma,I,30,0.5538461538461539,9744,1974,0,0.02,0.000732421875,0.02,2.0,4.0,0.16371473967092998,,free,0.16389464891265418,,2.000137914284099,0.006895714204957493,0.10989190227210788,,0.014886748972258172
ising,small,sigma,I,31,0.558974358974359,9744,1974,0,0.02,0.000732421875,0.02,2.0,4.0,0.1599728120763903,,M1,0.16005514962673517,,2.0,0.0,0.05146971493228403,,0.015573879708042878
ising,small,sigma,I,31,0.558974358974359,9744,1974,0,0.02,0.000732421875,0.02,2.0,4.0,0.1599728120763903,,M2,0.1600365638925485,0.07696746264861991,2.0,0.0,0.03985165687263592,,0.014727016170279364
ising,small,sigma,I,31,0.558974358974359,9744,1974,0,0.02,0.000732421875,0.02,2.0,4.0,0.1599728120763903,,free,0.16014997685810273,,2.0001396269630054,0.0069813481502700725,0.11074680716860463,,0.014869992581198851
ising,small,sigma,I,32,0.5641025641025641,9744,1974,0,0.02,0.000732421875,0.02,2.0,4.0,0.15627414376040022,,M1,0.15635478277967846,,2.0,0.0,0.051600998948275745,,0.01557546492449384
ising,small,sigma,I,32,0.5641025641025641,9744,1974,0,0.02,0.000732421875,0.02,2.0,4.0,0.15627414376040022,,M2,0.15633639711939126,0.0761389142454336,2.0,0.0,0.03983599429377982,,0.014706502911175527
ising,small,sigma,I,32,0.5641025641025641,9744,1974,0,0.02,0.000732421875,0.02,2.0,4.0,0.15627414376040022,,free,0.15644858447411567,,2.0001413851431993,0.007069257159963982,0.11162480850503975,,0.014853384352774375
ising,small,sigma,I,33,0.5692307692307692,9744,1974,0,0.02,0.000732421875,0.02,2.0,4.0,0.1526187347229597,,M1,0.15269769362363786,,2.0,0.0,0.05173604723003322,,0.015577890317389948
ising,small,sigma,I,33,0.5692307692307692,9744,1974,0,0.02,0.000732421875,0.02,2.0,4.0,0.1526187347229597,,M2,0.1526795080081968,0.07531048615811614,2.0,0.0,0.03982033093605786,,0.014685992357468734
ising,small,sigma,I,33,0.5692307692307692,9744,1974,0,0.02,0.000732421875,0.02,2.0,4.0,0.1526187347229597,,free,0.15279047033908816,,2.0001431888256866,0.007159441284332324,0.11252590741248625,,0.014836928289054524
ising,small,sigma,I,34,0.5743589743589743,9744,1974,0,0.02,0.000732421875,0.02,2.0,4.0,0.14900658496406882,,M1,0.14908388192125413,,2.0,0.0,0.05187485989559537,,0.015581176297334102
ising,small,sigma,I,34,0.5743589743589743,9744,1974,0,0.02,0.000732421875,0.02,2.0,4.0,0.14900658496406882,,M2,0.14906589653861776,0.07448127969464989,2.0,0.0,0.03980466672881544,,0.014665484538188963
ising,small,sigma,I,34,0.5743589743589743,9744,1974,0,0.02,0.000732421875,0.02,2.0,4.0,0.14900658496406882,,free,0.14917563309219445,,2.000145038012999,0.007251900649940524,0.11345010568921676,,0.01482062849155777
ising,small,sigma,I,35,0.5794871794871795,9744,1974,0,0.02,0.000732421875,0.02,2.0,4.0,0.14543769448372743,,M1,0.1455133474449298,,2.0,0.0,0.05201743706879647,,0.015585343631182016
ising,small,sigma,I,35,0.5794871794871795,9744,1974,0,0.02,0.000732421875,0.02,2.0,4.0,0.14543769448372743,,M2,0.1454955626903506,0.07365043640690745,2.0,0.0,0.03978900162615595,,0.014644979479379549
ising,small,sigma,I,35,0.5794871794871795,9744,1974,0,0.02,0.000732421875,0.02,2.0,4.0,0.14543769448372743,,free,0.14560407143180354,,2.000146932706807,0.0073466353403439655,0.11439740479022298,,0.014804489155012547
ising,small,sigma,I,36,0.5846153846153846,9744,1974,0,0.02,0.000732421875,0.02,2.0,4.0,0.14191206328193573,,M1,0.14198608997681927,,2.0,0.0,0.05216377887231616,,0.015590413441481132
ising,small,sigma,I,36,0.5846153846153846,9744,1974,0,0.02,0.000732421875,0.02,2.0,4.0,0.14191206328193573,,M2,0.141968506443071,0.07281713831733817,2.0,0.0,0.03977333556424156,,0.014624477210631112
ising,small,sigma,I,36,0.5846153846153846,9744,1974,0,0.02,0.000732421875,0.02,2.0,4.0,0.14191206328193573,,free,0.1420757841162246,,2.0001488729090635,0.007443645453175662,0.11536780630383436,,0.014788514577347815
ising,small,sigma,I,37,0.5897435897435898,9744,1974,0,0.02,0.000732421875,0.02,2.0,4.0,0.1384296913586936,,M1,0.13850210930883347,,2.0,0.0,0.05231388543101012,,0.015596407189370153
ising,small,sigma,I,37,0.5897435897435898,9744,1974,0,0.02,0.000732421875,0.02,2.0,4.0,0.1384296913586936,,M2,0.1384847277764423,0.07198060790387278,2.0,0.0,0.03975766846586737,,0.014603977760197139
ising,small,sigma,I,37,0.5897435897435898,9744,1974,0,0.02,0.000732421875,0.02,2.0,4.0,0.1384296913586936,,free,0.13859076996373967,,2.0001508586220775,0.0075429311038766045,0.11636131198811128,,0.014772709154258398
ising,small,sigma,I,38,0.5948717948717949,9744,1974,0,0.02,0.000732421875,0.02,2.0,4.0,0.13499057871400105,,M1,0.13506140524264787,,2.0,0.0,0.05246775687721694,,0.015603346655905098
ising,small,sigma,I,38,0.5948717948717949,9744,1974,0,0.02,0.000732421875,0.02,2.0,4.0,0.13499057871400105,,M2,0.13504422667017446,0.0711401078874251,2.0,0.0,0.03974200028216135,,0.014583481154863418
ising,small,sigma,I,38,0.5948717948717949,9744,1974,0,0.02,0.000732421875,0.02,2.0,4.0,0.13499057871400105,,free,0.13514902785183694,,2.0001528898472056,0.0076444923602814185,0.11737792321906415,,0.014757077376216735
ising,small,sigma,I,39,0.6,9744,1974,0,0.02,0.000732421875,0.02,2.0,4.0,0.13159472534785813,,M1,0.13166397758968737,,2.0,0.0,0.052625393340188786,,0.015611253939716137
ising,small,sigma,I,39,0.6,9744,1974,0,0.02,0.000732421875,0.02,2.0,4.0,0.13159472534785813,,M2,0.13164700310394503,0.07029494149824093,2.0,0.0,0.03972633093667355,,0.01456298742457568
ising,small,sigma,I,39,0.6,9744,1974,0,0.02,0.000732421875,0.02,2.0,4.0,0.13159472534785813,,free,0.13175055671869906,,2.000154966587408,0.007748329370405038,0.11841764206659278,,0.01474162383749896
ising,small,sigma,epsilon,-1,0.5,9744,1974,0,0.02,0.000732421875,0.02,2.0,4.0,0.2056167583560283,,M1,0.20869748159184456,,2.0,0.0,1.4982841186913065,,0.6360818904271665
ising,small,sigma,epsilon,-1,0.5,9744,1974,0,0.02,0.000732421875,0.02,2.0,4.0,0.2056167583560283,,M2,0.20565663523639183,12.592788960254644,2.0,0.0,0.019393789048294252,,0.024415191165580115
ising,small,sigma,epsilon,-1,0.5,9744,1974,0,0.02,0.000732421875,0.02,2.0,4.0,0.2056167583560283,,free,0.22504230528629962,,2.0177795391026194,0.8889769551309712,9.44745315779938,,0.25007823744420316
ising,small,sigma,epsilon,0,0.4,9744,1974,0,0.02,0.000732421875,0.02,2.0,4.0,0.29608813203268075,,M1,0.30029241726658723,,2.0,0.0,1.4199438542313647,,0.602459481893465
ising,small,sigma,epsilon,0,0.4,9744,1974,0,0.02,0.000732421875,0.02,2.0,4.0,0.29608813203268075,,M2,0.29614851998786923,17.160756514480823,2.0,0.0,0.02039526365811284,,0.024064047999920592
ising,small,sigma,epsilon,0,0.4,9744,1974,0,0.02,0.000732421875,0.02,2.0,4.0,0.29608813203268075,,free,0.32251100367784724,,2.0168309355792733,0.8415467789636644,8.92398876772611,,0.2369931464556981
ising,small,sigma,epsilon,1,0.40512820512820513,9744,1974,0,0.02,0.000732421875,0.02,2.0,4.0,0.2910484260816533,,M1,0.2951927186253355,,2.0,0.0,1.4239185552302303,,0.6041649627235638
ising,small,sigma,epsilon,1,0.40512820512820513,9744,1974,0,0.02,0.000732421875,0.02,2.0,4.0,0.2910484260816533,,M2,0.29110764931398053,16.91713743894463,2.0,0.0,0.02034824002470348,,0.024082148855988948
ising,small,sigma,epsilon,1,0.40512820512820513,9744,1974,0,0.02,0.000732421875,0.02,2.0,4.0,0.2910484260816533,,free,0.31709864966492424,,2.016879039406501,0.843951970325052,8.95047739442596,,0.23765643528361616
ising,small,sigma,epsilon,2,0.41025641025641024,9744,1974,0,0.02,0.000732421875,0.02,2.0,4.0,0.2860519794091755,,M1,0.2901365095042321,,2.0,0.0,1.427897860903804,,0.605872461471572
ising,small,sigma,epsilon,2,0.41025641025641024,9744,1974,0,0.02,0.000732421875,0.02,2.0,4.0,0.2860519794091755,,M2,0.2861100501288478,16.674421277593282,2.0,0.0,0.020300757852576012,,0.024100238642616928
ising,small,sigma,epsilon,2,0.41025641025641024,9744,1974,0,0.02,0.000732421875,0.02,2.0,4.0,0.2860519794091755,,free,0.3117308779905987,,2.0169272019189997,0.8463600959499828,8.977004331332218,,0.23832055662492796
ising,small,sigma,epsilon,3,0.4153846153846154,9744,1974,0,0.02,0.000732421875,0.02,2.0,4.0,0.2810987920152471,,M1,0.2851237943853419,,2.0,0.0,1.431881774104693,,0.6075819795952357
ising,small,sigma,epsilon,3,0.4153846153846154,9744,1974,0,0.02,0.000732421875,0.02,2.0,4.0,0.2810987920152471,,M2,0.28115572243481884,16.432626581885934,2.0,0.0,0.020252815447396877,,0.024118317513145162
ising,small,sigma,epsilon,3,0.4153846153846154,9744,1974,0,0.02,0.000732421875,0.02,2.0,4.0,0.2810987920152471,,free,0.3064077172219472,,2.016975422964624,0.8487711482312088,9.003569536978762,,0.23898551122396394
ising,small,sigma,epsilon,4,0.4205128205128205,9744,1974,0,0.02,0.000732421875,0.02,2.0,4.0,0.2761888638998685,,M1,0.28015457776214364,,2.0,0.0,1.4358702976934312,,0.609293518558689
ising,small,sigma,epsilon,4,0.4205128205128205,9744,1974,0,0.02,0.000732421875,0.02,2.0,4.0,0.2761888638998685,,M2,0.2762446662333596,16.191771954198423,2.0,0.0,0.020204411105906317,,0.02413638562505404
ising,small,sigma,epsilon,4,0.4205128205128205,9744,1974,0,0.02,0.000732421875,0.02,2.0,4.0,0.2761888638998685,,free,0.30112919583733166,,2.0170237022444475,0.8511851122223746,9.030172898826638,,0.23965129983004663
ising,small,sigma,epsilon,5,0.4256410256410256,9744,1974,0,0.02,0.000732421875,0.02,2.0,4.0,0.27132219506303945,,M1,0.2752288641395267,,2.0,0.0,1.4398634345338168,,0.6110070798285092
ising,small,sigma,epsilon,5,0.4256410256410256,9744,1974,0,0.02,0.000732421875,0.02,2.0,4.0,0.27132219506303945,,M2,0.27137688152506045,15.951876047786088,2.0,0.0,0.02015554312033707,,0.024154443137678134
ising,small,sigma,epsilon,5,0.4256410256410256,9744,1974,0,0.02,0.000732421875,0.02,2.0,4.0,0.27132219506303945,,free,0.29589534277503865,,2.0170720397250133,0.8536019862506627,9.056814429165971,,0.24031792319396988
ising,small,sigma,epsilon,6,0.4307692307692308,9744,1974,0,0.02,0.000732421875,0.02,2.0,4.0,0.26649878550475997,,M1,0.27034665803380875,,2.0,0.0,1.4438611874949991,,0.6127226648735897
ising,small,sigma,epsilon,6,0.4307692307692308,9744,1974,0,0.02,0.000732421875,0.02,2.0,4.0,0.26649878550475997,,M2,0.2665523683096373,15.712957566855032,2.0,0.0,0.020106209780967887,,0.024172490212478696
ising,small,sigma,epsilon,6,0.4307692307692308,9744,1974,0,0.02,0.000732421875,0.02,2.0,4.0,0.26649878550475997,,free,0.29070618822369854,,2.0171204363103827,0.8560218155191368,9.083494573188666,,0.24098538206779097
ising,small,sigma,epsilon,7,0.4358974358974359,9744,1974,0,0.02,0.000732421875,0.02,2.0,4.0,0.2617186352250301,,M1,0.26550796397275184,,2.0,0.0,1.4478635594533218,,0.6144402751680812
ising,small,sigma,epsilon,7,0.4358974358974359,9744,1974,0,0.02,0.000732421875,0.02,2.0,4.0,0.2617186352250301,,M2,0.2617711265859111,15.475035266709375,2.0,0.0,0.020056409371038697,,0.024190527014376437
ising,small,sigma,epsilon,7,0.4358974358974359,9744,1974,0,0.02,0.000732421875,0.02,2.0,4.0,0.2617186352250301,,free,0.2855617599579819,,2.017168890897556,0.8584445448778011,9.11021284840916,,0.24165367720694483
ising,small,sigma,epsilon,8,0.441025641025641,9744,1974,0,0.02,0.000732421875,0.02,2.0,4.0,0.2569817442238498,,M1,0.26071278649556845,,2.0,0.0,1.4518705532906129,,0.6161599121864294
ising,small,sigma,epsilon,8,0.441025641025641,9744,1974,0,0.02,0.000732421875,0.02,2.0,4.0,0.2569817442238498,,M2,0.25703315635182683,15.238127953699816,2.0,0.0,0.020006140176342946,,0.02420855370895749
ising,small,sigma,epsilon,8,0.441025641025641,9744,1974,0,0.02,0.000732421875,0.02,2.0,4.0,0.2569817442238498,,free,0.2804620886921056,,2.0172174046962725,0.8608702348136266,9.136969841640852,,0.2423228093660425
ising,small,sigma,epsilon,9,0.4461538461538462,9744,1974,0,0.02,0.000732421875,0.02,2.0,4.0,0.25228811250121913,,M1,0.2559611301529317,,2.0,0.0,1.4558821718937853,,0.6178815774107462
ising,small,sigma,epsilon,9,0.4461538461538462,9744,1974,0,0.02,0.000732421875,0.02,2.0,4.0,0.25228811250121913,,M2,0.25233845760440216,15.002254485478364,2.0,0.0,0.019955400468107953,,0.02422657046595106
ising,small,sigma,epsilon,9,0.4461538461538462,9744,1974,0,0.02,0.000732421875,0.02,2.0,4.0,0.25228811250121913,,free,0.27540720274961195,,2.0172659768764323,0.8632988438216138,9.163765196539364,,0.2429927793064566
ising,small,sigma,epsilon,10,0.4512820512820513,9744,1974,0,0.02,0.000732421875,0.02,2.0,4.0,0.247637740057138,,M1,0.2512529995069904,,2.0,0.0,1.4598984181563912,,0.6196052723239129
ising,small,sigma,epsilon,10,0.4512820512820513,9744,1974,0,0.02,0.000732421875,0.02,2.0,4.0,0.247637740057138,,M2,0.24768703033976633,14.767433770899276,2.0,0.0,0.019904188520269983,,0.02424457745741795
ising,small,sigma,epsilon,10,0.4512820512820513,9744,1974,0,0.02,0.000732421875,0.02,2.0,4.0,0.247637740057138,,free,0.27039713170052004,,2.0173146075521204,0.8657303776060221,9.190598992758826,,0.24366358778833502
ising,small,sigma,epsilon,11,0.4564102564102564,9744,1974,0,0.02,0.000732421875,0.02,2.0,4.0,0.2430306268916065,,M1,0.24658839913137215,,2.0,0.0,1.463919294975291,,0.6213309984125606
ising,small,sigma,epsilon,11,0.4564102564102564,9744,1974,0,0.02,0.000732421875,0.02,2.0,4.0,0.2430306268916065,,M2,0.24307887455312716,14.533684770168879,2.0,0.0,0.01985250259926019,,0.024262574856760106
ising,small,sigma,epsilon,11,0.4564102564102564,9744,1974,0,0.02,0.000732421875,0.02,2.0,4.0,0.2430306268916065,,free,0.2654319055685029,,2.0173632971605957,0.8681648580297852,9.217471461688454,,0.24433523557531284
ising,small,sigma,epsilon,12,0.46153846153846156,9744,1974,0,0.02,0.000732421875,0.02,2.0,4.0,0.23846677300462452,,M1,0.24196733361120995,,2.0,0.0,1.4679448052570265,,0.6230587571676295
ising,small,sigma,epsilon,12,0.46153846153846156,9744,1974,0,0.02,0.000732421875,0.02,2.0,4.0,0.23846677300462452,,M2,0.23851399023877753,14.301026494928513,2.0,0.0,0.019800340969133856,,0.024280562841667845
ising,small,sigma,epsilon,12,0.46153846153846156,9744,1974,0,0.02,0.000732421875,0.02,2.0,4.0,0.23846677300462452,,free,0.26051155388042874,,2.0174120456417723,0.8706022820886172,9.244382602257417,,0.24500772343284
ising,small,sigma,epsilon,13,0.4666666666666667,9744,1974,0,0.02,0.000732421875,0.02,2.0,4.0,0.2339461783961922,,M1,0.23738980754313857,,2.0,0.0,1.4719749519116032,,0.6247885500814563
ising,small,sigma,epsilon,13,0.4666666666666667,9744,1974,0,0.02,0.000732421875,0.02,2.0,4.0,0.2339461783961922,,M2,0.23399237739008966,14.069478008263681,2.0,0.0,0.01974770189201447,,0.02429854159008105
ising,small,sigma,epsilon,13,0.4666666666666667,9744,1974,0,0.02,0.000732421875,0.02,2.0,4.0,0.2339461783961922,,free,0.255636106638701,,2.017460853278068,0.8730426639034006,9.271332573672787,,0.24568105212686603
ising,small,sigma,epsilon,14,0.4717948717948718,9744,1974,0,0.02,0.000732421875,0.02,2.0,4.0,0.22946884306630946,,M1,0.2328558255353093,,2.0,0.0,1.4760097378540893,,0.6265203786540838
ising,small,sigma,epsilon,14,0.4717948717948718,9744,1974,0,0.02,0.000732421875,0.02,2.0,4.0,0.22946884306630946,,M2,0.2295140359994784,13.83905842491719,2.0,0.0,0.019694583615370576,,0.02431651128618976
ising,small,sigma,epsilon,14,0.4717948717948718,9744,1974,0,0.02,0.000732421875,0.02,2.0,4.0,0.22946884306630946,,free,0.2508055930466548,,2.017509719535398,0.8754859767698964,9.298321155600053,,0.2463552224303946
ising,small,sigma,epsilon,15,0.47692307692307695,9744,1974,0,0.02,0.000732421875,0.02,2.0,4.0,0.2250347670149762,,M1,0.22836539220740784,,2.0,0.0,1.4800491660073023,,0.6282542443845353
ising,small,sigma,epsilon,15,0.47692307692307695,9744,1974,0,0.02,0.000732421875,0.02,2.0,4.0,0.2250347670149762,,M2,0.2250789660584472,13.609786911171547,2.0,0.0,0.01964098439422024,,0.0243344721126131
ising,small,sigma,epsilon,15,0.47692307692307695,9744,1974,0,0.02,0.000732421875,0.02,2.0,4.0,0.2250347670149762,,free,0.24602004335795627,,2.0175586447505136,0.8779322375256804,9.32534853229301,,0.24703023511299146
ising,small,sigma,epsilon,16,0.48205128205128206,9744,1974,0,0.02,0.000732421875,0.02,2.0,4.0,0.2206439502421927,,M1,0.22391851219066136,,2.0,0.0,1.4840932392999218,,0.6299901487770699
ising,small,sigma,epsilon,16,0.48205128205128206,9744,1974,0,0.02,0.000732421875,0.02,2.0,4.0,0.2206439502421927,,M2,0.22068716755754478,13.381682685059712,2.0,0.0,0.019586902475521306,,0.024352424257503065
ising,small,sigma,epsilon,16,0.48205128205128206,9744,1974,0,0.02,0.000732421875,0.02,2.0,4.0,0.2206439502421927,,free,0.24127948726718376,,2.017607628647555,0.8803814323777415,9.352414603863025,,0.2477060909488126
ising,small,sigma,epsilon,17,0.48717948717948717,9744,1974,0,0.02,0.000732421875,0.02,2.0,4.0,0.2162963927479587,,M1,0.21951519012784215,,2.0,0.0,1.4881419606632917,,0.6317280933413476
ising,small,sigma,epsilon,17,0.48717948717948717,9744,1974,0,0.02,0.000732421875,0.02,2.0,4.0,0.2162963927479587,,M2,0.21633864048634996,13.154765016442017,2.0,0.0,0.01953233609424121,,0.024370367911164308
ising,small,sigma,epsilon,17,0.48717948717948717,9744,1974,0,0.02,0.000732421875,0.02,2.0,4.0,0.2162963927479587,,free,0.23658395588461778,,2.0176566722450167,0.8828336122508329,9.379519870356479,,0.2483827907160102
ising,small,sigma,epsilon,18,0.49230769230769234,9744,1974,0,0.02,0.000732421875,0.02,2.0,4.0,0.21199209453227436,,M1,0.21515543067329404,,2.0,0.0,1.4921953330377935,,0.6334680795885995
ising,small,sigma,epsilon,18,0.49230769230769234,9744,1974,0,0.02,0.000732421875,0.02,2.0,4.0,0.21199209453227436,,M2,0.21203338483349932,12.929053226999637,2.0,0.0,0.019477283488367192,,0.024388303266009728
ising,small,sigma,epsilon,18,0.49230769230769234,9744,1974,0,0.02,0.000732421875,0.02,2.0,4.0,0.21199209453227436,,free,0.23193347810257717,,2.0177057742892797,0.8852887144639832,9.4066637788075,,0.2490603351929575
ising,small,sigma,epsilon,19,0.49743589743589745,9744,1974,0,0.02,0.000732421875,0.02,2.0,4.0,0.2077310555951396,,M1,0.21083923849293684,,2.0,0.0,1.4962533593700922,,0.635210109031736
ising,small,sigma,epsilon,19,0.49743589743589745,9744,1974,0,0.02,0.000732421875,0.02,2.0,4.0,0.2077310555951396,,M2,0.2077714005866729,12.70456669031545,2.0,0.0,0.019421742896219563,,0.02440623051627997
ising,small,sigma,epsilon,19,0.49743589743589745,9744,1974,0,0.02,0.000732421875,0.02,2.0,4.0,0.2077310555951396,,free,0.22732808553030792,,2.0177549361444647,0.8877468072232331,9.433846989812755,,0.24973872515771642
ising,small,sigma,epsilon,20,0.5025641025641026,9744,1974,0,0.02,0.000732421875,0.02,2.0,4.0,0.2035132759365544,,M1,0.20656661826427175,,2.0,0.0,1.5003160426100282,,0.636954183191052
ising,small,sigma,epsilon,20,0.5025641025641026,9744,1974,0,0.02,0.000732421875,0.02,2.0,4.0,0.2035132759365544,,M2,0.20355268773255344,12.481324832061967,2.0,0.0,0.019365712540198032,,0.024424149861739505
ising,small,sigma,epsilon,20,0.5025641025641026,9744,1974,0,0.02,0.000732421875,0.02,2.0,4.0,0.2035132759365544,,free,0.22276780728818227,,2.0178041565498637,0.8902078274931835,9.461068946494922,,0.25041796139549954
ising,small,sigma,epsilon,21,0.5076923076923077,9744,1974,0,0.02,0.000732421875,0.02,2.0,4.0,0.1993387555565188,,M1,0.2023375746764022,,2.0,0.0,1.5043833857150357,,0.6387003035892203
ising,small,sigma,epsilon,21,0.5076923076923077,9744,1974,0,0.02,0.000732421875,0.02,2.0,4.0,0.1993387555565188,,M2,0.1993772462568534,12.25934712997785,2.0,0.0,0.01930919064239145,,0.024442061501994312
ising,small,sigma,epsilon,21,0.5076923076923077,9744,1974,0,0.02,0.000732421875,0.02,2.0,4.0,0.1993387555565188,,free,0.21825267508865873,,2.017853436833378,0.8926718416689017,9.488330294495718,,0.2510980446919297
ising,small,sigma,epsilon,22,0.5128205128205128,9744,1974,0,0.02,0.000732421875,0.02,2.0,4.0,0.19520749445503283,,M1,0.19815211243004255,,2.0,0.0,1.5084553916489218,,0.6404484717501535
ising,small,sigma,epsilon,22,0.5128205128205128,9744,1974,0,0.02,0.000732421875,0.02,2.0,4.0,0.19520749445503283,,M2,0.19524507614431047,12.038653113921178,2.0,0.0,0.019252175426243134,,0.024459965640622944
ising,small,sigma,epsilon,22,0.5128205128205128,9744,1974,0,0.02,0.000732421875,0.02,2.0,4.0,0.19520749445503283,,free,0.21378271861486858,,2.017902776094512,0.8951388047256037,9.515630643020568,,0.2517789758320676
ising,small,sigma,epsilon,23,0.517948717948718,9744,1974,0,0.02,0.000732421875,0.02,2.0,4.0,0.19111949263209635,,M1,0.19401023623752522,,2.0,0.0,1.5125320633796013,,0.6421986892059304
ising,small,sigma,epsilon,23,0.517948717948718,9744,1974,0,0.02,0.000732421875,0.02,2.0,4.0,0.19111949263209635,,M2,0.19115617737864482,11.819262366077583,2.0,0.0,0.01919466509838763,,0.02447786248537551
ising,small,sigma,epsilon,23,0.517948717948718,9744,1974,0,0.02,0.000732421875,0.02,2.0,4.0,0.19111949263209635,,free,0.20935796855055802,,2.0179521743710485,0.8976087185524229,9.54297003789697,,0.2524607556087288
ising,small,sigma,epsilon,24,0.5230769230769231,9744,1974,0,0.02,0.000732421875,0.02,2.0,4.0,0.18707475008770952,,M1,0.189911950822816,,2.0,0.0,1.5166134038806733,,0.6439509574863055
ising,small,sigma,epsilon,24,0.5230769230769231,9744,1974,0,0.02,0.000732421875,0.02,2.0,4.0,0.18707475008770952,,M2,0.18711054994260276,11.601194520841053,2.0,0.0,0.01913665787416363,,0.024495752244394584
ising,small,sigma,epsilon,24,0.5230769230769231,9744,1974,0,0.02,0.000732421875,0.02,2.0,4.0,0.18707475008770952,,free,0.20497845623152852,,2.0180016323401757,0.9000816170087855,9.570348823357989,,0.2531433848113002
ising,small,sigma,epsilon,25,0.5282051282051282,9744,1974,0,0.02,0.000732421875,0.02,2.0,4.0,0.18307326682187228,,M1,0.18585726092153643,,2.0,0.0,1.5206994161375498,,0.6457052781308142
ising,small,sigma,epsilon,25,0.5282051282051282,9744,1974,0,0.02,0.000732421875,0.02,2.0,4.0,0.18307326682187228,,M2,0.18310819381790697,11.384469265113665,2.0,0.0,0.019078151955786993,,0.024513635130194986
ising,small,sigma,epsilon,25,0.5282051282051282,9744,1974,0,0.02,0.000732421875,0.02,2.0,4.0,0.18307326682187228,,free,0.20064421256551823,,2.0180511501263414,0.9025575063170699,9.597767084553222,,0.25382686423532885
ising,small,sigma,epsilon,26,0.5333333333333333,9744,1974,0,0.02,0.000732421875,0.02,2.0,4.0,0.17911504283458465,,M1,0.18184617128094976,,2.0,0.0,1.524790103133511,,0.6474616526765441
ising,small,sigma,epsilon,26,0.5333333333333333,9744,1974,0,0.02,0.000732421875,0.02,2.0,4.0,0.17911504283458465,,M2,0.1791491089852779,11.169106338159562,2.0,0.0,0.019019145546983474,,0.024531511356762098
ising,small,sigma,epsilon,26,0.5333333333333333,9744,1974,0,0.02,0.000732421875,0.02,2.0,4.0,0.17911504283458465,,free,0.19635526788191152,,2.0181007270485805,0.9050363524290228,9.625224534183019,,0.25451119467462535
ising,small,sigma,epsilon,27,0.5384615384615384,9744,1974,0,0.02,0.000732421875,0.02,2.0,4.0,0.17520007812584662,,M1,0.17787868665999587,,2.0,0.0,1.5288854678621844,,0.6492200826693234
ising,small,sigma,epsilon,27,0.5384615384615384,9744,1974,0,0.02,0.000732421875,0.02,2.0,4.0,0.17520007812584662,,M2,0.1752332954244013,10.955125531882015,2.0,0.0,0.01895963683922197,,0.024549381142398206
ising,small,sigma,epsilon,27,0.5384615384615384,9744,1974,0,0.02,0.000732421875,0.02,2.0,4.0,0.17520007812584662,,free,0.1921116535375916,,2.018150363508013,0.9075181754006456,9.652721387257234,,0.25519637693039304
ising,small,sigma,epsilon,28,0.5435897435897435,9744,1974,0,0.02,0.000732421875,0.02,2.0,4.0,0.17132837269565818,,M1,0.1739548118292946,,2.0,0.0,1.5329855133229708,,0.6509805696563274
ising,small,sigma,epsilon,28,0.5435897435897435,9744,1974,0,0.02,0.000732421875,0.02,2.0,4.0,0.17132837269565818,,M2,0.17136075311394502,10.742546690769409,2.0,0.0,0.0188996240245487,,0.024567244708807043
ising,small,sigma,epsilon,28,0.5435897435897435,9744,1974,0,0.02,0.000732421875,0.02,2.0,4.0,0.17132837269565818,,free,0.1879134004571343,,2.0182000592782376,0.9100029639118823,9.680257566525308,,0.2558824118023992
ising,small,sigma,epsilon,29,0.5487179487179488,9744,1974,0,0.02,0.000732421875,0.02,2.0,4.0,0.16749992654401924,,M1,0.1700745515711547,,2.0,0.0,1.537090242519512,,0.6527431151869433
ising,small,sigma,epsilon,29,0.5487179487179488,9744,1974,0,0.02,0.000732421875,0.02,2.0,4.0,0.16749992654401924,,M2,0.1675314820315444,10.531389711992578,2.0,0.0,0.018839105291701408,,0.024585102277691076
ising,small,sigma,epsilon,29,0.5487179487179488,9744,1974,0,0.02,0.000732421875,0.02,2.0,4.0,0.16749992654401924,,free,0.18376054054210653,,2.0182498152344657,0.9124907617232836,9.707833509893504,,0.2565693000928145
ising,small,sigma,epsilon,30,0.5538461538461539,9744,1974,0,0.02,0.000732421875,0.02,2.0,4.0,0.16371473967092998,,M1,0.16623791067959462,,2.0,0.0,1.5411996584646426,,0.6545077208176533
ising,small,sigma,epsilon,30,0.5538461538461539,9744,1974,0,0.02,0.000732421875,0.02,2.0,4.0,0.16371473967092998,,M2,0.16374548215378554,10.321674545559166,2.0,0.0,0.018778078820114175,,0.024602954077434628
ising,small,sigma,epsilon,30,0.5538461538461539,9744,1974,0,0.02,0.000732421875,0.02,2.0,4.0,0.16371473967092998,,free,0.17965310446528326,,2.018299630599781,0.9149815299890562,9.735448882849361,,0.25725704260785
ising,small,sigma,epsilon,31,0.558974358974359,9744,1974,0,0.02,0.000732421875,0.02,2.0,4.0,0.1599728120763903,,M1,0.16244489396034317,,2.0,0.0,1.5453137641741277,,0.6562743881066603
ising,small,sigma,epsilon,31,0.558974358974359,9744,1974,0,0.02,0.000732421875,0.02,2.0,4.0,0.1599728120763903,,M2,0.1600027534562082,10.113421194305431,2.0,0.0,0.01871654278577939,,0.02462080033651322
ising,small,sigma,epsilon,31,0.558974358974359,9744,1974,0,0.02,0.000732421875,0.02,2.0,4.0,0.1599728120763903,,free,0.17559112366377821,,2.0183495054142635,0.917475270713175,9.763103732857958,,0.25794564015554133
ising,small,sigma,epsilon,32,0.5641025641025641,9744,1974,0,0.02,0.000732421875,0.02,2.0,4.0,0.15627414376040022,,M1,0.1586955062308571,,2.0,0.0,1.5494325626696837,,0.6580431186136032
ising,small,sigma,epsilon,32,0.5641025641025641,9744,1974,0,0.02,0.000732421875,0.02,2.0,4.0,0.15627414376040022,,M2,0.1563032959133049,9.906649713971968,2.0,0.0,0.018654495365133528,,0.024638641287605685
ising,small,sigma,epsilon,32,0.5641025641025641,9744,1974,0,0.02,0.000732421875,0.02,2.0,4.0,0.15627414376040022,,free,0.17157463003808357,,2.0183994402200804,0.9199720110040221,9.790798342905704,,0.2586350935434002
ising,small,sigma,epsilon,33,0.5692307692307692,9744,1974,0,0.02,0.000732421875,0.02,2.0,4.0,0.1526187347229597,,M1,0.15498975232034112,,2.0,0.0,1.553556056984351,,0.6598139139079097
ising,small,sigma,epsilon,33,0.5692307692307692,9744,1974,0,0.02,0.000732421875,0.02,2.0,4.0,0.1526187347229597,,M2,0.15264710949849145,9.701380213409914,2.0,0.0,0.01859193472102394,,0.024656477167455407
ising,small,sigma,epsilon,33,0.5692307692307692,9744,1974,0,0.02,0.000732421875,0.02,2.0,4.0,0.1526187347229597,,free,0.1676036550992506,,2.018449434931101,0.9224717465550425,9.818532700780281,,0.259325403586727
ising,small,sigma,epsilon,34,0.5743589743589743,9744,1974,0,0.02,0.000732421875,0.02,2.0,4.0,0.14900658496406882,,M1,0.15132763706973895,,2.0,0.0,1.5576842501489496,,0.6615867755549999
ising,small,sigma,epsilon,34,0.5743589743589743,9744,1974,0,0.02,0.000732421875,0.02,2.0,4.0,0.14900658496406882,,M2,0.14903419418412875,9.49763285445162,2.0,0.0,0.01852885902096091,,0.02467430821285585
ising,small,sigma,epsilon,34,0.5743589743589743,9744,1974,0,0.02,0.000732421875,0.02,2.0,4.0,0.14900658496406882,,free,0.16367823049239075,,2.018499489498663,0.9249744749331601,9.846306813796058,,0.26001657109664494
ising,small,sigma,epsilon,35,0.5794871794871795,9744,1974,0,0.02,0.000732421875,0.02,2.0,4.0,0.14543769448372743,,M1,0.14770916533176973,,2.0,0.0,1.5618171452081553,,0.6633617051313592
ising,small,sigma,epsilon,35,0.5794871794871795,9744,1974,0,0.02,0.000732421875,0.02,2.0,4.0,0.14543769448372743,,M2,0.14546454994148672,9.295427852212498,2.0,0.0,0.01846526641846591,,0.024692134667313195
ising,small,sigma,epsilon,35,0.5794871794871795,9744,1974,0,0.02,0.000732421875,0.02,2.0,4.0,0.14543769448372743,,free,0.15979838813109243,,2.0185496041254973,0.9274802062748666,9.874120803648868,,0.2607085968922699
ising,small,sigma,epsilon,36,0.5846153846153846,9744,1974,0,0.02,0.000732421875,0.02,2.0,4.0,0.14191206328193573,,M1,0.1441343419709214,,2.0,0.0,1.5659547452077316,,0.6651387042111105
ising,small,sigma,epsilon,36,0.5846153846153846,9744,1974,0,0.02,0.000732421875,0.02,2.0,4.0,0.14191206328193573,,M2,0.1419381767407651,9.094785474976806,2.0,0.0,0.018401155071279263,,0.024709956773392095
ising,small,sigma,epsilon,36,0.5846153846153846,9744,1974,0,0.02,0.000732421875,0.02,2.0,4.0,0.14191206328193573,,free,0.15596415970276994,,2.0185997785311836,0.9299889265591776,9.901974572039741,,0.26140148179047523
ising,small,sigma,epsilon,37,0.5897435897435898,9744,1974,0,0.02,0.000732421875,0.02,2.0,4.0,0.1384296913586936,,M1,0.14060317186347104,,2.0,0.0,1.5700970532005476,,0.6669177743754147
ising,small,sigma,epsilon,37,0.5897435897435898,9744,1974,0,0.02,0.000732421875,0.02,2.0,4.0,0.1384296913586936,,M2,0.13845507455106273,8.895726044409633,2.0,0.0,0.01833652312592804,,0.02472777478114646
ising,small,sigma,epsilon,37,0.5897435897435898,9744,1974,0,0.02,0.000732421875,0.02,2.0,4.0,0.1384296913586936,,free,0.15217557741354387,,2.018650013069645,0.9325006534822489,9.929868310717005,,0.26209522661367596
ising,small,sigma,epsilon,38,0.5948717948717949,9744,1974,0,0.02,0.000732421875,0.02,2.0,4.0,0.13499057871400105,,M1,0.13711565989750238,,2.0,0.0,1.5742440722501527,,0.6686989172088436
ising,small,sigma,epsilon,38,0.5948717948717949,9744,1974,0,0.02,0.000732421875,0.02,2.0,4.0,0.13499057871400105,,M2,0.13501524334038717,8.698269935588081,2.0,0.0,0.0182713687288949,,0.024745588940234865
ising,small,sigma,epsilon,38,0.5948717948717949,9744,1974,0,0.02,0.000732421875,0.02,2.0,4.0,0.13499057871400105,,free,0.14843267355602507,,2.018700308102785,0.9350154051392501,9.957802218555734,,0.26278983218366503
ising,small,sigma,epsilon,39,0.6,9744,1974,0,0.02,0.000732421875,0.02,2.0,4.0,0.13159472534785813,,M1,0.1336718109728994,,2.0,0.0,1.5783958054174985,,0.6704821342988395
ising,small,sigma,epsilon,39,0.6,9744,1974,0,0.02,0.000732421875,0.02,2.0,4.0,0.13159472534785813,,M2,0.13161868307563196,8.502437577071095,2.0,0.0,0.0182056900156935,,0.02476339950588462
ising,small,sigma,epsilon,39,0.6,9744,1974,0,0.02,0.000732421875,0.02,2.0,4.0,0.13159472534785813,,free,0.14473547980436285,,2.0187506628602905,0.937533143014524,9.98577596614787,,0.2634852993283965
